route_id,time_period,scheduled_trips_in_period,mean_start_hour,route_short_name,total_trips,average_stops,max_stops_per_trip,average_trip_duration,shape_count,direction_count,unique_stops,evening_trip_count,midday_trip_count,morning_trip_count,offpeak_trip_count,stops_per_minute,route_complexity,period_hours,trips_per_hour,buses_required_proxy,operational_intensity,activity_class,hist_revenue_records,hist_avg_revenue_per_trip,hist_total_revenue,has_revenue_history
100,Evening Peak,26,17.6154,100,125,51.456,52,77.3551,2,2,95,26,42,29,28,0.6652,1.8462,4,6.5,8.3801,8.3801,High,0,,,0
100,Midday,42,12.5,100,125,51.456,52,77.3551,2,2,95,26,42,29,28,0.6652,1.8462,6,7.0,9.0248,9.0248,High,0,,,0
100,Morning Peak,29,7.5172,100,125,51.456,52,77.3551,2,2,95,26,42,29,28,0.6652,1.8462,4,7.25,9.3471,9.3471,High,0,,,0
100,Off Peak,28,18.8929,100,125,51.456,52,77.3551,2,2,95,26,42,29,28,0.6652,1.8462,14,2.0,2.5785,2.5785,Medium,0,,,0
103,Evening Peak,34,17.5294,103,161,35.0,35,43.642,2,2,67,34,56,36,35,0.802,1.9143,4,8.5,6.1826,6.1826,High,0,,,0
103,Midday,56,12.5,103,161,35.0,35,43.642,2,2,67,34,56,36,35,0.802,1.9143,6,9.3333,6.7888,6.7888,High,0,,,0
103,Morning Peak,36,7.8056,103,161,35.0,35,43.642,2,2,67,34,56,36,35,0.802,1.9143,4,9.0,6.5463,6.5463,High,0,,,0
103,Off Peak,35,19.3714,103,161,35.0,35,43.642,2,2,67,34,56,36,35,0.802,1.9143,14,2.5,1.8184,1.8184,Medium,0,,,0
103M,Evening Peak,0,18.0,103M,4,35.0,35,43.6417,2,2,67,0,3,1,0,0.802,1.9143,4,0.0,0.0,0.0,Low,0,,,0
103M,Midday,3,11.6667,103M,4,35.0,35,43.6417,2,2,67,0,3,1,0,0.802,1.9143,6,0.5,0.3637,0.3637,Low,0,,,0
103M,Morning Peak,1,9.0,103M,4,35.0,35,43.6417,2,2,67,0,3,1,0,0.802,1.9143,4,0.25,0.1818,0.1818,Low,0,,,0
103M,Off Peak,0,22.0,103M,4,35.0,35,43.6417,2,2,67,0,3,1,0,0.802,1.9143,14,0.0,0.0,0.0,Low,0,,,0
104,Evening Peak,8,17.75,104,44,44.5,45,52.1417,2,2,85,8,18,11,7,0.8534,1.9101,4,2.0,1.7381,1.7381,Medium,0,,,0
104,Midday,18,12.5556,104,44,44.5,45,52.1417,2,2,85,8,18,11,7,0.8534,1.9101,6,3.0,2.6071,2.6071,High,0,,,0
104,Morning Peak,11,7.9091,104,44,44.5,45,52.1417,2,2,85,8,18,11,7,0.8534,1.9101,4,2.75,2.3898,2.3898,High,0,,,0
104,Off Peak,7,18.8571,104,44,44.5,45,52.1417,2,2,85,8,18,11,7,0.8534,1.9101,14,0.5,0.4345,0.4345,Low,0,,,0
107,Evening Peak,2,18.0,107,10,57.0,57,72.6,2,2,111,2,4,3,1,0.7851,1.9474,4,0.5,0.605,0.605,Low,0,,,0
107,Midday,4,12.75,107,10,57.0,57,72.6,2,2,111,2,4,3,1,0.7851,1.9474,6,0.6667,0.8067,0.8067,Low,0,,,0
107,Morning Peak,3,7.3333,107,10,57.0,57,72.6,2,2,111,2,4,3,1,0.7851,1.9474,4,0.75,0.9075,0.9075,Low,0,,,0
107,Off Peak,1,5.0,107,10,57.0,57,72.6,2,2,111,2,4,3,1,0.7851,1.9474,14,0.0714,0.0864,0.0864,Low,0,,,0
108,Evening Peak,0,18.0,108,6,28.5,29,31.8167,2,2,56,0,3,3,0,0.8958,1.9649,4,0.0,0.0,0.0,Low,0,,,0
108,Midday,3,11.0,108,6,28.5,29,31.8167,2,2,56,0,3,3,0,0.8958,1.9649,6,0.5,0.2651,0.2651,Low,0,,,0
108,Morning Peak,3,8.0,108,6,28.5,29,31.8167,2,2,56,0,3,3,0,0.8958,1.9649,4,0.75,0.3977,0.3977,Low,0,,,0
108,Off Peak,0,22.0,108,6,28.5,29,31.8167,2,2,56,0,3,3,0,0.8958,1.9649,14,0.0,0.0,0.0,Low,0,,,0
11,Evening Peak,18,17.7222,11,83,42.0,42,50.4952,2,2,82,18,31,15,19,0.8318,1.9524,4,4.5,3.7871,3.7871,High,0,,,0
11,Midday,31,12.6774,11,83,42.0,42,50.4952,2,2,82,18,31,15,19,0.8318,1.9524,6,5.1667,4.3482,4.3482,High,0,,,0
11,Morning Peak,15,7.6,11,83,42.0,42,50.4952,2,2,82,18,31,15,19,0.8318,1.9524,4,3.75,3.1559,3.1559,High,0,,,0
11,Off Peak,19,18.6316,11,83,42.0,42,50.4952,2,2,82,18,31,15,19,0.8318,1.9524,14,1.3571,1.1422,1.1422,Medium,0,,,0
111M,Evening Peak,3,17.0,111M,15,37.1333,39,52.7456,2,2,74,3,5,4,3,0.704,1.9928,4,0.75,0.6593,0.6593,Low,0,,,0
111M,Midday,5,12.6,111M,15,37.1333,39,52.7456,2,2,74,3,5,4,3,0.704,1.9928,6,0.8333,0.7326,0.7326,Medium,0,,,0
111M,Morning Peak,4,7.5,111M,15,37.1333,39,52.7456,2,2,74,3,5,4,3,0.704,1.9928,4,1.0,0.8791,0.8791,Medium,0,,,0
111M,Off Peak,3,15.3333,111M,15,37.1333,39,52.7456,2,2,74,3,5,4,3,0.704,1.9928,14,0.2143,0.1884,0.1884,Low,0,,,0
113,Evening Peak,5,17.2,113,20,26.5,27,35.0,2,2,50,5,6,5,4,0.7571,1.8868,4,1.25,0.7292,0.7292,Medium,0,,,0
113,Midday,6,12.6667,113,20,26.5,27,35.0,2,2,50,5,6,5,4,0.7571,1.8868,6,1.0,0.5833,0.5833,Medium,0,,,0
113,Morning Peak,5,7.6,113,20,26.5,27,35.0,2,2,50,5,6,5,4,0.7571,1.8868,4,1.25,0.7292,0.7292,Medium,0,,,0
113,Off Peak,4,17.0,113,20,26.5,27,35.0,2,2,50,5,6,5,4,0.7571,1.8868,14,0.2857,0.1667,0.1667,Low,0,,,0
114,Evening Peak,21,17.381,114,116,43.0,43,50.4733,2,2,82,21,41,36,18,0.8519,1.907,4,5.25,4.4164,4.4164,High,0,,,0
114,Midday,41,11.9024,114,116,43.0,43,50.4733,2,2,82,21,41,36,18,0.8519,1.907,6,6.8333,5.7483,5.7483,High,0,,,0
114,Morning Peak,36,7.8611,114,116,43.0,43,50.4733,2,2,82,21,41,36,18,0.8519,1.907,4,9.0,7.571,7.571,High,0,,,0
114,Off Peak,18,17.2222,114,116,43.0,43,50.4733,2,2,82,21,41,36,18,0.8519,1.907,14,1.2857,1.0816,1.0816,Medium,0,,,0
115,Evening Peak,18,17.6111,115,89,54.9888,56,85.3536,2,2,106,18,30,22,19,0.6442,1.9277,4,4.5,6.4015,6.4015,High,0,,,0
115,Midday,30,12.4,115,89,54.9888,56,85.3536,2,2,106,18,30,22,19,0.6442,1.9277,6,5.0,7.1128,7.1128,High,0,,,0
115,Morning Peak,22,7.5909,115,89,54.9888,56,85.3536,2,2,106,18,30,22,19,0.6442,1.9277,4,5.5,7.8241,7.8241,High,0,,,0
115,Off Peak,19,15.7895,115,89,54.9888,56,85.3536,2,2,106,18,30,22,19,0.6442,1.9277,14,1.3571,1.9306,1.9306,Medium,0,,,0
117,Evening Peak,28,17.5357,117,160,31.9875,33,35.6964,2,2,61,28,53,40,39,0.8961,1.907,4,7.0,4.1646,4.1646,High,0,,,0
117,Midday,53,12.6415,117,160,31.9875,33,35.6964,2,2,61,28,53,40,39,0.8961,1.907,6,8.8333,5.2553,5.2553,High,0,,,0
117,Morning Peak,40,7.575,117,160,31.9875,33,35.6964,2,2,61,28,53,40,39,0.8961,1.907,4,10.0,5.9494,5.9494,High,0,,,0
117,Off Peak,39,16.1282,117,160,31.9875,33,35.6964,2,2,61,28,53,40,39,0.8961,1.907,14,2.7857,1.6573,1.6573,High,0,,,0
118,Evening Peak,2,19.0,118,36,20.4167,22,22.3764,2,2,40,2,16,4,14,0.9124,1.9592,4,0.5,0.1865,0.1865,Low,0,,,0
118,Midday,16,13.0625,118,36,20.4167,22,22.3764,2,2,40,2,16,4,14,0.9124,1.9592,6,2.6667,0.9945,0.9945,Medium,0,,,0
118,Morning Peak,4,8.25,118,36,20.4167,22,22.3764,2,2,40,2,16,4,14,0.9124,1.9592,4,1.0,0.3729,0.3729,Medium,0,,,0
118,Off Peak,14,20.2857,118,36,20.4167,22,22.3764,2,2,40,2,16,4,14,0.9124,1.9592,14,1.0,0.3729,0.3729,Medium,0,,,0
118A,Evening Peak,5,17.0,118A,15,18.4,20,20.3222,2,2,36,5,4,6,0,0.9054,1.9565,4,1.25,0.4234,0.4234,Medium,0,,,0
118A,Midday,4,11.0,118A,15,18.4,20,20.3222,2,2,36,5,4,6,0,0.9054,1.9565,6,0.6667,0.2258,0.2258,Low,0,,,0
118A,Morning Peak,6,8.0,118A,15,18.4,20,20.3222,2,2,36,5,4,6,0,0.9054,1.9565,4,1.5,0.5081,0.5081,Medium,0,,,0
118A,Off Peak,0,22.0,118A,15,18.4,20,20.3222,2,2,36,5,4,6,0,0.9054,1.9565,14,0.0,0.0,0.0,Low,0,,,0
119,Evening Peak,28,17.5714,119,130,43.5,44,63.0833,2,2,84,28,48,29,25,0.6896,1.931,4,7.0,7.3597,7.3597,High,0,,,0
119,Midday,48,12.5417,119,130,43.5,44,63.0833,2,2,84,28,48,29,25,0.6896,1.931,6,8.0,8.4111,8.4111,High,0,,,0
119,Morning Peak,29,7.6552,119,130,43.5,44,63.0833,2,2,84,28,48,29,25,0.6896,1.931,4,7.25,7.6226,7.6226,High,0,,,0
119,Off Peak,25,19.92,119,130,43.5,44,63.0833,2,2,84,28,48,29,25,0.6896,1.931,14,1.7857,1.8775,1.8775,Medium,0,,,0
119A,Evening Peak,3,17.6667,119A,10,45.0,46,64.0833,2,2,85,3,3,3,1,0.7022,1.8889,4,0.75,0.801,0.801,Low,0,,,0
119A,Midday,3,11.6667,119A,10,45.0,46,64.0833,2,2,85,3,3,3,1,0.7022,1.8889,6,0.5,0.534,0.534,Low,0,,,0
119A,Morning Peak,3,7.6667,119A,10,45.0,46,64.0833,2,2,85,3,3,3,1,0.7022,1.8889,4,0.75,0.801,0.801,Low,0,,,0
119A,Off Peak,1,21.0,119A,10,45.0,46,64.0833,2,2,85,3,3,3,1,0.7022,1.8889,14,0.0714,0.0763,0.0763,Low,0,,,0
11A,Evening Peak,0,18.0,11A,4,48.0,48,56.975,2,2,92,0,1,3,0,0.8425,1.9167,4,0.0,0.0,0.0,Low,0,,,0
11A,Midday,1,10.0,11A,4,48.0,48,56.975,2,2,92,0,1,3,0,0.8425,1.9167,6,0.1667,0.1583,0.1583,Low,0,,,0
11A,Morning Peak,3,7.3333,11A,4,48.0,48,56.975,2,2,92,0,1,3,0,0.8425,1.9167,4,0.75,0.7122,0.7122,Low,0,,,0
11A,Off Peak,0,22.0,11A,4,48.0,48,56.975,2,2,92,0,1,3,0,0.8425,1.9167,14,0.0,0.0,0.0,Low,0,,,0
11C,Evening Peak,3,17.6667,11C,18,46.0,46,59.4,2,2,89,3,7,6,2,0.7744,1.9348,4,0.75,0.7425,0.7425,Low,0,,,0
11C,Midday,7,11.8571,11C,18,46.0,46,59.4,2,2,89,3,7,6,2,0.7744,1.9348,6,1.1667,1.155,1.155,Medium,0,,,0
11C,Morning Peak,6,7.1667,11C,18,46.0,46,59.4,2,2,89,3,7,6,2,0.7744,1.9348,4,1.5,1.485,1.485,Medium,0,,,0
11C,Off Peak,2,12.5,11C,18,46.0,46,59.4,2,2,89,3,7,6,2,0.7744,1.9348,14,0.1429,0.1414,0.1414,Low,0,,,0
12,Evening Peak,4,17.5,12,14,28.5,29,35.6167,2,2,53,4,4,4,2,0.8002,1.8596,4,1.0,0.5936,0.5936,Medium,0,,,0
12,Midday,4,12.5,12,14,28.5,29,35.6167,2,2,53,4,4,4,2,0.8002,1.8596,6,0.6667,0.3957,0.3957,Low,0,,,0
12,Morning Peak,4,7.5,12,14,28.5,29,35.6167,2,2,53,4,4,4,2,0.8002,1.8596,4,1.0,0.5936,0.5936,Medium,0,,,0
12,Off Peak,2,13.0,12,14,28.5,29,35.6167,2,2,53,4,4,4,2,0.8002,1.8596,14,0.1429,0.0848,0.0848,Low,0,,,0
120,Evening Peak,20,17.45,120,84,43.0,43,68.1667,2,2,81,20,28,20,16,0.6308,1.8837,4,5.0,5.6806,5.6806,High,0,,,0
120,Midday,28,12.7143,120,84,43.0,43,68.1667,2,2,81,20,28,20,16,0.6308,1.8837,6,4.6667,5.3019,5.3019,High,0,,,0
120,Morning Peak,20,7.7,120,84,43.0,43,68.1667,2,2,81,20,28,20,16,0.6308,1.8837,4,5.0,5.6806,5.6806,High,0,,,0
120,Off Peak,16,19.0625,120,84,43.0,43,68.1667,2,2,81,20,28,20,16,0.6308,1.8837,14,1.1429,1.2984,1.2984,Medium,0,,,0
121,Evening Peak,32,17.4375,121,143,29.4965,30,45.8744,2,2,58,32,52,40,19,0.643,1.9663,4,8.0,6.1166,6.1166,High,0,,,0
121,Midday,52,12.2885,121,143,29.4965,30,45.8744,2,2,58,32,52,40,19,0.643,1.9663,6,8.6667,6.6263,6.6263,High,0,,,0
121,Morning Peak,40,7.625,121,143,29.4965,30,45.8744,2,2,58,32,52,40,19,0.643,1.9663,4,10.0,7.6457,7.6457,High,0,,,0
121,Off Peak,19,17.3684,121,143,29.4965,30,45.8744,2,2,58,32,52,40,19,0.643,1.9663,14,1.3571,1.0376,1.0376,Medium,0,,,0
122,Evening Peak,8,17.375,122,33,34.0,34,52.6303,2,2,66,8,10,9,6,0.646,1.9412,4,2.0,1.7543,1.7543,Medium,0,,,0
122,Midday,10,12.0,122,33,34.0,34,52.6303,2,2,66,8,10,9,6,0.646,1.9412,6,1.6667,1.462,1.462,Medium,0,,,0
122,Morning Peak,9,7.4444,122,33,34.0,34,52.6303,2,2,66,8,10,9,6,0.646,1.9412,4,2.25,1.9736,1.9736,Medium,0,,,0
122,Off Peak,6,18.0,122,33,34.0,34,52.6303,2,2,66,8,10,9,6,0.646,1.9412,14,0.4286,0.3759,0.3759,Low,0,,,0
123,Evening Peak,21,17.5714,123,91,34.967,36,56.9929,2,2,68,21,27,20,23,0.6135,1.9447,4,5.25,4.9869,4.9869,High,0,,,0
123,Midday,27,12.1481,123,91,34.967,36,56.9929,2,2,68,21,27,20,23,0.6135,1.9447,6,4.5,4.2745,4.2745,High,0,,,0
123,Morning Peak,20,7.75,123,91,34.967,36,56.9929,2,2,68,21,27,20,23,0.6135,1.9447,4,5.0,4.7494,4.7494,High,0,,,0
123,Off Peak,23,19.0435,123,91,34.967,36,56.9929,2,2,68,21,27,20,23,0.6135,1.9447,14,1.6429,1.5605,1.5605,Medium,0,,,0
124,Evening Peak,3,17.6667,124,15,50.6,51,68.31,2,2,99,3,5,7,0,0.7407,1.9565,4,0.75,0.8539,0.8539,Low,0,,,0
124,Midday,5,11.8,124,15,50.6,51,68.31,2,2,99,3,5,7,0,0.7407,1.9565,6,0.8333,0.9488,0.9488,Medium,0,,,0
124,Morning Peak,7,7.5714,124,15,50.6,51,68.31,2,2,99,3,5,7,0,0.7407,1.9565,4,1.75,1.9924,1.9924,Medium,0,,,0
124,Off Peak,0,22.0,124,15,50.6,51,68.31,2,2,99,3,5,7,0,0.7407,1.9565,14,0.0,0.0,0.0,Low,0,,,0
126,Evening Peak,13,17.5385,126,49,48.0,48,64.0619,2,2,89,13,17,12,7,0.7493,1.8542,4,3.25,3.47,3.47,High,0,,,0
126,Midday,17,12.7059,126,49,48.0,48,64.0619,2,2,89,13,17,12,7,0.7493,1.8542,6,2.8333,3.0251,3.0251,High,0,,,0
126,Morning Peak,12,7.5833,126,49,48.0,48,64.0619,2,2,89,13,17,12,7,0.7493,1.8542,4,3.0,3.2031,3.2031,High,0,,,0
126,Off Peak,7,20.8571,126,49,48.0,48,64.0619,2,2,89,13,17,12,7,0.7493,1.8542,14,0.5,0.5338,0.5338,Low,0,,,0
13,Evening Peak,39,17.5385,13,157,25.0,25,29.7399,2,2,45,39,50,32,36,0.8406,1.8,4,9.75,4.8327,4.8327,High,0,,,0
13,Midday,50,12.2,13,157,25.0,25,29.7399,2,2,45,39,50,32,36,0.8406,1.8,6,8.3333,4.1305,4.1305,High,0,,,0
13,Morning Peak,32,7.6562,13,157,25.0,25,29.7399,2,2,45,39,50,32,36,0.8406,1.8,4,8.0,3.9653,3.9653,High,0,,,0
13,Off Peak,36,19.5,13,157,25.0,25,29.7399,2,2,45,39,50,32,36,0.8406,1.8,14,2.5714,1.2746,1.2746,Medium,0,,,0
130,Evening Peak,21,17.5714,130,81,21.0,21,27.7389,2,2,37,21,28,19,13,0.7571,1.7619,4,5.25,2.4272,2.4272,High,0,,,0
130,Midday,28,12.3571,130,81,21.0,21,27.7389,2,2,37,21,28,19,13,0.7571,1.7619,6,4.6667,2.1575,2.1575,High,0,,,0
130,Morning Peak,19,7.5789,130,81,21.0,21,27.7389,2,2,37,21,28,19,13,0.7571,1.7619,4,4.75,2.196,2.196,High,0,,,0
130,Off Peak,13,20.0,130,81,21.0,21,27.7389,2,2,37,21,28,19,13,0.7571,1.7619,14,0.9286,0.4293,0.4293,Medium,0,,,0
131,Evening Peak,3,17.3333,131,10,51.0,52,65.6,2,2,100,3,3,3,1,0.7774,1.9608,4,0.75,0.82,0.82,Low,0,,,0
131,Midday,3,12.3333,131,10,51.0,52,65.6,2,2,100,3,3,3,1,0.7774,1.9608,6,0.5,0.5467,0.5467,Low,0,,,0
131,Morning Peak,3,7.3333,131,10,51.0,52,65.6,2,2,100,3,3,3,1,0.7774,1.9608,4,0.75,0.82,0.82,Low,0,,,0
131,Off Peak,1,21.0,131,10,51.0,52,65.6,2,2,100,3,3,3,1,0.7774,1.9608,14,0.0714,0.0781,0.0781,Low,0,,,0
132,Evening Peak,4,17.5,132,30,21.5,22,30.6833,2,2,42,4,11,12,3,0.7007,1.9535,4,1.0,0.5114,0.5114,Medium,0,,,0
132,Midday,11,11.6364,132,30,21.5,22,30.6833,2,2,42,4,11,12,3,0.7007,1.9535,6,1.8333,0.9375,0.9375,Medium,0,,,0
132,Morning Peak,12,7.6667,132,30,21.5,22,30.6833,2,2,42,4,11,12,3,0.7007,1.9535,4,3.0,1.5342,1.5342,High,0,,,0
132,Off Peak,3,16.0,132,30,21.5,22,30.6833,2,2,42,4,11,12,3,0.7007,1.9535,14,0.2143,0.1096,0.1096,Low,0,,,0
133,Evening Peak,13,17.6923,133,54,24.5,25,34.5583,2,2,48,13,17,11,13,0.7089,1.9592,4,3.25,1.8719,1.8719,High,0,,,0
133,Midday,17,12.5294,133,54,24.5,25,34.5583,2,2,48,13,17,11,13,0.7089,1.9592,6,2.8333,1.6319,1.6319,High,0,,,0
133,Morning Peak,11,7.6364,133,54,24.5,25,34.5583,2,2,48,13,17,11,13,0.7089,1.9592,4,2.75,1.5839,1.5839,High,0,,,0
133,Off Peak,13,20.0,133,54,24.5,25,34.5583,2,2,48,13,17,11,13,0.7089,1.9592,14,0.9286,0.5348,0.5348,Medium,0,,,0
133A,Evening Peak,14,17.4286,133A,69,31.0,31,41.1196,2,2,59,14,24,17,14,0.7539,1.9032,4,3.5,2.3986,2.3986,High,0,,,0
133A,Midday,24,12.3333,133A,69,31.0,31,41.1196,2,2,59,14,24,17,14,0.7539,1.9032,6,4.0,2.7413,2.7413,High,0,,,0
133A,Morning Peak,17,7.7059,133A,69,31.0,31,41.1196,2,2,59,14,24,17,14,0.7539,1.9032,4,4.25,2.9126,2.9126,High,0,,,0
133A,Off Peak,14,17.5,133A,69,31.0,31,41.1196,2,2,59,14,24,17,14,0.7539,1.9032,14,1.0,0.6853,0.6853,Medium,0,,,0
135,Evening Peak,0,18.0,135,3,105.3333,106,188.2,2,2,165,0,2,0,1,0.5597,1.5665,4,0.0,0.0,0.0,Low,0,,,0
135,Midday,2,12.0,135,3,105.3333,106,188.2,2,2,165,0,2,0,1,0.5597,1.5665,6,0.3333,1.0456,1.0456,Low,0,,,0
135,Morning Peak,0,8.0,135,3,105.3333,106,188.2,2,2,165,0,2,0,1,0.5597,1.5665,4,0.0,0.0,0.0,Low,0,,,0
135,Off Peak,1,22.0,135,3,105.3333,106,188.2,2,2,165,0,2,0,1,0.5597,1.5665,14,0.0714,0.224,0.224,Low,0,,,0
136,Evening Peak,3,18.0,136,12,17.0,17,28.7417,2,2,34,3,5,4,0,0.5915,2.0,4,0.75,0.3593,0.3593,Low,0,,,0
136,Midday,5,12.0,136,12,17.0,17,28.7417,2,2,34,3,5,4,0,0.5915,2.0,6,0.8333,0.3992,0.3992,Medium,0,,,0
136,Morning Peak,4,8.0,136,12,17.0,17,28.7417,2,2,34,3,5,4,0,0.5915,2.0,4,1.0,0.479,0.479,Medium,0,,,0
136,Off Peak,0,22.0,136,12,17.0,17,28.7417,2,2,34,3,5,4,0,0.5915,2.0,14,0.0,0.0,0.0,Low,0,,,0
137,Evening Peak,3,17.6667,137,14,104.3571,105,190.9155,2,2,171,3,3,3,5,0.5466,1.6386,4,0.75,2.3864,2.3864,Low,0,,,0
137,Midday,3,14.3333,137,14,104.3571,105,190.9155,2,2,171,3,3,3,5,0.5466,1.6386,6,0.5,1.591,1.591,Low,0,,,0
137,Morning Peak,3,7.3333,137,14,104.3571,105,190.9155,2,2,171,3,3,3,5,0.5466,1.6386,4,0.75,2.3864,2.3864,Low,0,,,0
137,Off Peak,5,18.8,137,14,104.3571,105,190.9155,2,2,171,3,3,3,5,0.5466,1.6386,14,0.3571,1.1364,1.1364,Low,0,,,0
139,Evening Peak,14,17.6429,139,63,60.5079,61,97.3026,2,2,120,14,20,16,13,0.6219,1.9832,4,3.5,5.676,5.676,High,0,,,0
139,Midday,20,12.2,139,63,60.5079,61,97.3026,2,2,120,14,20,16,13,0.6219,1.9832,6,3.3333,5.4057,5.4057,High,0,,,0
139,Morning Peak,16,7.5,139,63,60.5079,61,97.3026,2,2,120,14,20,16,13,0.6219,1.9832,4,4.0,6.4868,6.4868,High,0,,,0
139,Off Peak,13,17.2308,139,63,60.5079,61,97.3026,2,2,120,14,20,16,13,0.6219,1.9832,14,0.9286,1.5059,1.5059,Medium,0,,,0
139A,Evening Peak,13,17.4615,139A,74,58.5,59,94.3917,2,2,105,13,26,19,16,0.6198,1.7949,4,3.25,5.1129,5.1129,High,0,,,0
139A,Midday,26,12.3077,139A,74,58.5,59,94.3917,2,2,105,13,26,19,16,0.6198,1.7949,6,4.3333,6.8172,6.8172,High,0,,,0
139A,Morning Peak,19,7.7368,139A,74,58.5,59,94.3917,2,2,105,13,26,19,16,0.6198,1.7949,4,4.75,7.4727,7.4727,High,0,,,0
139A,Off Peak,16,18.125,139A,74,58.5,59,94.3917,2,2,105,13,26,19,16,0.6198,1.7949,14,1.1429,1.7979,1.7979,Medium,0,,,0
140,Evening Peak,33,17.5455,140,124,28.5081,29,35.7733,2,2,55,33,39,29,23,0.7969,1.9293,4,8.25,4.9188,4.9188,High,0,,,0
140,Midday,39,12.2564,140,124,28.5081,29,35.7733,2,2,55,33,39,29,23,0.7969,1.9293,6,6.5,3.8754,3.8754,High,0,,,0
140,Morning Peak,29,7.5517,140,124,28.5081,29,35.7733,2,2,55,33,39,29,23,0.7969,1.9293,4,7.25,4.3226,4.3226,High,0,,,0
140,Off Peak,23,18.0435,140,124,28.5081,29,35.7733,2,2,55,33,39,29,23,0.7969,1.9293,14,1.6429,0.9795,0.9795,Medium,0,,,0
140A,Evening Peak,0,18.0,140A,4,31.0,31,38.1333,2,2,60,0,3,1,0,0.8129,1.9355,4,0.0,0.0,0.0,Low,0,,,0
140A,Midday,3,11.3333,140A,4,31.0,31,38.1333,2,2,60,0,3,1,0,0.8129,1.9355,6,0.5,0.3178,0.3178,Low,0,,,0
140A,Morning Peak,1,8.0,140A,4,31.0,31,38.1333,2,2,60,0,3,1,0,0.8129,1.9355,4,0.25,0.1589,0.1589,Low,0,,,0
140A,Off Peak,0,22.0,140A,4,31.0,31,38.1333,2,2,60,0,3,1,0,0.8129,1.9355,14,0.0,0.0,0.0,Low,0,,,0
141,Evening Peak,4,17.5,141,16,20.5,21,25.575,2,2,40,4,6,5,1,0.8016,1.9512,4,1.0,0.4262,0.4262,Medium,0,,,0
141,Midday,6,12.5,141,16,20.5,21,25.575,2,2,40,4,6,5,1,0.8016,1.9512,6,1.0,0.4262,0.4262,Medium,0,,,0
141,Morning Peak,5,7.6,141,16,20.5,21,25.575,2,2,40,4,6,5,1,0.8016,1.9512,4,1.25,0.5328,0.5328,Medium,0,,,0
141,Off Peak,1,20.0,141,16,20.5,21,25.575,2,2,40,4,6,5,1,0.8016,1.9512,14,0.0714,0.0304,0.0304,Low,0,,,0
142,Evening Peak,2,17.0,142,12,60.5,61,91.8833,2,2,115,2,4,4,2,0.6584,1.9008,4,0.5,0.7657,0.7657,Low,0,,,0
142,Midday,4,11.5,142,12,60.5,61,91.8833,2,2,115,2,4,4,2,0.6584,1.9008,6,0.6667,1.0209,1.0209,Low,0,,,0
142,Morning Peak,4,7.0,142,12,60.5,61,91.8833,2,2,115,2,4,4,2,0.6584,1.9008,4,1.0,1.5314,1.5314,Medium,0,,,0
142,Off Peak,2,12.5,142,12,60.5,61,91.8833,2,2,115,2,4,4,2,0.6584,1.9008,14,0.1429,0.2188,0.2188,Low,0,,,0
143,Evening Peak,6,17.6667,143,36,35.5,36,39.3,2,2,65,6,12,13,5,0.9033,1.831,4,1.5,0.9825,0.9825,Medium,0,,,0
143,Midday,12,12.5,143,36,35.5,36,39.3,2,2,65,6,12,13,5,0.9033,1.831,6,2.0,1.31,1.31,Medium,0,,,0
143,Morning Peak,13,7.4615,143,36,35.5,36,39.3,2,2,65,6,12,13,5,0.9033,1.831,4,3.25,2.1287,2.1287,High,0,,,0
143,Off Peak,5,18.0,143,36,35.5,36,39.3,2,2,65,6,12,13,5,0.9033,1.831,14,0.3571,0.2339,0.2339,Low,0,,,0
144,Evening Peak,5,17.4,144,26,45.5,46,54.0833,2,2,84,5,11,8,2,0.8413,1.8462,4,1.25,1.1267,1.1267,Medium,0,,,0
144,Midday,11,12.3636,144,26,45.5,46,54.0833,2,2,84,5,11,8,2,0.8413,1.8462,6,1.8333,1.6525,1.6525,Medium,0,,,0
144,Morning Peak,8,7.625,144,26,45.5,46,54.0833,2,2,84,5,11,8,2,0.8413,1.8462,4,2.0,1.8028,1.8028,Medium,0,,,0
144,Off Peak,2,21.0,144,26,45.5,46,54.0833,2,2,84,5,11,8,2,0.8413,1.8462,14,0.1429,0.1288,0.1288,Low,0,,,0
144A,Evening Peak,3,17.6667,144A,12,37.0,38,43.2,2,2,73,3,4,4,1,0.8565,1.973,4,0.75,0.54,0.54,Low,0,,,0
144A,Midday,4,13.0,144A,12,37.0,38,43.2,2,2,73,3,4,4,1,0.8565,1.973,6,0.6667,0.48,0.48,Low,0,,,0
144A,Morning Peak,4,7.5,144A,12,37.0,38,43.2,2,2,73,3,4,4,1,0.8565,1.973,4,1.0,0.72,0.72,Medium,0,,,0
144A,Off Peak,1,21.0,144A,12,37.0,38,43.2,2,2,73,3,4,4,1,0.8565,1.973,14,0.0714,0.0514,0.0514,Low,0,,,0
145,Evening Peak,3,17.6667,145,12,33.5,34,40.05,2,2,64,3,4,3,2,0.8365,1.9104,4,0.75,0.5006,0.5006,Low,0,,,0
145,Midday,4,12.25,145,12,33.5,34,40.05,2,2,64,3,4,3,2,0.8365,1.9104,6,0.6667,0.445,0.445,Low,0,,,0
145,Morning Peak,3,8.0,145,12,33.5,34,40.05,2,2,64,3,4,3,2,0.8365,1.9104,4,0.75,0.5006,0.5006,Low,0,,,0
145,Off Peak,2,21.0,145,12,33.5,34,40.05,2,2,64,3,4,3,2,0.8365,1.9104,14,0.1429,0.0954,0.0954,Low,0,,,0
146,Evening Peak,8,17.5,146,42,20.5,22,24.8667,2,2,37,8,16,12,6,0.8244,1.8049,4,2.0,0.8289,0.8289,Medium,0,,,0
146,Midday,16,12.0,146,42,20.5,22,24.8667,2,2,37,8,16,12,6,0.8244,1.8049,6,2.6667,1.1052,1.1052,Medium,0,,,0
146,Morning Peak,12,7.6667,146,42,20.5,22,24.8667,2,2,37,8,16,12,6,0.8244,1.8049,4,3.0,1.2433,1.2433,High,0,,,0
146,Off Peak,6,18.5,146,42,20.5,22,24.8667,2,2,37,8,16,12,6,0.8244,1.8049,14,0.4286,0.1776,0.1776,Low,0,,,0
147,Evening Peak,2,17.5,147,6,70.5,71,121.8,2,2,131,2,2,2,0,0.5788,1.8582,4,0.5,1.015,1.015,Low,0,,,0
147,Midday,2,12.0,147,6,70.5,71,121.8,2,2,131,2,2,2,0,0.5788,1.8582,6,0.3333,0.6767,0.6767,Low,0,,,0
147,Morning Peak,2,7.5,147,6,70.5,71,121.8,2,2,131,2,2,2,0,0.5788,1.8582,4,0.5,1.015,1.015,Low,0,,,0
147,Off Peak,0,22.0,147,6,70.5,71,121.8,2,2,131,2,2,2,0,0.5788,1.8582,14,0.0,0.0,0.0,Low,0,,,0
148,Evening Peak,21,17.5714,148,102,54.0,54,75.6163,2,2,100,21,39,24,18,0.7141,1.8519,4,5.25,6.6164,6.6164,High,0,,,0
148,Midday,39,12.5128,148,102,54.0,54,75.6163,2,2,100,21,39,24,18,0.7141,1.8519,6,6.5,8.1918,8.1918,High,0,,,0
148,Morning Peak,24,7.6667,148,102,54.0,54,75.6163,2,2,100,21,39,24,18,0.7141,1.8519,4,6.0,7.5616,7.5616,High,0,,,0
148,Off Peak,18,17.0556,148,102,54.0,54,75.6163,2,2,100,21,39,24,18,0.7141,1.8519,14,1.2857,1.6204,1.6204,Medium,0,,,0
148A,Evening Peak,11,17.0909,148A,51,65.0,65,91.9546,2,2,117,11,16,12,12,0.7069,1.8,4,2.75,4.2146,4.2146,High,0,,,0
148A,Midday,16,12.3125,148A,51,65.0,65,91.9546,2,2,117,11,16,12,12,0.7069,1.8,6,2.6667,4.0869,4.0869,Medium,0,,,0
148A,Morning Peak,12,7.6667,148A,51,65.0,65,91.9546,2,2,117,11,16,12,12,0.7069,1.8,4,3.0,4.5977,4.5977,High,0,,,0
148A,Off Peak,12,16.6667,148A,51,65.0,65,91.9546,2,2,117,11,16,12,12,0.7069,1.8,14,0.8571,1.3136,1.3136,Medium,0,,,0
149,Evening Peak,23,17.7826,149,159,86.4969,87,121.6962,2,2,166,23,64,41,31,0.7108,1.9191,4,5.75,11.6626,11.6626,High,0,,,0
149,Midday,64,12.4688,149,159,86.4969,87,121.6962,2,2,166,23,64,41,31,0.7108,1.9191,6,10.6667,21.6349,21.6349,High,0,,,0
149,Morning Peak,41,7.5122,149,159,86.4969,87,121.6962,2,2,166,23,64,41,31,0.7108,1.9191,4,10.25,20.7898,20.7898,High,0,,,0
149,Off Peak,31,16.9032,149,159,86.4969,87,121.6962,2,2,166,23,64,41,31,0.7108,1.9191,14,2.2143,4.4912,4.4912,Medium,0,,,0
15,Evening Peak,17,17.5294,15,90,55.0222,56,70.6019,2,2,97,17,37,21,15,0.7793,1.7629,4,4.25,5.001,5.001,High,0,,,0
15,Midday,37,12.3514,15,90,55.0222,56,70.6019,2,2,97,17,37,21,15,0.7793,1.7629,6,6.1667,7.2563,7.2563,High,0,,,0
15,Morning Peak,21,7.6667,15,90,55.0222,56,70.6019,2,2,97,17,37,21,15,0.7793,1.7629,4,5.25,6.1777,6.1777,High,0,,,0
15,Off Peak,15,18.6667,15,90,55.0222,56,70.6019,2,2,97,17,37,21,15,0.7793,1.7629,14,1.0714,1.2607,1.2607,Medium,0,,,0
151,Evening Peak,16,17.5,151,75,39.9733,42,59.198,2,2,70,16,25,21,13,0.6752,1.7512,4,4.0,3.9465,3.9465,High,0,,,0
151,Midday,25,12.0,151,75,39.9733,42,59.198,2,2,70,16,25,21,13,0.6752,1.7512,6,4.1667,4.111,4.111,High,0,,,0
151,Morning Peak,21,7.2857,151,75,39.9733,42,59.198,2,2,70,16,25,21,13,0.6752,1.7512,4,5.25,5.1798,5.1798,High,0,,,0
151,Off Peak,13,17.4615,151,75,39.9733,42,59.198,2,2,70,16,25,21,13,0.6752,1.7512,14,0.9286,0.9162,0.9162,Medium,0,,,0
152,Evening Peak,14,17.6429,152,73,42.4384,47,53.0728,2,2,82,14,27,20,12,0.7996,1.9322,4,3.5,3.0959,3.0959,High,0,,,0
152,Midday,27,12.2593,152,73,42.4384,47,53.0728,2,2,82,14,27,20,12,0.7996,1.9322,6,4.5,3.9805,3.9805,High,0,,,0
152,Morning Peak,20,7.6,152,73,42.4384,47,53.0728,2,2,82,14,27,20,12,0.7996,1.9322,4,5.0,4.4227,4.4227,High,0,,,0
152,Off Peak,12,16.8333,152,73,42.4384,47,53.0728,2,2,82,14,27,20,12,0.7996,1.9322,14,0.8571,0.7582,0.7582,Medium,0,,,0
153,Evening Peak,3,17.6667,153,10,53.6,54,75.76,2,2,92,3,4,3,0,0.7075,1.7164,4,0.75,0.947,0.947,Low,0,,,0
153,Midday,4,12.5,153,10,53.6,54,75.76,2,2,92,3,4,3,0,0.7075,1.7164,6,0.6667,0.8418,0.8418,Low,0,,,0
153,Morning Peak,3,7.3333,153,10,53.6,54,75.76,2,2,92,3,4,3,0,0.7075,1.7164,4,0.75,0.947,0.947,Low,0,,,0
153,Off Peak,0,22.0,153,10,53.6,54,75.76,2,2,92,3,4,3,0,0.7075,1.7164,14,0.0,0.0,0.0,Low,0,,,0
154,Evening Peak,10,17.7,154,62,47.5,50,59.1333,2,2,93,10,25,13,14,0.8033,1.9579,4,2.5,2.4639,2.4639,Medium,0,,,0
154,Midday,25,12.72,154,62,47.5,50,59.1333,2,2,93,10,25,13,14,0.8033,1.9579,6,4.1667,4.1065,4.1065,High,0,,,0
154,Morning Peak,13,7.5385,154,62,47.5,50,59.1333,2,2,93,10,25,13,14,0.8033,1.9579,4,3.25,3.2031,3.2031,High,0,,,0
154,Off Peak,14,20.0714,154,62,47.5,50,59.1333,2,2,93,10,25,13,14,0.8033,1.9579,14,1.0,0.9856,0.9856,Medium,0,,,0
155,Evening Peak,11,17.7273,155,69,47.4638,50,57.9928,2,2,90,11,25,18,15,0.8184,1.8962,4,2.75,2.658,2.658,High,0,,,0
155,Midday,25,12.32,155,69,47.4638,50,57.9928,2,2,90,11,25,18,15,0.8184,1.8962,6,4.1667,4.0273,4.0273,High,0,,,0
155,Morning Peak,18,7.5,155,69,47.4638,50,57.9928,2,2,90,11,25,18,15,0.8184,1.8962,4,4.5,4.3495,4.3495,High,0,,,0
155,Off Peak,15,19.0667,155,69,47.4638,50,57.9928,2,2,90,11,25,18,15,0.8184,1.8962,14,1.0714,1.0356,1.0356,Medium,0,,,0
157,Evening Peak,2,17.0,157,15,37.4667,38,59.0211,2,2,61,2,6,5,2,0.6348,1.6281,4,0.5,0.4918,0.4918,Low,0,,,0
157,Midday,6,11.8333,157,15,37.4667,38,59.0211,2,2,61,2,6,5,2,0.6348,1.6281,6,1.0,0.9837,0.9837,Medium,0,,,0
157,Morning Peak,5,7.8,157,15,37.4667,38,59.0211,2,2,61,2,6,5,2,0.6348,1.6281,4,1.25,1.2296,1.2296,Medium,0,,,0
157,Off Peak,2,21.5,157,15,37.4667,38,59.0211,2,2,61,2,6,5,2,0.6348,1.6281,14,0.1429,0.1405,0.1405,Low,0,,,0
158,Evening Peak,21,17.7619,158,95,34.9895,36,52.8525,2,2,61,21,28,27,19,0.662,1.7434,4,5.25,4.6246,4.6246,High,0,,,0
158,Midday,28,12.3214,158,95,34.9895,36,52.8525,2,2,61,21,28,27,19,0.662,1.7434,6,4.6667,4.1107,4.1107,High,0,,,0
158,Morning Peak,27,7.5556,158,95,34.9895,36,52.8525,2,2,61,21,28,27,19,0.662,1.7434,4,6.75,5.9459,5.9459,High,0,,,0
158,Off Peak,19,18.7368,158,95,34.9895,36,52.8525,2,2,61,21,28,27,19,0.662,1.7434,14,1.3571,1.1955,1.1955,Medium,0,,,0
158A,Evening Peak,3,17.0,158A,15,36.4,38,51.1322,2,2,68,3,5,4,3,0.7119,1.8681,4,0.75,0.6392,0.6392,Low,0,,,0
158A,Midday,5,12.6,158A,15,36.4,38,51.1322,2,2,68,3,5,4,3,0.7119,1.8681,6,0.8333,0.7102,0.7102,Medium,0,,,0
158A,Morning Peak,4,7.5,158A,15,36.4,38,51.1322,2,2,68,3,5,4,3,0.7119,1.8681,4,1.0,0.8522,0.8522,Medium,0,,,0
158A,Off Peak,3,15.3333,158A,15,36.4,38,51.1322,2,2,68,3,5,4,3,0.7119,1.8681,14,0.2143,0.1826,0.1826,Low,0,,,0
159,Evening Peak,31,17.4194,159,153,65.9412,67,123.8765,2,2,124,31,54,32,36,0.5323,1.8805,4,7.75,16.0007,16.0007,High,0,,,0
159,Midday,54,12.6667,159,153,65.9412,67,123.8765,2,2,124,31,54,32,36,0.5323,1.8805,6,9.0,18.5815,18.5815,High,0,,,0
159,Morning Peak,32,7.625,159,153,65.9412,67,123.8765,2,2,124,31,54,32,36,0.5323,1.8805,4,8.0,16.5169,16.5169,High,0,,,0
159,Off Peak,36,17.8889,159,153,65.9412,67,123.8765,2,2,124,31,54,32,36,0.5323,1.8805,14,2.5714,5.309,5.309,Medium,0,,,0
159B,Evening Peak,1,18.0,159B,10,99.6,100,198.97,2,2,190,1,4,4,1,0.5006,1.9076,4,0.25,0.829,0.829,Low,0,,,0
159B,Midday,4,13.75,159B,10,99.6,100,198.97,2,2,190,1,4,4,1,0.5006,1.9076,6,0.6667,2.2108,2.2108,Low,0,,,0
159B,Morning Peak,4,7.5,159B,10,99.6,100,198.97,2,2,190,1,4,4,1,0.5006,1.9076,4,1.0,3.3162,3.3162,Medium,0,,,0
159B,Off Peak,1,5.0,159B,10,99.6,100,198.97,2,2,190,1,4,4,1,0.5006,1.9076,14,0.0714,0.2369,0.2369,Low,0,,,0
160,Evening Peak,9,17.3333,160,32,40.5,41,62.6333,2,2,72,9,10,9,4,0.6466,1.7778,4,2.25,2.3488,2.3488,Medium,0,,,0
160,Midday,10,12.2,160,32,40.5,41,62.6333,2,2,72,9,10,9,4,0.6466,1.7778,6,1.6667,1.7398,1.7398,Medium,0,,,0
160,Morning Peak,9,7.7778,160,32,40.5,41,62.6333,2,2,72,9,10,9,4,0.6466,1.7778,4,2.25,2.3488,2.3488,Medium,0,,,0
160,Off Peak,4,21.0,160,32,40.5,41,62.6333,2,2,72,9,10,9,4,0.6466,1.7778,14,0.2857,0.2983,0.2983,Low,0,,,0
161,Evening Peak,1,17.0,161,22,59.0,59,124.7773,2,2,116,1,14,7,0,0.4728,1.9661,4,0.25,0.5199,0.5199,Low,0,,,0
161,Midday,14,11.5714,161,22,59.0,59,124.7773,2,2,116,1,14,7,0,0.4728,1.9661,6,2.3333,4.8524,4.8524,Medium,0,,,0
161,Morning Peak,7,7.8571,161,22,59.0,59,124.7773,2,2,116,1,14,7,0,0.4728,1.9661,4,1.75,3.6393,3.6393,Medium,0,,,0
161,Off Peak,0,22.0,161,22,59.0,59,124.7773,2,2,116,1,14,7,0,0.4728,1.9661,14,0.0,0.0,0.0,Low,0,,,0
162,Evening Peak,3,17.6667,162,11,89.8182,92,182.7258,2,2,161,3,4,4,0,0.4915,1.7925,4,0.75,2.2841,2.2841,Low,0,,,0
162,Midday,4,12.75,162,11,89.8182,92,182.7258,2,2,161,3,4,4,0,0.4915,1.7925,6,0.6667,2.0303,2.0303,Low,0,,,0
162,Morning Peak,4,7.25,162,11,89.8182,92,182.7258,2,2,161,3,4,4,0,0.4915,1.7925,4,1.0,3.0454,3.0454,Medium,0,,,0
162,Off Peak,0,22.0,162,11,89.8182,92,182.7258,2,2,161,3,4,4,0,0.4915,1.7925,14,0.0,0.0,0.0,Low,0,,,0
163,Evening Peak,14,17.8571,163,97,35.5052,36,49.6758,2,2,64,14,33,25,25,0.7147,1.8026,4,3.5,2.8978,2.8978,High,0,,,0
163,Midday,33,12.5758,163,97,35.5052,36,49.6758,2,2,64,14,33,25,25,0.7147,1.8026,6,5.5,4.5536,4.5536,High,0,,,0
163,Morning Peak,25,7.52,163,97,35.5052,36,49.6758,2,2,64,14,33,25,25,0.7147,1.8026,4,6.25,5.1746,5.1746,High,0,,,0
163,Off Peak,25,18.48,163,97,35.5052,36,49.6758,2,2,64,14,33,25,25,0.7147,1.8026,14,1.7857,1.4784,1.4784,Medium,0,,,0
164,Evening Peak,1,16.0,164,8,102.0,103,197.175,2,2,190,1,3,3,1,0.5173,1.8627,4,0.25,0.8216,0.8216,Low,0,,,0
164,Midday,3,12.0,164,8,102.0,103,197.175,2,2,190,1,3,3,1,0.5173,1.8627,6,0.5,1.6431,1.6431,Low,0,,,0
164,Morning Peak,3,7.6667,164,8,102.0,103,197.175,2,2,190,1,3,3,1,0.5173,1.8627,4,0.75,2.4647,2.4647,Low,0,,,0
164,Off Peak,1,5.0,164,8,102.0,103,197.175,2,2,190,1,3,3,1,0.5173,1.8627,14,0.0714,0.2347,0.2347,Low,0,,,0
165,Evening Peak,20,17.5,165,95,21.4842,22,30.673,2,2,43,20,36,21,18,0.7004,2.0015,4,5.0,2.5561,2.5561,High,0,,,0
165,Midday,36,12.3611,165,95,21.4842,22,30.673,2,2,43,20,36,21,18,0.7004,2.0015,6,6.0,3.0673,3.0673,High,0,,,0
165,Morning Peak,21,7.5714,165,95,21.4842,22,30.673,2,2,43,20,36,21,18,0.7004,2.0015,4,5.25,2.6839,2.6839,High,0,,,0
165,Off Peak,18,18.5,165,95,21.4842,22,30.673,2,2,43,20,36,21,18,0.7004,2.0015,14,1.2857,0.6573,0.6573,Medium,0,,,0
166,Evening Peak,12,17.5,166,61,24.0164,25,32.7134,2,2,48,12,21,13,15,0.7341,1.9986,4,3.0,1.6357,1.6357,High,0,,,0
166,Midday,21,12.6667,166,61,24.0164,25,32.7134,2,2,48,12,21,13,15,0.7341,1.9986,6,3.5,1.9083,1.9083,High,0,,,0
166,Morning Peak,13,7.4615,166,61,24.0164,25,32.7134,2,2,48,12,21,13,15,0.7341,1.9986,4,3.25,1.772,1.772,High,0,,,0
166,Off Peak,15,19.0,166,61,24.0164,25,32.7134,2,2,48,12,21,13,15,0.7341,1.9986,14,1.0714,0.5842,0.5842,Medium,0,,,0
167,Evening Peak,39,17.6667,167,192,34.4896,35,49.6175,2,2,66,39,62,45,46,0.6951,1.9136,4,9.75,8.0628,8.0628,High,0,,,0
167,Midday,62,12.371,167,192,34.4896,35,49.6175,2,2,66,39,62,45,46,0.6951,1.9136,6,10.3333,8.5452,8.5452,High,0,,,0
167,Morning Peak,45,7.6,167,192,34.4896,35,49.6175,2,2,66,39,62,45,46,0.6951,1.9136,4,11.25,9.3033,9.3033,High,0,,,0
167,Off Peak,46,18.3043,167,192,34.4896,35,49.6175,2,2,66,39,62,45,46,0.6951,1.9136,14,3.2857,2.7172,2.7172,High,0,,,0
168,Evening Peak,8,17.5,168,36,32.5,33,46.6,2,2,63,8,10,9,9,0.6974,1.9385,4,2.0,1.5533,1.5533,Medium,0,,,0
168,Midday,10,12.5,168,36,32.5,33,46.6,2,2,63,8,10,9,9,0.6974,1.9385,6,1.6667,1.2944,1.2944,Medium,0,,,0
168,Morning Peak,9,7.3333,168,36,32.5,33,46.6,2,2,63,8,10,9,9,0.6974,1.9385,4,2.25,1.7475,1.7475,Medium,0,,,0
168,Off Peak,9,17.6667,168,36,32.5,33,46.6,2,2,63,8,10,9,9,0.6974,1.9385,14,0.6429,0.4993,0.4993,Low,0,,,0
169,Evening Peak,20,17.5,169,96,26.4896,27,35.5427,2,2,51,20,32,22,22,0.7453,1.9253,4,5.0,2.9619,2.9619,High,0,,,0
169,Midday,32,12.5,169,96,26.4896,27,35.5427,2,2,51,20,32,22,22,0.7453,1.9253,6,5.3333,3.1594,3.1594,High,0,,,0
169,Morning Peak,22,7.7273,169,96,26.4896,27,35.5427,2,2,51,20,32,22,22,0.7453,1.9253,4,5.5,3.2581,3.2581,High,0,,,0
169,Off Peak,22,19.0455,169,96,26.4896,27,35.5427,2,2,51,20,32,22,22,0.7453,1.9253,14,1.5714,0.9309,0.9309,Medium,0,,,0
17,Evening Peak,22,17.6364,17,78,40.1026,41,46.8071,2,2,71,22,33,18,5,0.8568,1.7705,4,5.5,4.2906,4.2906,High,0,,,0
17,Midday,33,12.7576,17,78,40.1026,41,46.8071,2,2,71,22,33,18,5,0.8568,1.7705,6,5.5,4.2906,4.2906,High,0,,,0
17,Morning Peak,18,7.6667,17,78,40.1026,41,46.8071,2,2,71,22,33,18,5,0.8568,1.7705,4,4.5,3.5105,3.5105,High,0,,,0
17,Off Peak,5,20.2,17,78,40.1026,41,46.8071,2,2,71,22,33,18,5,0.8568,1.7705,14,0.3571,0.2786,0.2786,Low,0,,,0
172,Evening Peak,3,17.6667,172,13,39.4615,40,46.4115,2,2,69,3,5,4,1,0.8503,1.7485,4,0.75,0.5801,0.5801,Low,0,,,0
172,Midday,5,13.0,172,13,39.4615,40,46.4115,2,2,69,3,5,4,1,0.8503,1.7485,6,0.8333,0.6446,0.6446,Medium,0,,,0
172,Morning Peak,4,7.5,172,13,39.4615,40,46.4115,2,2,69,3,5,4,1,0.8503,1.7485,4,1.0,0.7735,0.7735,Medium,0,,,0
172,Off Peak,1,21.0,172,13,39.4615,40,46.4115,2,2,69,3,5,4,1,0.8503,1.7485,14,0.0714,0.0553,0.0553,Low,0,,,0
174,Evening Peak,15,17.6667,174,81,49.9383,51,58.9961,2,2,83,15,31,17,18,0.8465,1.6621,4,3.75,3.6873,3.6873,High,0,,,0
174,Midday,31,12.6452,174,81,49.9383,51,58.9961,2,2,83,15,31,17,18,0.8465,1.6621,6,5.1667,5.0802,5.0802,High,0,,,0
174,Morning Peak,17,7.5882,174,81,49.9383,51,58.9961,2,2,83,15,31,17,18,0.8465,1.6621,4,4.25,4.1789,4.1789,High,0,,,0
174,Off Peak,18,18.2222,174,81,49.9383,51,58.9961,2,2,83,15,31,17,18,0.8465,1.6621,14,1.2857,1.2642,1.2642,Medium,0,,,0
175,Evening Peak,0,18.0,175,3,36.6667,38,51.2833,2,2,70,0,0,3,0,0.715,1.9091,4,0.0,0.0,0.0,Low,0,,,0
175,Midday,0,13.0,175,3,36.6667,38,51.2833,2,2,70,0,0,3,0,0.715,1.9091,6,0.0,0.0,0.0,Low,0,,,0
175,Morning Peak,3,7.3333,175,3,36.6667,38,51.2833,2,2,70,0,0,3,0,0.715,1.9091,4,0.75,0.641,0.641,Low,0,,,0
175,Off Peak,0,22.0,175,3,36.6667,38,51.2833,2,2,70,0,0,3,0,0.715,1.9091,14,0.0,0.0,0.0,Low,0,,,0
176,Evening Peak,3,17.3333,176,8,41.5,42,50.2917,2,2,68,3,3,2,0,0.8252,1.6386,4,0.75,0.6286,0.6286,Low,0,,,0
176,Midday,3,11.6667,176,8,41.5,42,50.2917,2,2,68,3,3,2,0,0.8252,1.6386,6,0.5,0.4191,0.4191,Low,0,,,0
176,Morning Peak,2,7.5,176,8,41.5,42,50.2917,2,2,68,3,3,2,0,0.8252,1.6386,4,0.5,0.4191,0.4191,Low,0,,,0
176,Off Peak,0,22.0,176,8,41.5,42,50.2917,2,2,68,3,3,2,0,0.8252,1.6386,14,0.0,0.0,0.0,Low,0,,,0
177,Evening Peak,12,17.75,177,48,27.5,28,35.125,2,2,44,12,13,12,11,0.7829,1.6,4,3.0,1.7562,1.7562,High,0,,,0
177,Midday,13,12.3077,177,48,27.5,28,35.125,2,2,44,12,13,12,11,0.7829,1.6,6,2.1667,1.2684,1.2684,Medium,0,,,0
177,Morning Peak,12,7.5,177,48,27.5,28,35.125,2,2,44,12,13,12,11,0.7829,1.6,4,3.0,1.7562,1.7562,High,0,,,0
177,Off Peak,11,18.3636,177,48,27.5,28,35.125,2,2,44,12,13,12,11,0.7829,1.6,14,0.7857,0.46,0.46,Medium,0,,,0
179,Evening Peak,3,17.0,179,16,44.25,46,60.5042,2,2,83,3,5,4,4,0.7314,1.8757,4,0.75,0.7563,0.7563,Low,0,,,0
179,Midday,5,12.0,179,16,44.25,46,60.5042,2,2,83,3,5,4,4,0.7314,1.8757,6,0.8333,0.8403,0.8403,Medium,0,,,0
179,Morning Peak,4,7.75,179,16,44.25,46,60.5042,2,2,83,3,5,4,4,0.7314,1.8757,4,1.0,1.0084,1.0084,Medium,0,,,0
179,Off Peak,4,17.25,179,16,44.25,46,60.5042,2,2,83,3,5,4,4,0.7314,1.8757,14,0.2857,0.2881,0.2881,Low,0,,,0
180,Evening Peak,3,17.6667,180,22,34.5,35,48.2167,2,2,58,3,9,8,2,0.7155,1.6812,4,0.75,0.6027,0.6027,Low,0,,,0
180,Midday,9,11.8889,180,22,34.5,35,48.2167,2,2,58,3,9,8,2,0.7155,1.6812,6,1.5,1.2054,1.2054,Medium,0,,,0
180,Morning Peak,8,8.125,180,22,34.5,35,48.2167,2,2,58,3,9,8,2,0.7155,1.6812,4,2.0,1.6072,1.6072,Medium,0,,,0
180,Off Peak,2,13.0,180,22,34.5,35,48.2167,2,2,58,3,9,8,2,0.7155,1.6812,14,0.1429,0.1148,0.1148,Low,0,,,0
183,Evening Peak,8,17.5,183,36,54.5,55,82.5917,2,2,105,8,12,8,8,0.6599,1.9266,4,2.0,2.7531,2.7531,Medium,0,,,0
183,Midday,12,12.3333,183,36,54.5,55,82.5917,2,2,105,8,12,8,8,0.6599,1.9266,6,2.0,2.7531,2.7531,Medium,0,,,0
183,Morning Peak,8,7.625,183,36,54.5,55,82.5917,2,2,105,8,12,8,8,0.6599,1.9266,4,2.0,2.7531,2.7531,Medium,0,,,0
183,Off Peak,8,14.875,183,36,54.5,55,82.5917,2,2,105,8,12,8,8,0.6599,1.9266,14,0.5714,0.7866,0.7866,Low,0,,,0
184,Evening Peak,3,18.0,184,16,29.5,30,40.125,2,2,56,3,7,4,2,0.7352,1.8983,4,0.75,0.5016,0.5016,Low,0,,,0
184,Midday,7,12.7143,184,16,29.5,30,40.125,2,2,56,3,7,4,2,0.7352,1.8983,6,1.1667,0.7802,0.7802,Medium,0,,,0
184,Morning Peak,4,7.25,184,16,29.5,30,40.125,2,2,56,3,7,4,2,0.7352,1.8983,4,1.0,0.6688,0.6688,Medium,0,,,0
184,Off Peak,2,12.5,184,16,29.5,30,40.125,2,2,56,3,7,4,2,0.7352,1.8983,14,0.1429,0.0955,0.0955,Low,0,,,0
185,Evening Peak,6,17.1667,185,16,29.0,29,40.95,2,2,49,6,5,0,5,0.7082,1.6897,4,1.5,1.0238,1.0238,Medium,0,,,0
185,Midday,5,14.2,185,16,29.0,29,40.95,2,2,49,6,5,0,5,0.7082,1.6897,6,0.8333,0.5688,0.5688,Medium,0,,,0
185,Morning Peak,0,8.0,185,16,29.0,29,40.95,2,2,49,6,5,0,5,0.7082,1.6897,4,0.0,0.0,0.0,Low,0,,,0
185,Off Peak,5,20.8,185,16,29.0,29,40.95,2,2,49,6,5,0,5,0.7082,1.6897,14,0.3571,0.2438,0.2438,Low,0,,,0
186,Evening Peak,0,18.0,186,12,14.0,16,16.0083,2,2,27,0,5,7,0,0.8745,1.9286,4,0.0,0.0,0.0,Low,0,,,0
186,Midday,5,10.8,186,12,14.0,16,16.0083,2,2,27,0,5,7,0,0.8745,1.9286,6,0.8333,0.2223,0.2223,Medium,0,,,0
186,Morning Peak,7,8.1429,186,12,14.0,16,16.0083,2,2,27,0,5,7,0,0.8745,1.9286,4,1.75,0.4669,0.4669,Medium,0,,,0
186,Off Peak,0,22.0,186,12,14.0,16,16.0083,2,2,27,0,5,7,0,0.8745,1.9286,14,0.0,0.0,0.0,Low,0,,,0
188,Evening Peak,25,17.48,188,121,42.0,42,52.4939,2,2,80,25,46,31,19,0.8001,1.9048,4,6.25,5.4681,5.4681,High,0,,,0
188,Midday,46,12.3696,188,121,42.0,42,52.4939,2,2,80,25,46,31,19,0.8001,1.9048,6,7.6667,6.7076,6.7076,High,0,,,0
188,Morning Peak,31,7.9032,188,121,42.0,42,52.4939,2,2,80,25,46,31,19,0.8001,1.9048,4,7.75,6.7805,6.7805,High,0,,,0
188,Off Peak,19,18.3684,188,121,42.0,42,52.4939,2,2,80,25,46,31,19,0.8001,1.9048,14,1.3571,1.1874,1.1874,Medium,0,,,0
189,Evening Peak,18,17.4444,189,104,22.0,22,24.7083,2,2,39,18,40,32,14,0.8904,1.7727,4,4.5,1.8531,1.8531,High,0,,,0
189,Midday,40,12.275,189,104,22.0,22,24.7083,2,2,39,18,40,32,14,0.8904,1.7727,6,6.6667,2.7454,2.7454,High,0,,,0
189,Morning Peak,32,7.7188,189,104,22.0,22,24.7083,2,2,39,18,40,32,14,0.8904,1.7727,4,8.0,3.2944,3.2944,High,0,,,0
189,Off Peak,14,18.6429,189,104,22.0,22,24.7083,2,2,39,18,40,32,14,0.8904,1.7727,14,1.0,0.4118,0.4118,Medium,0,,,0
19,Evening Peak,14,17.9286,19,75,27.48,28,33.98,2,2,52,14,28,15,18,0.8087,1.8923,4,3.5,1.9822,1.9822,High,0,,,0
19,Midday,28,12.7143,19,75,27.48,28,33.98,2,2,52,14,28,15,18,0.8087,1.8923,6,4.6667,2.6429,2.6429,High,0,,,0
19,Morning Peak,15,7.1333,19,75,27.48,28,33.98,2,2,52,14,28,15,18,0.8087,1.8923,4,3.75,2.1237,2.1237,High,0,,,0
19,Off Peak,18,18.4444,19,75,27.48,28,33.98,2,2,52,14,28,15,18,0.8087,1.8923,14,1.2857,0.7281,0.7281,Medium,0,,,0
192,Evening Peak,16,17.5,192,83,26.494,27,29.0735,2,2,52,16,32,24,11,0.9113,1.9627,4,4.0,1.9382,1.9382,High,0,,,0
192,Midday,32,12.4688,192,83,26.494,27,29.0735,2,2,52,16,32,24,11,0.9113,1.9627,6,5.3333,2.5843,2.5843,High,0,,,0
192,Morning Peak,24,7.5,192,83,26.494,27,29.0735,2,2,52,16,32,24,11,0.9113,1.9627,4,6.0,2.9073,2.9073,High,0,,,0
192,Off Peak,11,17.9091,192,83,26.494,27,29.0735,2,2,52,16,32,24,11,0.9113,1.9627,14,0.7857,0.3807,0.3807,Medium,0,,,0
19A,Evening Peak,4,17.5,19A,18,26.5,27,30.3667,2,2,50,4,7,5,2,0.8727,1.8868,4,1.0,0.5061,0.5061,Medium,0,,,0
19A,Midday,7,12.4286,19A,18,26.5,27,30.3667,2,2,50,4,7,5,2,0.8727,1.8868,6,1.1667,0.5905,0.5905,Medium,0,,,0
19A,Morning Peak,5,7.2,19A,18,26.5,27,30.3667,2,2,50,4,7,5,2,0.8727,1.8868,4,1.25,0.6326,0.6326,Medium,0,,,0
19A,Off Peak,2,20.0,19A,18,26.5,27,30.3667,2,2,50,4,7,5,2,0.8727,1.8868,14,0.1429,0.0723,0.0723,Low,0,,,0
2,Evening Peak,30,17.4667,2,112,11.0,11,12.7167,2,2,18,30,30,30,22,0.865,1.6364,4,7.5,1.5896,1.5896,High,71,912.0423,64755.0,1
2,Midday,30,12.4,2,112,11.0,11,12.7167,2,2,18,30,30,30,22,0.865,1.6364,6,5.0,1.0597,1.0597,High,103,656.6505,67635.0,1
2,Morning Peak,30,7.4667,2,112,11.0,11,12.7167,2,2,18,30,30,30,22,0.865,1.6364,4,7.5,1.5896,1.5896,High,77,513.1169,39510.0,1
2,Off Peak,22,16.8182,2,112,11.0,11,12.7167,2,2,18,30,30,30,22,0.865,1.6364,14,1.5714,0.3331,0.3331,Medium,56,419.9107,23515.0,1
200,Evening Peak,14,17.5,200,64,72.0,72,106.6198,2,2,129,14,19,16,15,0.6753,1.7917,4,3.5,6.2195,6.2195,High,0,,,0
200,Midday,19,12.4737,200,64,72.0,72,106.6198,2,2,129,14,19,16,15,0.6753,1.7917,6,3.1667,5.6272,5.6272,High,0,,,0
200,Morning Peak,16,7.5625,200,64,72.0,72,106.6198,2,2,129,14,19,16,15,0.6753,1.7917,4,4.0,7.108,7.108,High,0,,,0
200,Off Peak,15,18.0667,200,64,72.0,72,106.6198,2,2,129,14,19,16,15,0.6753,1.7917,14,1.0714,1.9039,1.9039,Medium,0,,,0
201,Evening Peak,15,17.4,201,91,67.989,69,99.1167,2,2,119,15,32,29,15,0.6859,1.7503,4,3.75,6.1948,6.1948,High,0,,,0
201,Midday,32,12.3438,201,91,67.989,69,99.1167,2,2,119,15,32,29,15,0.6859,1.7503,6,5.3333,8.8104,8.8104,High,0,,,0
201,Morning Peak,29,7.4828,201,91,67.989,69,99.1167,2,2,119,15,32,29,15,0.6859,1.7503,4,7.25,11.9766,11.9766,High,0,,,0
201,Off Peak,15,15.3333,201,91,67.989,69,99.1167,2,2,119,15,32,29,15,0.6859,1.7503,14,1.0714,1.7699,1.7699,Medium,0,,,0
202,Evening Peak,23,17.5217,202,81,54.4074,57,70.9302,2,2,89,23,26,16,16,0.7671,1.6358,4,5.75,6.7975,6.7975,High,0,,,0
202,Midday,26,12.4615,202,81,54.4074,57,70.9302,2,2,89,23,26,16,16,0.7671,1.6358,6,4.3333,5.1227,5.1227,High,0,,,0
202,Morning Peak,16,7.4375,202,81,54.4074,57,70.9302,2,2,89,23,26,16,16,0.7671,1.6358,4,4.0,4.7287,4.7287,High,0,,,0
202,Off Peak,16,17.8125,202,81,54.4074,57,70.9302,2,2,89,23,26,16,16,0.7671,1.6358,14,1.1429,1.3511,1.3511,Medium,0,,,0
203,Evening Peak,0,18.0,203,12,28.0,28,39.85,1,1,28,0,5,4,3,0.7026,1.0,4,0.0,0.0,0.0,Low,0,,,0
203,Midday,5,14.0,203,12,28.0,28,39.85,1,1,28,0,5,4,3,0.7026,1.0,6,0.8333,0.5535,0.5535,Medium,0,,,0
203,Morning Peak,4,6.25,203,12,28.0,28,39.85,1,1,28,0,5,4,3,0.7026,1.0,4,1.0,0.6642,0.6642,Medium,0,,,0
203,Off Peak,3,3.3333,203,12,28.0,28,39.85,1,1,28,0,5,4,3,0.7026,1.0,14,0.2143,0.1423,0.1423,Low,0,,,0
204,Evening Peak,18,17.3889,204,130,60.0,60,93.541,2,2,102,18,46,34,32,0.6414,1.7,4,4.5,7.0156,7.0156,High,0,,,0
204,Midday,46,12.413,204,130,60.0,60,93.541,2,2,102,18,46,34,32,0.6414,1.7,6,7.6667,11.9525,11.9525,High,0,,,0
204,Morning Peak,34,7.6176,204,130,60.0,60,93.541,2,2,102,18,46,34,32,0.6414,1.7,4,8.5,13.2516,13.2516,High,0,,,0
204,Off Peak,32,16.8125,204,130,60.0,60,93.541,2,2,102,18,46,34,32,0.6414,1.7,14,2.2857,3.5635,3.5635,Medium,0,,,0
205,Evening Peak,7,17.7143,205,33,58.0,58,80.548,2,2,110,7,13,7,6,0.7201,1.8966,4,1.75,2.3493,2.3493,Medium,0,,,0
205,Midday,13,12.3846,205,33,58.0,58,80.548,2,2,110,7,13,7,6,0.7201,1.8966,6,2.1667,2.9087,2.9087,Medium,0,,,0
205,Morning Peak,7,7.7143,205,33,58.0,58,80.548,2,2,110,7,13,7,6,0.7201,1.8966,4,1.75,2.3493,2.3493,Medium,0,,,0
205,Off Peak,6,18.3333,205,33,58.0,58,80.548,2,2,110,7,13,7,6,0.7201,1.8966,14,0.4286,0.5753,0.5753,Low,0,,,0
207,Evening Peak,5,17.4,207,23,58.0,58,94.9928,2,2,106,5,10,6,2,0.6106,1.8276,4,1.25,1.979,1.979,Medium,0,,,0
207,Midday,10,12.3,207,23,58.0,58,94.9928,2,2,106,5,10,6,2,0.6106,1.8276,6,1.6667,2.6387,2.6387,Medium,0,,,0
207,Morning Peak,6,7.3333,207,23,58.0,58,94.9928,2,2,106,5,10,6,2,0.6106,1.8276,4,1.5,2.3748,2.3748,Medium,0,,,0
207,Off Peak,2,12.5,207,23,58.0,58,94.9928,2,2,106,5,10,6,2,0.6106,1.8276,14,0.1429,0.2262,0.2262,Low,0,,,0
207A,Evening Peak,21,17.619,207A,105,41.0,41,67.009,2,2,77,21,38,29,17,0.6119,1.878,4,5.25,5.8633,5.8633,High,0,,,0
207A,Midday,38,12.2632,207A,105,41.0,41,67.009,2,2,77,21,38,29,17,0.6119,1.878,6,6.3333,7.0732,7.0732,High,0,,,0
207A,Morning Peak,29,7.5172,207A,105,41.0,41,67.009,2,2,77,21,38,29,17,0.6119,1.878,4,7.25,8.0969,8.0969,High,0,,,0
207A,Off Peak,17,19.5882,207A,105,41.0,41,67.009,2,2,77,21,38,29,17,0.6119,1.878,14,1.2143,1.3561,1.3561,Medium,0,,,0
208,Evening Peak,6,18.0,208,33,78.5152,79,112.7101,2,2,148,6,12,7,8,0.6966,1.885,4,1.5,2.8178,2.8178,Medium,0,,,0
208,Midday,12,12.4167,208,33,78.5152,79,112.7101,2,2,148,6,12,7,8,0.6966,1.885,6,2.0,3.757,3.757,Medium,0,,,0
208,Morning Peak,7,7.2857,208,33,78.5152,79,112.7101,2,2,148,6,12,7,8,0.6966,1.885,4,1.75,3.2874,3.2874,Medium,0,,,0
208,Off Peak,8,16.625,208,33,78.5152,79,112.7101,2,2,148,6,12,7,8,0.6966,1.885,14,0.5714,1.0734,1.0734,Low,0,,,0
209,Evening Peak,22,17.5909,209,108,48.0,48,75.5083,2,2,95,22,41,25,20,0.6357,1.9792,4,5.5,6.9216,6.9216,High,0,,,0
209,Midday,41,12.6098,209,108,48.0,48,75.5083,2,2,95,22,41,25,20,0.6357,1.9792,6,6.8333,8.5996,8.5996,High,0,,,0
209,Morning Peak,25,7.48,209,108,48.0,48,75.5083,2,2,95,22,41,25,20,0.6357,1.9792,4,6.25,7.8655,7.8655,High,0,,,0
209,Off Peak,20,18.4,209,108,48.0,48,75.5083,2,2,95,22,41,25,20,0.6357,1.9792,14,1.4286,1.7978,1.7978,Medium,0,,,0
209A,Evening Peak,2,17.5,209A,8,59.0,59,92.3917,2,2,107,2,3,2,1,0.6386,1.8136,4,0.5,0.7699,0.7699,Low,0,,,0
209A,Midday,3,12.3333,209A,8,59.0,59,92.3917,2,2,107,2,3,2,1,0.6386,1.8136,6,0.5,0.7699,0.7699,Low,0,,,0
209A,Morning Peak,2,8.0,209A,8,59.0,59,92.3917,2,2,107,2,3,2,1,0.6386,1.8136,4,0.5,0.7699,0.7699,Low,0,,,0
209A,Off Peak,1,5.0,209A,8,59.0,59,92.3917,2,2,107,2,3,2,1,0.6386,1.8136,14,0.0714,0.11,0.11,Low,0,,,0
21,Evening Peak,10,17.6,21,76,35.4737,36,45.036,2,2,68,10,30,24,12,0.7877,1.9169,4,2.5,1.8765,1.8765,Medium,0,,,0
21,Midday,30,12.2,21,76,35.4737,36,45.036,2,2,68,10,30,24,12,0.7877,1.9169,6,5.0,3.753,3.753,High,0,,,0
21,Morning Peak,24,7.5833,21,76,35.4737,36,45.036,2,2,68,10,30,24,12,0.7877,1.9169,4,6.0,4.5036,4.5036,High,0,,,0
21,Off Peak,12,18.5,21,76,35.4737,36,45.036,2,2,68,10,30,24,12,0.7877,1.9169,14,0.8571,0.6434,0.6434,Medium,0,,,0
210,Evening Peak,4,17.5,210,46,77.0,77,124.9725,2,2,149,4,27,15,0,0.6161,1.9351,4,1.0,2.0829,2.0829,Medium,0,,,0
210,Midday,27,12.1852,210,46,77.0,77,124.9725,2,2,149,4,27,15,0,0.6161,1.9351,6,4.5,9.3729,9.3729,High,0,,,0
210,Morning Peak,15,7.8,210,46,77.0,77,124.9725,2,2,149,4,27,15,0,0.6161,1.9351,4,3.75,7.8108,7.8108,High,0,,,0
210,Off Peak,0,22.0,210,46,77.0,77,124.9725,2,2,149,4,27,15,0,0.6161,1.9351,14,0.0,0.0,0.0,Low,0,,,0
211,Evening Peak,3,17.3333,211,9,43.0,43,71.9333,2,2,46,3,2,4,0,0.5978,1.0698,4,0.75,0.8992,0.8992,Low,0,,,0
211,Midday,2,11.5,211,9,43.0,43,71.9333,2,2,46,3,2,4,0,0.5978,1.0698,6,0.3333,0.3996,0.3996,Low,0,,,0
211,Morning Peak,4,8.0,211,9,43.0,43,71.9333,2,2,46,3,2,4,0,0.5978,1.0698,4,1.0,1.1989,1.1989,Medium,0,,,0
211,Off Peak,0,22.0,211,9,43.0,43,71.9333,2,2,46,3,2,4,0,0.5978,1.0698,14,0.0,0.0,0.0,Low,0,,,0
212,Evening Peak,1,17.0,212,6,104.0,104,171.6,2,2,201,1,2,2,1,0.6061,1.9327,4,0.25,0.715,0.715,Low,0,,,0
212,Midday,2,12.0,212,6,104.0,104,171.6,2,2,201,1,2,2,1,0.6061,1.9327,6,0.3333,0.9533,0.9533,Low,0,,,0
212,Morning Peak,2,7.5,212,6,104.0,104,171.6,2,2,201,1,2,2,1,0.6061,1.9327,4,0.5,1.43,1.43,Low,0,,,0
212,Off Peak,1,20.0,212,6,104.0,104,171.6,2,2,201,1,2,2,1,0.6061,1.9327,14,0.0714,0.2043,0.2043,Low,0,,,0
213,Evening Peak,6,17.0,213,26,114.0,114,190.9333,2,2,171,6,9,7,4,0.5971,1.5,4,1.5,4.7733,4.7733,Medium,0,,,0
213,Midday,9,12.2222,213,26,114.0,114,190.9333,2,2,171,6,9,7,4,0.5971,1.5,6,1.5,4.7733,4.7733,Medium,0,,,0
213,Morning Peak,7,7.4286,213,26,114.0,114,190.9333,2,2,171,6,9,7,4,0.5971,1.5,4,1.75,5.5689,5.5689,Medium,0,,,0
213,Off Peak,4,16.5,213,26,114.0,114,190.9333,2,2,171,6,9,7,4,0.5971,1.5,14,0.2857,0.9092,0.9092,Low,0,,,0
214,Evening Peak,8,17.5,214,42,11.0,11,11.9333,2,2,22,8,17,13,4,0.9218,2.0,4,2.0,0.3978,0.3978,Medium,0,,,0
214,Midday,17,11.6471,214,42,11.0,11,11.9333,2,2,22,8,17,13,4,0.9218,2.0,6,2.8333,0.5635,0.5635,High,0,,,0
214,Morning Peak,13,7.7692,214,42,11.0,11,11.9333,2,2,22,8,17,13,4,0.9218,2.0,4,3.25,0.6464,0.6464,High,0,,,0
214,Off Peak,4,21.0,214,42,11.0,11,11.9333,2,2,22,8,17,13,4,0.9218,2.0,14,0.2857,0.0568,0.0568,Low,0,,,0
215,Evening Peak,10,17.4,215,41,29.5122,30,32.0069,2,2,48,10,13,10,8,0.9221,1.6264,4,2.5,1.3336,1.3336,Medium,0,,,0
215,Midday,13,12.4615,215,41,29.5122,30,32.0069,2,2,48,10,13,10,8,0.9221,1.6264,6,2.1667,1.1558,1.1558,Medium,0,,,0
215,Morning Peak,10,7.4,215,41,29.5122,30,32.0069,2,2,48,10,13,10,8,0.9221,1.6264,4,2.5,1.3336,1.3336,Medium,0,,,0
215,Off Peak,8,19.25,215,41,29.5122,30,32.0069,2,2,48,10,13,10,8,0.9221,1.6264,14,0.5714,0.3048,0.3048,Low,0,,,0
216,Evening Peak,20,17.55,216,84,24.4881,25,31.8371,2,2,40,20,31,22,11,0.7692,1.6334,4,5.0,2.6531,2.6531,High,0,,,0
216,Midday,31,12.5161,216,84,24.4881,25,31.8371,2,2,40,20,31,22,11,0.7692,1.6334,6,5.1667,2.7415,2.7415,High,0,,,0
216,Morning Peak,22,7.7727,216,84,24.4881,25,31.8371,2,2,40,20,31,22,11,0.7692,1.6334,4,5.5,2.9184,2.9184,High,0,,,0
216,Off Peak,11,19.5455,216,84,24.4881,25,31.8371,2,2,40,20,31,22,11,0.7692,1.6334,14,0.7857,0.4169,0.4169,Medium,0,,,0
219,Evening Peak,0,18.0,219,3,64.3333,65,88.5889,2,2,118,0,0,3,0,0.7262,1.8342,4,0.0,0.0,0.0,Low,0,,,0
219,Midday,0,13.0,219,3,64.3333,65,88.5889,2,2,118,0,0,3,0,0.7262,1.8342,6,0.0,0.0,0.0,Low,0,,,0
219,Morning Peak,3,7.3333,219,3,64.3333,65,88.5889,2,2,118,0,0,3,0,0.7262,1.8342,4,0.75,1.1074,1.1074,Low,0,,,0
219,Off Peak,0,22.0,219,3,64.3333,65,88.5889,2,2,118,0,0,3,0,0.7262,1.8342,14,0.0,0.0,0.0,Low,0,,,0
221,Evening Peak,12,17.5,221,32,8.0,8,8.025,2,2,10,12,8,10,2,0.9969,1.25,4,3.0,0.4012,0.4012,High,0,,,0
221,Midday,8,11.5,221,32,8.0,8,8.025,2,2,10,12,8,10,2,0.9969,1.25,6,1.3333,0.1783,0.1783,Medium,0,,,0
221,Morning Peak,10,7.8,221,32,8.0,8,8.025,2,2,10,12,8,10,2,0.9969,1.25,4,2.5,0.3344,0.3344,Medium,0,,,0
221,Off Peak,2,20.0,221,32,8.0,8,8.025,2,2,10,12,8,10,2,0.9969,1.25,14,0.1429,0.0191,0.0191,Low,0,,,0
225,Evening Peak,1,18.0,225,5,69.0,69,110.3633,2,2,114,1,2,1,1,0.6252,1.6522,4,0.25,0.4598,0.4598,Low,0,,,0
225,Midday,2,12.0,225,5,69.0,69,110.3633,2,2,114,1,2,1,1,0.6252,1.6522,6,0.3333,0.6131,0.6131,Low,0,,,0
225,Morning Peak,1,7.0,225,5,69.0,69,110.3633,2,2,114,1,2,1,1,0.6252,1.6522,4,0.25,0.4598,0.4598,Low,0,,,0
225,Off Peak,1,5.0,225,5,69.0,69,110.3633,2,2,114,1,2,1,1,0.6252,1.6522,14,0.0714,0.1314,0.1314,Low,0,,,0
227,Evening Peak,2,17.0,227,8,69.5,70,99.6,2,2,131,2,1,2,3,0.6978,1.8849,4,0.5,0.83,0.83,Low,0,,,0
227,Midday,1,10.0,227,8,69.5,70,99.6,2,2,131,2,1,2,3,0.6978,1.8849,6,0.1667,0.2767,0.2767,Low,0,,,0
227,Morning Peak,2,7.5,227,8,69.5,70,99.6,2,2,131,2,1,2,3,0.6978,1.8849,4,0.5,0.83,0.83,Low,0,,,0
227,Off Peak,3,8.3333,227,8,69.5,70,99.6,2,2,131,2,1,2,3,0.6978,1.8849,14,0.2143,0.3557,0.3557,Low,0,,,0
227A,Evening Peak,1,18.0,227A,12,81.0,82,122.0667,2,2,155,1,6,5,0,0.6636,1.9136,4,0.25,0.5086,0.5086,Low,0,,,0
227A,Midday,6,12.0,227A,12,81.0,82,122.0667,2,2,155,1,6,5,0,0.6636,1.9136,6,1.0,2.0344,2.0344,Medium,0,,,0
227A,Morning Peak,5,7.4,227A,12,81.0,82,122.0667,2,2,155,1,6,5,0,0.6636,1.9136,4,1.25,2.5431,2.5431,Medium,0,,,0
227A,Off Peak,0,22.0,227A,12,81.0,82,122.0667,2,2,155,1,6,5,0,0.6636,1.9136,14,0.0,0.0,0.0,Low,0,,,0
228,Evening Peak,20,17.6,228,84,87.5,88,147.9167,2,2,173,20,35,23,6,0.5915,1.9771,4,5.0,12.3264,12.3264,High,0,,,0
228,Midday,35,12.5714,228,84,87.5,88,147.9167,2,2,173,20,35,23,6,0.5915,1.9771,6,5.8333,14.3808,14.3808,High,0,,,0
228,Morning Peak,23,7.4783,228,84,87.5,88,147.9167,2,2,173,20,35,23,6,0.5915,1.9771,4,5.75,14.1753,14.1753,High,0,,,0
228,Off Peak,6,20.0,228,84,87.5,88,147.9167,2,2,173,20,35,23,6,0.5915,1.9771,14,0.4286,1.0565,1.0565,Low,0,,,0
231,Evening Peak,1,17.0,231,4,117.5,118,167.0167,2,2,212,1,1,1,1,0.7035,1.8043,4,0.25,0.6959,0.6959,Low,0,,,0
231,Midday,1,13.0,231,4,117.5,118,167.0167,2,2,212,1,1,1,1,0.7035,1.8043,6,0.1667,0.4639,0.4639,Low,0,,,0
231,Morning Peak,1,7.0,231,4,117.5,118,167.0167,2,2,212,1,1,1,1,0.7035,1.8043,4,0.25,0.6959,0.6959,Low,0,,,0
231,Off Peak,1,5.0,231,4,117.5,118,167.0167,2,2,212,1,1,1,1,0.7035,1.8043,14,0.0714,0.1988,0.1988,Low,0,,,0
232,Evening Peak,2,18.0,232,6,93.0,93,134.325,2,2,157,2,2,2,0,0.6924,1.6882,4,0.5,1.1194,1.1194,Low,0,,,0
232,Midday,2,13.0,232,6,93.0,93,134.325,2,2,157,2,2,2,0,0.6924,1.6882,6,0.3333,0.7463,0.7463,Low,0,,,0
232,Morning Peak,2,7.5,232,6,93.0,93,134.325,2,2,157,2,2,2,0,0.6924,1.6882,4,0.5,1.1194,1.1194,Low,0,,,0
232,Off Peak,0,22.0,232,6,93.0,93,134.325,2,2,157,2,2,2,0,0.6924,1.6882,14,0.0,0.0,0.0,Low,0,,,0
233,Evening Peak,6,17.1667,233,25,73.52,74,103.3627,2,2,139,6,11,4,4,0.7113,1.8906,4,1.5,2.5841,2.5841,Medium,0,,,0
233,Midday,11,12.4545,233,25,73.52,74,103.3627,2,2,139,6,11,4,4,0.7113,1.8906,6,1.8333,3.1583,3.1583,Medium,0,,,0
233,Morning Peak,4,7.25,233,25,73.52,74,103.3627,2,2,139,6,11,4,4,0.7113,1.8906,4,1.0,1.7227,1.7227,Medium,0,,,0
233,Off Peak,4,16.5,233,25,73.52,74,103.3627,2,2,139,6,11,4,4,0.7113,1.8906,14,0.2857,0.4922,0.4922,Low,0,,,0
233A,Evening Peak,3,17.3333,233A,19,97.5263,98,136.1088,2,2,183,3,7,6,3,0.7165,1.8764,4,0.75,1.7014,1.7014,Low,0,,,0
233A,Midday,7,11.7143,233A,19,97.5263,98,136.1088,2,2,183,3,7,6,3,0.7165,1.8764,6,1.1667,2.6466,2.6466,Medium,0,,,0
233A,Morning Peak,6,7.5,233A,19,97.5263,98,136.1088,2,2,183,3,7,6,3,0.7165,1.8764,4,1.5,3.4027,3.4027,Medium,0,,,0
233A,Off Peak,3,21.3333,233A,19,97.5263,98,136.1088,2,2,183,3,7,6,3,0.7165,1.8764,14,0.2143,0.4861,0.4861,Low,0,,,0
233B,Evening Peak,1,18.0,233B,6,87.5,88,129.8333,2,2,164,1,3,2,0,0.6739,1.8743,4,0.25,0.541,0.541,Low,0,,,0
233B,Midday,3,12.6667,233B,6,87.5,88,129.8333,2,2,164,1,3,2,0,0.6739,1.8743,6,0.5,1.0819,1.0819,Low,0,,,0
233B,Morning Peak,2,7.0,233B,6,87.5,88,129.8333,2,2,164,1,3,2,0,0.6739,1.8743,4,0.5,1.0819,1.0819,Low,0,,,0
233B,Off Peak,0,22.0,233B,6,87.5,88,129.8333,2,2,164,1,3,2,0,0.6739,1.8743,14,0.0,0.0,0.0,Low,0,,,0
234,Evening Peak,12,17.6667,234,56,40.4821,41,54.2301,2,2,64,12,18,10,16,0.7465,1.5809,4,3.0,2.7115,2.7115,High,0,,,0
234,Midday,18,12.5,234,56,40.4821,41,54.2301,2,2,64,12,18,10,16,0.7465,1.5809,6,3.0,2.7115,2.7115,High,0,,,0
234,Morning Peak,10,7.5,234,56,40.4821,41,54.2301,2,2,64,12,18,10,16,0.7465,1.5809,4,2.5,2.2596,2.2596,Medium,0,,,0
234,Off Peak,16,19.1875,234,56,40.4821,41,54.2301,2,2,64,12,18,10,16,0.7465,1.5809,14,1.1429,1.033,1.033,Medium,0,,,0
235,Evening Peak,19,17.4211,235,100,48.0,48,65.175,2,2,85,19,35,25,21,0.7365,1.7708,4,4.75,5.1597,5.1597,High,0,,,0
235,Midday,35,12.6,235,100,48.0,48,65.175,2,2,85,19,35,25,21,0.7365,1.7708,6,5.8333,6.3365,6.3365,High,0,,,0
235,Morning Peak,25,7.64,235,100,48.0,48,65.175,2,2,85,19,35,25,21,0.7365,1.7708,4,6.25,6.7891,6.7891,High,0,,,0
235,Off Peak,21,16.8095,235,100,48.0,48,65.175,2,2,85,19,35,25,21,0.7365,1.7708,14,1.5,1.6294,1.6294,Medium,0,,,0
236,Evening Peak,9,17.3333,236,71,51.0,51,76.0681,2,2,91,9,28,16,18,0.6705,1.7843,4,2.25,2.8526,2.8526,Medium,0,,,0
236,Midday,28,12.5714,236,71,51.0,51,76.0681,2,2,91,9,28,16,18,0.6705,1.7843,6,4.6667,5.9164,5.9164,High,0,,,0
236,Morning Peak,16,7.625,236,71,51.0,51,76.0681,2,2,91,9,28,16,18,0.6705,1.7843,4,4.0,5.0712,5.0712,High,0,,,0
236,Off Peak,18,15.0556,236,71,51.0,51,76.0681,2,2,91,9,28,16,18,0.6705,1.7843,14,1.2857,1.63,1.63,Medium,0,,,0
24,Evening Peak,12,17.5,24,52,44.9615,46,55.3103,2,2,74,12,15,13,12,0.8129,1.6459,4,3.0,2.7655,2.7655,High,0,,,0
24,Midday,15,12.3333,24,52,44.9615,46,55.3103,2,2,74,12,15,13,12,0.8129,1.6459,6,2.5,2.3046,2.3046,Medium,0,,,0
24,Morning Peak,13,7.6923,24,52,44.9615,46,55.3103,2,2,74,12,15,13,12,0.8129,1.6459,4,3.25,2.996,2.996,High,0,,,0
24,Off Peak,12,16.5833,24,52,44.9615,46,55.3103,2,2,74,12,15,13,12,0.8129,1.6459,14,0.8571,0.7901,0.7901,Medium,0,,,0
24A,Evening Peak,40,17.7,24A,158,45.4684,46,64.3797,2,2,80,40,50,38,30,0.7063,1.7595,4,10.0,10.73,10.73,High,0,,,0
24A,Midday,50,12.5,24A,158,45.4684,46,64.3797,2,2,80,40,50,38,30,0.7063,1.7595,6,8.3333,8.9416,8.9416,High,0,,,0
24A,Morning Peak,38,7.7105,24A,158,45.4684,46,64.3797,2,2,80,40,50,38,30,0.7063,1.7595,4,9.5,10.1935,10.1935,High,0,,,0
24A,Off Peak,30,16.6,24A,158,45.4684,46,64.3797,2,2,80,40,50,38,30,0.7063,1.7595,14,2.1429,2.2993,2.2993,Medium,0,,,0
256,Evening Peak,22,17.8182,256,97,40.0309,41,49.4048,2,2,76,22,34,25,16,0.8103,1.8985,4,5.5,4.5288,4.5288,High,0,,,0
256,Midday,34,12.2353,256,97,40.0309,41,49.4048,2,2,76,22,34,25,16,0.8103,1.8985,6,5.6667,4.666,4.666,High,0,,,0
256,Morning Peak,25,7.6,256,97,40.0309,41,49.4048,2,2,76,22,34,25,16,0.8103,1.8985,4,6.25,5.1463,5.1463,High,0,,,0
256,Off Peak,16,16.875,256,97,40.0309,41,49.4048,2,2,76,22,34,25,16,0.8103,1.8985,14,1.1429,0.941,0.941,Medium,0,,,0
257,Evening Peak,12,17.4167,257,36,25.0,25,31.1667,2,2,26,12,12,11,1,0.8021,1.04,4,3.0,1.5583,1.5583,High,0,,,0
257,Midday,12,12.3333,257,36,25.0,25,31.1667,2,2,26,12,12,11,1,0.8021,1.04,6,2.0,1.0389,1.0389,Medium,0,,,0
257,Morning Peak,11,7.8182,257,36,25.0,25,31.1667,2,2,26,12,12,11,1,0.8021,1.04,4,2.75,1.4285,1.4285,High,0,,,0
257,Off Peak,1,20.0,257,36,25.0,25,31.1667,2,2,26,12,12,11,1,0.8021,1.04,14,0.0714,0.0371,0.0371,Low,0,,,0
257A,Evening Peak,3,17.6667,257A,22,26.0,26,42.675,2,2,47,3,11,6,2,0.6093,1.8077,4,0.75,0.5334,0.5334,Low,0,,,0
257A,Midday,11,12.5455,257A,22,26.0,26,42.675,2,2,47,3,11,6,2,0.6093,1.8077,6,1.8333,1.304,1.304,Medium,0,,,0
257A,Morning Peak,6,8.0,257A,22,26.0,26,42.675,2,2,47,3,11,6,2,0.6093,1.8077,4,1.5,1.0669,1.0669,Medium,0,,,0
257A,Off Peak,2,20.5,257A,22,26.0,26,42.675,2,2,47,3,11,6,2,0.6093,1.8077,14,0.1429,0.1016,0.1016,Low,0,,,0
258,Evening Peak,0,18.0,258,4,40.0,40,47.275,2,2,67,0,2,2,0,0.8461,1.675,4,0.0,0.0,0.0,Low,0,,,0
258,Midday,2,10.5,258,4,40.0,40,47.275,2,2,67,0,2,2,0,0.8461,1.675,6,0.3333,0.2626,0.2626,Low,0,,,0
258,Morning Peak,2,8.5,258,4,40.0,40,47.275,2,2,67,0,2,2,0,0.8461,1.675,4,0.5,0.394,0.394,Low,0,,,0
258,Off Peak,0,22.0,258,4,40.0,40,47.275,2,2,67,0,2,2,0,0.8461,1.675,14,0.0,0.0,0.0,Low,0,,,0
26,Evening Peak,3,17.6667,26,14,23.5,24,30.7,2,2,36,3,3,4,4,0.7655,1.5319,4,0.75,0.3838,0.3838,Low,0,,,0
26,Midday,3,12.6667,26,14,23.5,24,30.7,2,2,36,3,3,4,4,0.7655,1.5319,6,0.5,0.2558,0.2558,Low,0,,,0
26,Morning Peak,4,7.5,26,14,23.5,24,30.7,2,2,36,3,3,4,4,0.7655,1.5319,4,1.0,0.5117,0.5117,Medium,0,,,0
26,Off Peak,4,17.0,26,14,23.5,24,30.7,2,2,36,3,3,4,4,0.7655,1.5319,14,0.2857,0.1462,0.1462,Low,0,,,0
262,Evening Peak,2,18.0,262,12,68.5,69,103.2583,2,2,123,2,4,4,2,0.6634,1.7956,4,0.5,0.8605,0.8605,Low,0,,,0
262,Midday,4,11.5,262,12,68.5,69,103.2583,2,2,123,2,4,4,2,0.6634,1.7956,6,0.6667,1.1473,1.1473,Low,0,,,0
262,Morning Peak,4,7.0,262,12,68.5,69,103.2583,2,2,123,2,4,4,2,0.6634,1.7956,4,1.0,1.721,1.721,Medium,0,,,0
262,Off Peak,2,12.5,262,12,68.5,69,103.2583,2,2,123,2,4,4,2,0.6634,1.7956,14,0.1429,0.2459,0.2459,Low,0,,,0
264,Evening Peak,1,18.0,264,7,84.4286,85,158.3405,2,2,149,1,3,2,1,0.5332,1.7648,4,0.25,0.6598,0.6598,Low,0,,,0
264,Midday,3,13.0,264,7,84.4286,85,158.3405,2,2,149,1,3,2,1,0.5332,1.7648,6,0.5,1.3195,1.3195,Low,0,,,0
264,Morning Peak,2,7.5,264,7,84.4286,85,158.3405,2,2,149,1,3,2,1,0.5332,1.7648,4,0.5,1.3195,1.3195,Low,0,,,0
264,Off Peak,1,21.0,264,7,84.4286,85,158.3405,2,2,149,1,3,2,1,0.5332,1.7648,14,0.0714,0.1885,0.1885,Low,0,,,0
276,Evening Peak,10,16.7,276,57,50.9825,52,72.2263,2,2,91,10,17,24,6,0.7059,1.7849,4,2.5,3.0094,3.0094,Medium,0,,,0
276,Midday,17,13.3529,276,57,50.9825,52,72.2263,2,2,91,10,17,24,6,0.7059,1.7849,6,2.8333,3.4107,3.4107,High,0,,,0
276,Morning Peak,24,7.4583,276,57,50.9825,52,72.2263,2,2,91,10,17,24,6,0.7059,1.7849,4,6.0,7.2226,7.2226,High,0,,,0
276,Off Peak,6,12.5,276,57,50.9825,52,72.2263,2,2,91,10,17,24,6,0.7059,1.7849,14,0.4286,0.5159,0.5159,Low,0,,,0
277,Evening Peak,5,17.8,277,27,54.4444,56,69.4302,2,2,99,5,13,6,3,0.7842,1.8184,4,1.25,1.4465,1.4465,Medium,0,,,0
277,Midday,13,12.6923,277,27,54.4444,56,69.4302,2,2,99,5,13,6,3,0.7842,1.8184,6,2.1667,2.5072,2.5072,Medium,0,,,0
277,Morning Peak,6,7.5,277,27,54.4444,56,69.4302,2,2,99,5,13,6,3,0.7842,1.8184,4,1.5,1.7358,1.7358,Medium,0,,,0
277,Off Peak,3,20.3333,277,27,54.4444,56,69.4302,2,2,99,5,13,6,3,0.7842,1.8184,14,0.2143,0.248,0.248,Low,0,,,0
279,Evening Peak,2,17.5,279,7,90.5714,91,131.9833,2,2,167,2,3,2,0,0.6862,1.8438,4,0.5,1.0999,1.0999,Low,0,,,0
279,Midday,3,12.6667,279,7,90.5714,91,131.9833,2,2,167,2,3,2,0,0.6862,1.8438,6,0.5,1.0999,1.0999,Low,0,,,0
279,Morning Peak,2,7.5,279,7,90.5714,91,131.9833,2,2,167,2,3,2,0,0.6862,1.8438,4,0.5,1.0999,1.0999,Low,0,,,0
279,Off Peak,0,22.0,279,7,90.5714,91,131.9833,2,2,167,2,3,2,0,0.6862,1.8438,14,0.0,0.0,0.0,Low,0,,,0
281,Evening Peak,14,17.6429,281,51,56.0,56,84.6386,2,2,111,14,19,11,7,0.6616,1.9821,4,3.5,4.9372,4.9372,High,0,,,0
281,Midday,19,12.1053,281,51,56.0,56,84.6386,2,2,111,14,19,11,7,0.6616,1.9821,6,3.1667,4.467,4.467,High,0,,,0
281,Morning Peak,11,7.3636,281,51,56.0,56,84.6386,2,2,111,14,19,11,7,0.6616,1.9821,4,2.75,3.8793,3.8793,High,0,,,0
281,Off Peak,7,20.4286,281,51,56.0,56,84.6386,2,2,111,14,19,11,7,0.6616,1.9821,14,0.5,0.7053,0.7053,Low,0,,,0
282,Evening Peak,13,17.6154,282,55,50.4909,51,73.5827,2,2,99,13,20,11,11,0.6862,1.9607,4,3.25,3.9857,3.9857,High,0,,,0
282,Midday,20,12.6,282,55,50.4909,51,73.5827,2,2,99,13,20,11,11,0.6862,1.9607,6,3.3333,4.0879,4.0879,High,0,,,0
282,Morning Peak,11,7.9091,282,55,50.4909,51,73.5827,2,2,99,13,20,11,11,0.6862,1.9607,4,2.75,3.3725,3.3725,High,0,,,0
282,Off Peak,11,17.7273,282,55,50.4909,51,73.5827,2,2,99,13,20,11,11,0.6862,1.9607,14,0.7857,0.9636,0.9636,Medium,0,,,0
283,Evening Peak,0,18.0,283,4,32.5,33,36.6083,2,2,56,0,1,3,0,0.8878,1.7231,4,0.0,0.0,0.0,Low,0,,,0
283,Midday,1,10.0,283,4,32.5,33,36.6083,2,2,56,0,1,3,0,0.8878,1.7231,6,0.1667,0.1017,0.1017,Low,0,,,0
283,Morning Peak,3,8.0,283,4,32.5,33,36.6083,2,2,56,0,1,3,0,0.8878,1.7231,4,0.75,0.4576,0.4576,Low,0,,,0
283,Off Peak,0,22.0,283,4,32.5,33,36.6083,2,2,56,0,1,3,0,0.8878,1.7231,14,0.0,0.0,0.0,Low,0,,,0
29,Evening Peak,32,17.5312,29,140,50.5143,51,74.069,2,2,89,32,49,32,27,0.682,1.7619,4,8.0,9.8759,9.8759,High,0,,,0
29,Midday,49,12.4898,29,140,50.5143,51,74.069,2,2,89,32,49,32,27,0.682,1.7619,6,8.1667,10.0816,10.0816,High,0,,,0
29,Morning Peak,32,7.4688,29,140,50.5143,51,74.069,2,2,89,32,49,32,27,0.682,1.7619,4,8.0,9.8759,9.8759,High,0,,,0
29,Off Peak,27,19.1481,29,140,50.5143,51,74.069,2,2,89,32,49,32,27,0.682,1.7619,14,1.9286,2.3808,2.3808,Medium,0,,,0
290,Evening Peak,23,17.6522,290,96,25.0,25,31.18,2,2,38,23,35,25,13,0.8018,1.52,4,5.75,2.9881,2.9881,High,0,,,0
290,Midday,35,12.4286,290,96,25.0,25,31.18,2,2,38,23,35,25,13,0.8018,1.52,6,5.8333,3.0314,3.0314,High,0,,,0
290,Morning Peak,25,7.8,290,96,25.0,25,31.18,2,2,38,23,35,25,13,0.8018,1.52,4,6.25,3.2479,3.2479,High,0,,,0
290,Off Peak,13,19.6154,290,96,25.0,25,31.18,2,2,38,23,35,25,13,0.8018,1.52,14,0.9286,0.4825,0.4825,Medium,0,,,0
291,Evening Peak,36,17.4444,291,176,36.5,37,48.0167,2,2,66,36,67,41,32,0.7602,1.8082,4,9.0,7.2025,7.2025,High,0,,,0
291,Midday,67,12.2836,291,176,36.5,37,48.0167,2,2,66,36,67,41,32,0.7602,1.8082,6,11.1667,8.9364,8.9364,High,0,,,0
291,Morning Peak,41,7.6585,291,176,36.5,37,48.0167,2,2,66,36,67,41,32,0.7602,1.8082,4,10.25,8.2028,8.2028,High,0,,,0
291,Off Peak,32,19.125,291,176,36.5,37,48.0167,2,2,66,36,67,41,32,0.7602,1.8082,14,2.2857,1.8292,1.8292,Medium,0,,,0
292,Evening Peak,5,17.0,292,19,39.0,39,67.2412,2,2,70,5,6,4,4,0.58,1.7949,4,1.25,1.4009,1.4009,Medium,0,,,0
292,Midday,6,12.6667,292,19,39.0,39,67.2412,2,2,70,5,6,4,4,0.58,1.7949,6,1.0,1.1207,1.1207,Medium,0,,,0
292,Morning Peak,4,7.5,292,19,39.0,39,67.2412,2,2,70,5,6,4,4,0.58,1.7949,4,1.0,1.1207,1.1207,Medium,0,,,0
292,Off Peak,4,17.0,292,19,39.0,39,67.2412,2,2,70,5,6,4,4,0.58,1.7949,14,0.2857,0.3202,0.3202,Low,0,,,0
293,Evening Peak,1,18.0,293,6,81.0,81,146.2583,2,2,135,1,3,2,0,0.5538,1.6667,4,0.25,0.6094,0.6094,Low,0,,,0
293,Midday,3,13.0,293,6,81.0,81,146.2583,2,2,135,1,3,2,0,0.5538,1.6667,6,0.5,1.2188,1.2188,Low,0,,,0
293,Morning Peak,2,7.0,293,6,81.0,81,146.2583,2,2,135,1,3,2,0,0.5538,1.6667,4,0.5,1.2188,1.2188,Low,0,,,0
293,Off Peak,0,22.0,293,6,81.0,81,146.2583,2,2,135,1,3,2,0,0.5538,1.6667,14,0.0,0.0,0.0,Low,0,,,0
296,Evening Peak,5,18.0,296,21,104.0,104,166.6373,2,2,188,5,9,4,3,0.6241,1.8077,4,1.25,3.4716,3.4716,Medium,0,,,0
296,Midday,9,12.1111,296,21,104.0,104,166.6373,2,2,188,5,9,4,3,0.6241,1.8077,6,1.5,4.1659,4.1659,Medium,0,,,0
296,Morning Peak,4,7.25,296,21,104.0,104,166.6373,2,2,188,5,9,4,3,0.6241,1.8077,4,1.0,2.7773,2.7773,Medium,0,,,0
296,Off Peak,3,15.0,296,21,104.0,104,166.6373,2,2,188,5,9,4,3,0.6241,1.8077,14,0.2143,0.5951,0.5951,Low,0,,,0
296A,Evening Peak,2,17.0,296A,7,84.0,84,132.5786,2,2,158,2,3,2,0,0.6336,1.881,4,0.5,1.1048,1.1048,Low,0,,,0
296A,Midday,3,12.6667,296A,7,84.0,84,132.5786,2,2,158,2,3,2,0,0.6336,1.881,6,0.5,1.1048,1.1048,Low,0,,,0
296A,Morning Peak,2,8.0,296A,7,84.0,84,132.5786,2,2,158,2,3,2,0,0.6336,1.881,4,0.5,1.1048,1.1048,Low,0,,,0
296A,Off Peak,0,22.0,296A,7,84.0,84,132.5786,2,2,158,2,3,2,0,0.6336,1.881,14,0.0,0.0,0.0,Low,0,,,0
297,Evening Peak,3,17.0,297,14,27.0,27,35.2333,2,2,38,3,5,4,2,0.7663,1.4074,4,0.75,0.4404,0.4404,Low,0,,,0
297,Midday,5,12.0,297,14,27.0,27,35.2333,2,2,38,3,5,4,2,0.7663,1.4074,6,0.8333,0.4894,0.4894,Medium,0,,,0
297,Morning Peak,4,7.5,297,14,27.0,27,35.2333,2,2,38,3,5,4,2,0.7663,1.4074,4,1.0,0.5872,0.5872,Medium,0,,,0
297,Off Peak,2,20.5,297,14,27.0,27,35.2333,2,2,38,3,5,4,2,0.7663,1.4074,14,0.1429,0.0839,0.0839,Low,0,,,0
298,Evening Peak,24,17.7083,298,124,59.0,60,85.775,2,2,92,24,46,29,25,0.6878,1.5593,4,6.0,8.5775,8.5775,High,0,,,0
298,Midday,46,12.5,298,124,59.0,60,85.775,2,2,92,24,46,29,25,0.6878,1.5593,6,7.6667,10.9601,10.9601,High,0,,,0
298,Morning Peak,29,7.3103,298,124,59.0,60,85.775,2,2,92,24,46,29,25,0.6878,1.5593,4,7.25,10.3645,10.3645,High,0,,,0
298,Off Peak,25,19.16,298,124,59.0,60,85.775,2,2,92,24,46,29,25,0.6878,1.5593,14,1.7857,2.5528,2.5528,Medium,0,,,0
299,Evening Peak,33,17.3333,299,134,53.0,53,80.8667,2,2,93,33,46,37,18,0.6554,1.7547,4,8.25,11.1192,11.1192,High,0,,,0
299,Midday,46,12.3478,299,134,53.0,53,80.8667,2,2,93,33,46,37,18,0.6554,1.7547,6,7.6667,10.333,10.333,High,0,,,0
299,Morning Peak,37,7.4324,299,134,53.0,53,80.8667,2,2,93,33,46,37,18,0.6554,1.7547,4,9.25,12.4669,12.4669,High,0,,,0
299,Off Peak,18,17.5556,299,134,53.0,53,80.8667,2,2,93,33,46,37,18,0.6554,1.7547,14,1.2857,1.7329,1.7329,Medium,0,,,0
2A,Evening Peak,24,17.6667,2A,106,23.0,23,30.9566,2,2,32,24,39,27,16,0.743,1.3913,4,6.0,3.0957,3.0957,High,0,,,0
2A,Midday,39,12.4615,2A,106,23.0,23,30.9566,2,2,32,24,39,27,16,0.743,1.3913,6,6.5,3.3536,3.3536,High,0,,,0
2A,Morning Peak,27,7.7037,2A,106,23.0,23,30.9566,2,2,32,24,39,27,16,0.743,1.3913,4,6.75,3.4826,3.4826,High,0,,,0
2A,Off Peak,16,20.875,2A,106,23.0,23,30.9566,2,2,32,24,39,27,16,0.743,1.3913,14,1.1429,0.5896,0.5896,Medium,0,,,0
30,Evening Peak,8,17.75,30,39,66.0,66,96.4936,2,2,127,8,15,8,8,0.684,1.9242,4,2.0,3.2165,3.2165,Medium,0,,,0
30,Midday,15,12.4,30,39,66.0,66,96.4936,2,2,127,8,15,8,8,0.684,1.9242,6,2.5,4.0206,4.0206,Medium,0,,,0
30,Morning Peak,8,7.375,30,39,66.0,66,96.4936,2,2,127,8,15,8,8,0.684,1.9242,4,2.0,3.2165,3.2165,Medium,0,,,0
30,Off Peak,8,14.625,30,39,66.0,66,96.4936,2,2,127,8,15,8,8,0.684,1.9242,14,0.5714,0.919,0.919,Low,0,,,0
301,Evening Peak,48,17.5,301,198,39.0,39,57.6007,2,2,62,48,61,48,41,0.6771,1.5897,4,12.0,11.5201,11.5201,High,0,,,0
301,Midday,61,12.4262,301,198,39.0,39,57.6007,2,2,62,48,61,48,41,0.6771,1.5897,6,10.1667,9.7601,9.7601,High,0,,,0
301,Morning Peak,48,7.4792,301,198,39.0,39,57.6007,2,2,62,48,61,48,41,0.6771,1.5897,4,12.0,11.5201,11.5201,High,0,,,0
301,Off Peak,41,16.5122,301,198,39.0,39,57.6007,2,2,62,48,61,48,41,0.6771,1.5897,14,2.9286,2.8115,2.8115,High,0,,,0
301A,Evening Peak,7,16.7143,301A,38,37.0,37,54.1114,2,2,59,7,23,8,0,0.6838,1.5946,4,1.75,1.5782,1.5782,Medium,0,,,0
301A,Midday,23,12.7391,301A,38,37.0,37,54.1114,2,2,59,7,23,8,0,0.6838,1.5946,6,3.8333,3.4571,3.4571,High,0,,,0
301A,Morning Peak,8,8.125,301A,38,37.0,37,54.1114,2,2,59,7,23,8,0,0.6838,1.5946,4,2.0,1.8037,1.8037,Medium,0,,,0
301A,Off Peak,0,22.0,301A,38,37.0,37,54.1114,2,2,59,7,23,8,0,0.6838,1.5946,14,0.0,0.0,0.0,Low,0,,,0
302,Evening Peak,21,17.2381,302,107,25.0,25,27.1717,2,2,48,21,42,26,18,0.9201,1.92,4,5.25,2.3775,2.3775,High,0,,,0
302,Midday,42,12.4762,302,107,25.0,25,27.1717,2,2,48,21,42,26,18,0.9201,1.92,6,7.0,3.17,3.17,High,0,,,0
302,Morning Peak,26,7.7692,302,107,25.0,25,27.1717,2,2,48,21,42,26,18,0.9201,1.92,4,6.5,2.9436,2.9436,High,0,,,0
302,Off Peak,18,17.2222,302,107,25.0,25,27.1717,2,2,48,21,42,26,18,0.9201,1.92,14,1.2857,0.5822,0.5822,Medium,0,,,0
302A,Evening Peak,0,18.0,302A,4,49.0,49,59.15,2,2,83,0,2,2,0,0.8284,1.6939,4,0.0,0.0,0.0,Low,0,,,0
302A,Midday,2,10.5,302A,4,49.0,49,59.15,2,2,83,0,2,2,0,0.8284,1.6939,6,0.3333,0.3286,0.3286,Low,0,,,0
302A,Morning Peak,2,7.5,302A,4,49.0,49,59.15,2,2,83,0,2,2,0,0.8284,1.6939,4,0.5,0.4929,0.4929,Low,0,,,0
302A,Off Peak,0,22.0,302A,4,49.0,49,59.15,2,2,83,0,2,2,0,0.8284,1.6939,14,0.0,0.0,0.0,Low,0,,,0
303,Evening Peak,17,17.5882,303,79,16.9873,18,18.8863,2,2,34,17,26,22,14,0.8995,2.0015,4,4.25,1.3378,1.3378,High,0,,,0
303,Midday,26,12.3077,303,79,16.9873,18,18.8863,2,2,34,17,26,22,14,0.8995,2.0015,6,4.3333,1.364,1.364,High,0,,,0
303,Morning Peak,22,7.6818,303,79,16.9873,18,18.8863,2,2,34,17,26,22,14,0.8995,2.0015,4,5.5,1.7312,1.7312,High,0,,,0
303,Off Peak,14,19.5,303,79,16.9873,18,18.8863,2,2,34,17,26,22,14,0.8995,2.0015,14,1.0,0.3148,0.3148,Medium,0,,,0
303A,Evening Peak,0,18.0,303A,6,37.0,38,43.9083,2,2,71,0,3,3,0,0.8427,1.9189,4,0.0,0.0,0.0,Low,0,,,0
303A,Midday,3,11.0,303A,6,37.0,38,43.9083,2,2,71,0,3,3,0,0.8427,1.9189,6,0.5,0.3659,0.3659,Low,0,,,0
303A,Morning Peak,3,8.6667,303A,6,37.0,38,43.9083,2,2,71,0,3,3,0,0.8427,1.9189,4,0.75,0.5489,0.5489,Low,0,,,0
303A,Off Peak,0,22.0,303A,6,37.0,38,43.9083,2,2,71,0,3,3,0,0.8427,1.9189,14,0.0,0.0,0.0,Low,0,,,0
304,Evening Peak,36,17.5278,304,162,29.0,33,37.1333,2,2,54,36,60,39,27,0.781,1.8621,4,9.0,5.57,5.57,High,0,,,0
304,Midday,60,12.5,304,162,29.0,33,37.1333,2,2,54,36,60,39,27,0.781,1.8621,6,10.0,6.1889,6.1889,High,0,,,0
304,Morning Peak,39,7.6667,304,162,29.0,33,37.1333,2,2,54,36,60,39,27,0.781,1.8621,4,9.75,6.0342,6.0342,High,0,,,0
304,Off Peak,27,18.1481,304,162,29.0,33,37.1333,2,2,54,36,60,39,27,0.781,1.8621,14,1.9286,1.1936,1.1936,Medium,0,,,0
305,Evening Peak,20,17.5,305,80,46.0,46,66.225,2,2,87,20,27,21,12,0.6946,1.8913,4,5.0,5.5188,5.5188,High,0,,,0
305,Midday,27,12.5926,305,80,46.0,46,66.225,2,2,87,20,27,21,12,0.6946,1.8913,6,4.5,4.9669,4.9669,High,0,,,0
305,Morning Peak,21,7.5238,305,80,46.0,46,66.225,2,2,87,20,27,21,12,0.6946,1.8913,4,5.25,5.7947,5.7947,High,0,,,0
305,Off Peak,12,18.4167,305,80,46.0,46,66.225,2,2,87,20,27,21,12,0.6946,1.8913,14,0.8571,0.9461,0.9461,Medium,0,,,0
305A,Evening Peak,5,17.4,305A,19,59.5263,60,93.5763,2,2,114,5,7,6,1,0.6361,1.9151,4,1.25,1.9495,1.9495,Medium,0,,,0
305A,Midday,7,12.1429,305A,19,59.5263,60,93.5763,2,2,114,5,7,6,1,0.6361,1.9151,6,1.1667,1.8195,1.8195,Medium,0,,,0
305A,Morning Peak,6,7.5,305A,19,59.5263,60,93.5763,2,2,114,5,7,6,1,0.6361,1.9151,4,1.5,2.3394,2.3394,Medium,0,,,0
305A,Off Peak,1,5.0,305A,19,59.5263,60,93.5763,2,2,114,5,7,6,1,0.6361,1.9151,14,0.0714,0.1114,0.1114,Low,0,,,0
305B,Evening Peak,2,17.0,305B,10,65.6,66,103.6767,2,2,122,2,4,3,1,0.6327,1.8598,4,0.5,0.864,0.864,Low,0,,,0
305B,Midday,4,13.0,305B,10,65.6,66,103.6767,2,2,122,2,4,3,1,0.6327,1.8598,6,0.6667,1.152,1.152,Low,0,,,0
305B,Morning Peak,3,7.6667,305B,10,65.6,66,103.6767,2,2,122,2,4,3,1,0.6327,1.8598,4,0.75,1.296,1.296,Low,0,,,0
305B,Off Peak,1,20.0,305B,10,65.6,66,103.6767,2,2,122,2,4,3,1,0.6327,1.8598,14,0.0714,0.1234,0.1234,Low,0,,,0
306,Evening Peak,0,18.0,306,18,26.6111,27,36.1343,2,2,50,0,4,13,1,0.7365,1.8789,4,0.0,0.0,0.0,Low,0,,,0
306,Midday,4,10.5,306,18,26.6111,27,36.1343,2,2,50,0,4,13,1,0.7365,1.8789,6,0.6667,0.4015,0.4015,Low,0,,,0
306,Morning Peak,13,8.0,306,18,26.6111,27,36.1343,2,2,50,0,4,13,1,0.7365,1.8789,4,3.25,1.9573,1.9573,High,0,,,0
306,Off Peak,1,5.0,306,18,26.6111,27,36.1343,2,2,50,0,4,13,1,0.7365,1.8789,14,0.0714,0.043,0.043,Low,0,,,0
306A,Evening Peak,3,18.0,306A,8,34.0,34,43.3,2,2,67,3,2,3,0,0.7852,1.9706,4,0.75,0.5412,0.5412,Low,0,,,0
306A,Midday,2,10.5,306A,8,34.0,34,43.3,2,2,67,3,2,3,0,0.7852,1.9706,6,0.3333,0.2406,0.2406,Low,0,,,0
306A,Morning Peak,3,8.0,306A,8,34.0,34,43.3,2,2,67,3,2,3,0,0.7852,1.9706,4,0.75,0.5412,0.5412,Low,0,,,0
306A,Off Peak,0,22.0,306A,8,34.0,34,43.3,2,2,67,3,2,3,0,0.7852,1.9706,14,0.0,0.0,0.0,Low,0,,,0
307,Evening Peak,0,18.0,307,10,20.0,20,21.75,2,2,36,0,5,5,0,0.9195,1.8,4,0.0,0.0,0.0,Low,0,,,0
307,Midday,5,11.0,307,10,20.0,20,21.75,2,2,36,0,5,5,0,0.9195,1.8,6,0.8333,0.3021,0.3021,Medium,0,,,0
307,Morning Peak,5,8.0,307,10,20.0,20,21.75,2,2,36,0,5,5,0,0.9195,1.8,4,1.25,0.4531,0.4531,Medium,0,,,0
307,Off Peak,0,22.0,307,10,20.0,20,21.75,2,2,36,0,5,5,0,0.9195,1.8,14,0.0,0.0,0.0,Low,0,,,0
308,Evening Peak,8,17.5,308,40,12.0,12,12.3833,2,2,23,8,14,15,3,0.969,1.9167,4,2.0,0.4128,0.4128,Medium,0,,,0
308,Midday,14,11.7143,308,40,12.0,12,12.3833,2,2,23,8,14,15,3,0.969,1.9167,6,2.3333,0.4816,0.4816,Medium,0,,,0
308,Morning Peak,15,7.6,308,40,12.0,12,12.3833,2,2,23,8,14,15,3,0.969,1.9167,4,3.75,0.774,0.774,High,0,,,0
308,Off Peak,3,20.6667,308,40,12.0,12,12.3833,2,2,23,8,14,15,3,0.969,1.9167,14,0.2143,0.0442,0.0442,Low,0,,,0
309,Evening Peak,42,17.4048,309,170,46.0,46,57.9785,2,2,77,42,64,40,24,0.7934,1.6739,4,10.5,10.1462,10.1462,High,0,,,0
309,Midday,64,12.5781,309,170,46.0,46,57.9785,2,2,77,42,64,40,24,0.7934,1.6739,6,10.6667,10.3073,10.3073,High,0,,,0
309,Morning Peak,40,7.775,309,170,46.0,46,57.9785,2,2,77,42,64,40,24,0.7934,1.6739,4,10.0,9.6631,9.6631,High,0,,,0
309,Off Peak,24,19.5,309,170,46.0,46,57.9785,2,2,77,42,64,40,24,0.7934,1.6739,14,1.7143,1.6565,1.6565,Medium,0,,,0
312,Evening Peak,2,18.5,312,19,46.1053,47,66.2974,2,2,89,2,7,6,4,0.6954,1.9304,4,0.5,0.5525,0.5525,Low,0,,,0
312,Midday,7,12.8571,312,19,46.1053,47,66.2974,2,2,89,2,7,6,4,0.6954,1.9304,6,1.1667,1.2891,1.2891,Medium,0,,,0
312,Morning Peak,6,7.5,312,19,46.1053,47,66.2974,2,2,89,2,7,6,4,0.6954,1.9304,4,1.5,1.6574,1.6574,Medium,0,,,0
312,Off Peak,4,20.75,312,19,46.1053,47,66.2974,2,2,89,2,7,6,4,0.6954,1.9304,14,0.2857,0.3157,0.3157,Low,0,,,0
313,Evening Peak,22,17.3636,313,89,44.0,44,60.2732,2,2,85,22,33,23,11,0.73,1.9318,4,5.5,5.525,5.525,High,0,,,0
313,Midday,33,12.5152,313,89,44.0,44,60.2732,2,2,85,22,33,23,11,0.73,1.9318,6,5.5,5.525,5.525,High,0,,,0
313,Morning Peak,23,7.6087,313,89,44.0,44,60.2732,2,2,85,22,33,23,11,0.73,1.9318,4,5.75,5.7762,5.7762,High,0,,,0
313,Off Peak,11,19.2727,313,89,44.0,44,60.2732,2,2,85,22,33,23,11,0.73,1.9318,14,0.7857,0.7893,0.7893,Medium,0,,,0
314,Evening Peak,17,17.5882,314,80,53.5,57,72.25,2,2,98,17,27,17,19,0.7405,1.8318,4,4.25,5.1177,5.1177,High,0,,,0
314,Midday,27,12.4815,314,80,53.5,57,72.25,2,2,98,17,27,17,19,0.7405,1.8318,6,4.5,5.4188,5.4188,High,0,,,0
314,Morning Peak,17,7.4706,314,80,53.5,57,72.25,2,2,98,17,27,17,19,0.7405,1.8318,4,4.25,5.1177,5.1177,High,0,,,0
314,Off Peak,19,17.6316,314,80,53.5,57,72.25,2,2,98,17,27,17,19,0.7405,1.8318,14,1.3571,1.6342,1.6342,Medium,0,,,0
315,Evening Peak,25,17.48,315,126,41.5238,43,57.2495,2,2,81,25,39,32,30,0.7253,1.9507,4,6.25,5.9635,5.9635,High,0,,,0
315,Midday,39,12.2821,315,126,41.5238,43,57.2495,2,2,81,25,39,32,30,0.7253,1.9507,6,6.5,6.202,6.202,High,0,,,0
315,Morning Peak,32,7.5,315,126,41.5238,43,57.2495,2,2,81,25,39,32,30,0.7253,1.9507,4,8.0,7.6333,7.6333,High,0,,,0
315,Off Peak,30,17.1,315,126,41.5238,43,57.2495,2,2,81,25,39,32,30,0.7253,1.9507,14,2.1429,2.0446,2.0446,Medium,0,,,0
316,Evening Peak,2,18.0,316,8,63.0,64,90.5833,2,2,121,2,3,3,0,0.6955,1.9206,4,0.5,0.7549,0.7549,Low,0,,,0
316,Midday,3,12.3333,316,8,63.0,64,90.5833,2,2,121,2,3,3,0,0.6955,1.9206,6,0.5,0.7549,0.7549,Low,0,,,0
316,Morning Peak,3,7.3333,316,8,63.0,64,90.5833,2,2,121,2,3,3,0,0.6955,1.9206,4,0.75,1.1323,1.1323,Low,0,,,0
316,Off Peak,0,22.0,316,8,63.0,64,90.5833,2,2,121,2,3,3,0,0.6955,1.9206,14,0.0,0.0,0.0,Low,0,,,0
317,Evening Peak,6,17.3333,317,34,50.0,51,74.5917,2,2,97,6,12,9,7,0.6703,1.94,4,1.5,1.8648,1.8648,Medium,0,,,0
317,Midday,12,12.4167,317,34,50.0,51,74.5917,2,2,97,6,12,9,7,0.6703,1.94,6,2.0,2.4864,2.4864,Medium,0,,,0
317,Morning Peak,9,7.3333,317,34,50.0,51,74.5917,2,2,97,6,12,9,7,0.6703,1.94,4,2.25,2.7972,2.7972,Medium,0,,,0
317,Off Peak,7,18.8571,317,34,50.0,51,74.5917,2,2,97,6,12,9,7,0.6703,1.94,14,0.5,0.6216,0.6216,Low,0,,,0
320,Evening Peak,0,18.0,320,13,38.8462,41,46.6603,2,2,72,0,7,6,0,0.8325,1.8535,4,0.0,0.0,0.0,Low,0,,,0
320,Midday,7,11.7143,320,13,38.8462,41,46.6603,2,2,72,0,7,6,0,0.8325,1.8535,6,1.1667,0.9073,0.9073,Medium,0,,,0
320,Morning Peak,6,8.1667,320,13,38.8462,41,46.6603,2,2,72,0,7,6,0,0.8325,1.8535,4,1.5,1.1665,1.1665,Medium,0,,,0
320,Off Peak,0,22.0,320,13,38.8462,41,46.6603,2,2,72,0,7,6,0,0.8325,1.8535,14,0.0,0.0,0.0,Low,0,,,0
321,Evening Peak,0,18.0,321,12,15.0,15,17.5,2,2,26,0,6,6,0,0.8571,1.7333,4,0.0,0.0,0.0,Low,0,,,0
321,Midday,6,10.6667,321,12,15.0,15,17.5,2,2,26,0,6,6,0,0.8571,1.7333,6,1.0,0.2917,0.2917,Medium,0,,,0
321,Morning Peak,6,8.5,321,12,15.0,15,17.5,2,2,26,0,6,6,0,0.8571,1.7333,4,1.5,0.4375,0.4375,Medium,0,,,0
321,Off Peak,0,22.0,321,12,15.0,15,17.5,2,2,26,0,6,6,0,0.8571,1.7333,14,0.0,0.0,0.0,Low,0,,,0
322,Evening Peak,19,17.6842,322,103,53.4854,55,69.5204,2,2,100,19,38,27,19,0.7693,1.8697,4,4.75,5.5037,5.5037,High,0,,,0
322,Midday,38,12.4211,322,103,53.4854,55,69.5204,2,2,100,19,38,27,19,0.7693,1.8697,6,6.3333,7.3383,7.3383,High,0,,,0
322,Morning Peak,27,7.6667,322,103,53.4854,55,69.5204,2,2,100,19,38,27,19,0.7693,1.8697,4,6.75,7.821,7.821,High,0,,,0
322,Off Peak,19,18.4211,322,103,53.4854,55,69.5204,2,2,100,19,38,27,19,0.7693,1.8697,14,1.3571,1.5725,1.5725,Medium,0,,,0
322A,Evening Peak,0,18.0,322A,10,55.5,57,70.8167,2,2,103,0,5,5,0,0.7837,1.8559,4,0.0,0.0,0.0,Low,0,,,0
322A,Midday,5,12.4,322A,10,55.5,57,70.8167,2,2,103,0,5,5,0,0.7837,1.8559,6,0.8333,0.9836,0.9836,Medium,0,,,0
322A,Morning Peak,5,8.0,322A,10,55.5,57,70.8167,2,2,103,0,5,5,0,0.7837,1.8559,4,1.25,1.4753,1.4753,Medium,0,,,0
322A,Off Peak,0,22.0,322A,10,55.5,57,70.8167,2,2,103,0,5,5,0,0.7837,1.8559,14,0.0,0.0,0.0,Low,0,,,0
323,Evening Peak,9,17.5556,323,50,47.0,48,66.6583,2,2,93,9,25,12,4,0.7051,1.9787,4,2.25,2.4997,2.4997,Medium,0,,,0
323,Midday,25,12.48,323,50,47.0,48,66.6583,2,2,93,9,25,12,4,0.7051,1.9787,6,4.1667,4.6291,4.6291,High,0,,,0
323,Morning Peak,12,7.8333,323,50,47.0,48,66.6583,2,2,93,9,25,12,4,0.7051,1.9787,4,3.0,3.3329,3.3329,High,0,,,0
323,Off Peak,4,20.5,323,50,47.0,48,66.6583,2,2,93,9,25,12,4,0.7051,1.9787,14,0.2857,0.3174,0.3174,Low,0,,,0
323A,Evening Peak,3,17.6667,323A,12,39.0,41,57.3583,2,2,76,3,5,3,1,0.6799,1.9487,4,0.75,0.717,0.717,Low,0,,,0
323A,Midday,5,12.6,323A,12,39.0,41,57.3583,2,2,76,3,5,3,1,0.6799,1.9487,6,0.8333,0.7966,0.7966,Medium,0,,,0
323A,Morning Peak,3,7.3333,323A,12,39.0,41,57.3583,2,2,76,3,5,3,1,0.6799,1.9487,4,0.75,0.717,0.717,Low,0,,,0
323A,Off Peak,1,20.0,323A,12,39.0,41,57.3583,2,2,76,3,5,3,1,0.6799,1.9487,14,0.0714,0.0683,0.0683,Low,0,,,0
324,Evening Peak,41,17.4146,324,170,44.5118,45,69.6209,2,2,79,41,54,40,35,0.6393,1.7748,4,10.25,11.8936,11.8936,High,0,,,0
324,Midday,54,12.6296,324,170,44.5118,45,69.6209,2,2,79,41,54,40,35,0.6393,1.7748,6,9.0,10.4431,10.4431,High,0,,,0
324,Morning Peak,40,7.625,324,170,44.5118,45,69.6209,2,2,79,41,54,40,35,0.6393,1.7748,4,10.0,11.6035,11.6035,High,0,,,0
324,Off Peak,35,18.8571,324,170,44.5118,45,69.6209,2,2,79,41,54,40,35,0.6393,1.7748,14,2.5,2.9009,2.9009,Medium,0,,,0
326,Evening Peak,4,17.5,326,19,25.4737,26,33.8772,2,2,49,4,7,4,4,0.7519,1.9236,4,1.0,0.5646,0.5646,Medium,0,,,0
326,Midday,7,12.7143,326,19,25.4737,26,33.8772,2,2,49,4,7,4,4,0.7519,1.9236,6,1.1667,0.6587,0.6587,Medium,0,,,0
326,Morning Peak,4,7.5,326,19,25.4737,26,33.8772,2,2,49,4,7,4,4,0.7519,1.9236,4,1.0,0.5646,0.5646,Medium,0,,,0
326,Off Peak,4,16.75,326,19,25.4737,26,33.8772,2,2,49,4,7,4,4,0.7519,1.9236,14,0.2857,0.1613,0.1613,Low,0,,,0
327,Evening Peak,16,17.5,327,56,83.0,86,109.825,2,2,155,16,22,16,2,0.7557,1.8675,4,4.0,7.3217,7.3217,High,0,,,0
327,Midday,22,12.5455,327,56,83.0,86,109.825,2,2,155,16,22,16,2,0.7557,1.8675,6,3.6667,6.7115,6.7115,High,0,,,0
327,Morning Peak,16,7.75,327,56,83.0,86,109.825,2,2,155,16,22,16,2,0.7557,1.8675,4,4.0,7.3217,7.3217,High,0,,,0
327,Off Peak,2,20.0,327,56,83.0,86,109.825,2,2,155,16,22,16,2,0.7557,1.8675,14,0.1429,0.2615,0.2615,Low,0,,,0
329,Evening Peak,9,17.5556,329,34,47.5294,48,70.5343,2,2,78,9,10,10,5,0.6738,1.6411,4,2.25,2.645,2.645,Medium,0,,,0
329,Midday,10,11.9,329,34,47.5294,48,70.5343,2,2,78,9,10,10,5,0.6738,1.6411,6,1.6667,1.9593,1.9593,Medium,0,,,0
329,Morning Peak,10,7.6,329,34,47.5294,48,70.5343,2,2,78,9,10,10,5,0.6738,1.6411,4,2.5,2.9389,2.9389,Medium,0,,,0
329,Off Peak,5,17.6,329,34,47.5294,48,70.5343,2,2,78,9,10,10,5,0.6738,1.6411,14,0.3571,0.4198,0.4198,Low,0,,,0
330,Evening Peak,0,18.0,330,6,69.0,69,92.9111,2,2,125,0,1,4,1,0.7426,1.8116,4,0.0,0.0,0.0,Low,0,,,0
330,Midday,1,12.0,330,6,69.0,69,92.9111,2,2,125,0,1,4,1,0.7426,1.8116,6,0.1667,0.2581,0.2581,Low,0,,,0
330,Morning Peak,4,7.5,330,6,69.0,69,92.9111,2,2,125,0,1,4,1,0.7426,1.8116,4,1.0,1.5485,1.5485,Medium,0,,,0
330,Off Peak,1,22.0,330,6,69.0,69,92.9111,2,2,125,0,1,4,1,0.7426,1.8116,14,0.0714,0.1106,0.1106,Low,0,,,0
331,Evening Peak,36,17.4167,331,143,35.5035,36,40.6218,2,2,68,36,50,38,19,0.874,1.9153,4,9.0,6.0933,6.0933,High,0,,,0
331,Midday,50,12.42,331,143,35.5035,36,40.6218,2,2,68,36,50,38,19,0.874,1.9153,6,8.3333,5.6419,5.6419,High,0,,,0
331,Morning Peak,38,7.5526,331,143,35.5035,36,40.6218,2,2,68,36,50,38,19,0.874,1.9153,4,9.5,6.4318,6.4318,High,0,,,0
331,Off Peak,19,20.8421,331,143,35.5035,36,40.6218,2,2,68,36,50,38,19,0.874,1.9153,14,1.3571,0.9188,0.9188,Medium,0,,,0
331A,Evening Peak,3,17.6667,331A,9,61.3333,63,72.6796,2,2,111,3,3,3,0,0.8439,1.8098,4,0.75,0.9085,0.9085,Low,0,,,0
331A,Midday,3,12.6667,331A,9,61.3333,63,72.6796,2,2,111,3,3,3,0,0.8439,1.8098,6,0.5,0.6057,0.6057,Low,0,,,0
331A,Morning Peak,3,8.0,331A,9,61.3333,63,72.6796,2,2,111,3,3,3,0,0.8439,1.8098,4,0.75,0.9085,0.9085,Low,0,,,0
331A,Off Peak,0,22.0,331A,9,61.3333,63,72.6796,2,2,111,3,3,3,0,0.8439,1.8098,14,0.0,0.0,0.0,Low,0,,,0
331B,Evening Peak,3,17.3333,331B,9,59.1111,60,69.0537,2,2,103,3,3,3,0,0.856,1.7425,4,0.75,0.8632,0.8632,Low,0,,,0
331B,Midday,3,12.6667,331B,9,59.1111,60,69.0537,2,2,103,3,3,3,0,0.856,1.7425,6,0.5,0.5754,0.5754,Low,0,,,0
331B,Morning Peak,3,8.0,331B,9,59.1111,60,69.0537,2,2,103,3,3,3,0,0.856,1.7425,4,0.75,0.8632,0.8632,Low,0,,,0
331B,Off Peak,0,22.0,331B,9,59.1111,60,69.0537,2,2,103,3,3,3,0,0.856,1.7425,14,0.0,0.0,0.0,Low,0,,,0
332,Evening Peak,3,17.0,332,14,37.0,37,52.7583,2,2,60,3,4,4,3,0.7013,1.6216,4,0.75,0.6595,0.6595,Low,0,,,0
332,Midday,4,12.25,332,14,37.0,37,52.7583,2,2,60,3,4,4,3,0.7013,1.6216,6,0.6667,0.5862,0.5862,Low,0,,,0
332,Morning Peak,4,7.5,332,14,37.0,37,52.7583,2,2,60,3,4,4,3,0.7013,1.6216,4,1.0,0.8793,0.8793,Medium,0,,,0
332,Off Peak,3,15.3333,332,14,37.0,37,52.7583,2,2,60,3,4,4,3,0.7013,1.6216,14,0.2143,0.1884,0.1884,Low,0,,,0
333,Evening Peak,7,18.0,333,41,62.5122,63,90.9102,2,2,112,7,17,12,5,0.6876,1.7917,4,1.75,2.6515,2.6515,Medium,0,,,0
333,Midday,17,12.1176,333,41,62.5122,63,90.9102,2,2,112,7,17,12,5,0.6876,1.7917,6,2.8333,4.293,4.293,High,0,,,0
333,Morning Peak,12,7.4167,333,41,62.5122,63,90.9102,2,2,112,7,17,12,5,0.6876,1.7917,4,3.0,4.5455,4.5455,High,0,,,0
333,Off Peak,5,14.4,333,41,62.5122,63,90.9102,2,2,112,7,17,12,5,0.6876,1.7917,14,0.3571,0.5411,0.5411,Low,0,,,0
334,Evening Peak,0,18.0,334,8,18.5,20,23.0417,2,2,35,0,3,5,0,0.8029,1.8919,4,0.0,0.0,0.0,Low,0,,,0
334,Midday,3,11.0,334,8,18.5,20,23.0417,2,2,35,0,3,5,0,0.8029,1.8919,6,0.5,0.192,0.192,Low,0,,,0
334,Morning Peak,5,7.4,334,8,18.5,20,23.0417,2,2,35,0,3,5,0,0.8029,1.8919,4,1.25,0.48,0.48,Medium,0,,,0
334,Off Peak,0,22.0,334,8,18.5,20,23.0417,2,2,35,0,3,5,0,0.8029,1.8919,14,0.0,0.0,0.0,Low,0,,,0
336,Evening Peak,15,17.9333,336,85,55.4824,57,91.6975,2,2,108,15,25,20,25,0.6051,1.9466,4,3.75,5.7311,5.7311,High,0,,,0
336,Midday,25,12.32,336,85,55.4824,57,91.6975,2,2,108,15,25,20,25,0.6051,1.9466,6,4.1667,6.3679,6.3679,High,0,,,0
336,Morning Peak,20,7.3,336,85,55.4824,57,91.6975,2,2,108,15,25,20,25,0.6051,1.9466,4,5.0,7.6415,7.6415,High,0,,,0
336,Off Peak,25,18.56,336,85,55.4824,57,91.6975,2,2,108,15,25,20,25,0.6051,1.9466,14,1.7857,2.7291,2.7291,Medium,0,,,0
337,Evening Peak,3,18.0,337,16,67.5,68,95.125,2,2,134,3,6,4,3,0.7096,1.9852,4,0.75,1.1891,1.1891,Low,0,,,0
337,Midday,6,12.6667,337,16,67.5,68,95.125,2,2,134,3,6,4,3,0.7096,1.9852,6,1.0,1.5854,1.5854,Medium,0,,,0
337,Morning Peak,4,7.25,337,16,67.5,68,95.125,2,2,134,3,6,4,3,0.7096,1.9852,4,1.0,1.5854,1.5854,Medium,0,,,0
337,Off Peak,3,15.0,337,16,67.5,68,95.125,2,2,134,3,6,4,3,0.7096,1.9852,14,0.2143,0.3397,0.3397,Low,0,,,0
339,Evening Peak,1,18.0,339,9,66.0,66,98.1185,2,2,118,1,3,2,3,0.6727,1.7879,4,0.25,0.4088,0.4088,Low,0,,,0
339,Midday,3,13.0,339,9,66.0,66,98.1185,2,2,118,1,3,2,3,0.6727,1.7879,6,0.5,0.8177,0.8177,Low,0,,,0
339,Morning Peak,2,8.0,339,9,66.0,66,98.1185,2,2,118,1,3,2,3,0.6727,1.7879,4,0.5,0.8177,0.8177,Low,0,,,0
339,Off Peak,3,15.3333,339,9,66.0,66,98.1185,2,2,118,1,3,2,3,0.6727,1.7879,14,0.2143,0.3504,0.3504,Low,0,,,0
34,Evening Peak,0,18.0,34,20,30.0,30,57.9917,2,2,50,0,11,9,0,0.5173,1.6667,4,0.0,0.0,0.0,Low,0,,,0
34,Midday,11,10.7273,34,20,30.0,30,57.9917,2,2,50,0,11,9,0,0.5173,1.6667,6,1.8333,1.772,1.772,Medium,0,,,0
34,Morning Peak,9,8.3333,34,20,30.0,30,57.9917,2,2,50,0,11,9,0,0.5173,1.6667,4,2.25,2.1747,2.1747,Medium,0,,,0
34,Off Peak,0,22.0,34,20,30.0,30,57.9917,2,2,50,0,11,9,0,0.5173,1.6667,14,0.0,0.0,0.0,Low,0,,,0
340,Evening Peak,11,17.6364,340,45,47.0,47,60.5715,2,2,85,11,13,12,9,0.7759,1.8085,4,2.75,2.7762,2.7762,High,0,,,0
340,Midday,13,12.1538,340,45,47.0,47,60.5715,2,2,85,11,13,12,9,0.7759,1.8085,6,2.1667,2.1873,2.1873,Medium,0,,,0
340,Morning Peak,12,7.5,340,45,47.0,47,60.5715,2,2,85,11,13,12,9,0.7759,1.8085,4,3.0,3.0286,3.0286,High,0,,,0
340,Off Peak,9,19.2222,340,45,47.0,47,60.5715,2,2,85,11,13,12,9,0.7759,1.8085,14,0.6429,0.649,0.649,Low,0,,,0
341,Evening Peak,4,17.5,341,14,47.0,47,68.525,2,2,90,4,5,3,2,0.6859,1.9149,4,1.0,1.1421,1.1421,Medium,0,,,0
341,Midday,5,11.8,341,14,47.0,47,68.525,2,2,90,4,5,3,2,0.6859,1.9149,6,0.8333,0.9517,0.9517,Medium,0,,,0
341,Morning Peak,3,7.0,341,14,47.0,47,68.525,2,2,90,4,5,3,2,0.6859,1.9149,4,0.75,0.8566,0.8566,Low,0,,,0
341,Off Peak,2,12.5,341,14,47.0,47,68.525,2,2,90,4,5,3,2,0.6859,1.9149,14,0.1429,0.1632,0.1632,Low,0,,,0
342,Evening Peak,0,18.0,342,6,37.0,37,52.75,2,2,60,0,2,4,0,0.7014,1.6216,4,0.0,0.0,0.0,Low,0,,,0
342,Midday,2,11.5,342,6,37.0,37,52.75,2,2,60,0,2,4,0,0.7014,1.6216,6,0.3333,0.2931,0.2931,Low,0,,,0
342,Morning Peak,4,7.5,342,6,37.0,37,52.75,2,2,60,0,2,4,0,0.7014,1.6216,4,1.0,0.8792,0.8792,Medium,0,,,0
342,Off Peak,0,22.0,342,6,37.0,37,52.75,2,2,60,0,2,4,0,0.7014,1.6216,14,0.0,0.0,0.0,Low,0,,,0
343,Evening Peak,10,17.6,343,53,51.5094,52,74.5682,2,2,100,10,19,18,6,0.6908,1.9414,4,2.5,3.107,3.107,Medium,0,,,0
343,Midday,19,11.0,343,53,51.5094,52,74.5682,2,2,100,10,19,18,6,0.6908,1.9414,6,3.1667,3.9355,3.9355,High,0,,,0
343,Morning Peak,18,8.0556,343,53,51.5094,52,74.5682,2,2,100,10,19,18,6,0.6908,1.9414,4,4.5,5.5926,5.5926,High,0,,,0
343,Off Peak,6,20.8333,343,53,51.5094,52,74.5682,2,2,100,10,19,18,6,0.6908,1.9414,14,0.4286,0.5326,0.5326,Low,0,,,0
344,Evening Peak,5,16.8,344,27,77.5185,78,93.1117,2,2,139,5,10,9,3,0.8325,1.7931,4,1.25,1.9398,1.9398,Medium,0,,,0
344,Midday,10,12.2,344,27,77.5185,78,93.1117,2,2,139,5,10,9,3,0.8325,1.7931,6,1.6667,2.5864,2.5864,Medium,0,,,0
344,Morning Peak,9,7.5556,344,27,77.5185,78,93.1117,2,2,139,5,10,9,3,0.8325,1.7931,4,2.25,3.4917,3.4917,Medium,0,,,0
344,Off Peak,3,15.3333,344,27,77.5185,78,93.1117,2,2,139,5,10,9,3,0.8325,1.7931,14,0.2143,0.3325,0.3325,Low,0,,,0
345,Evening Peak,9,17.5556,345,32,41.5,42,63.7583,2,2,74,9,9,10,4,0.6509,1.7831,4,2.25,2.3909,2.3909,Medium,0,,,0
345,Midday,9,11.3333,345,32,41.5,42,63.7583,2,2,74,9,9,10,4,0.6509,1.7831,6,1.5,1.594,1.594,Medium,0,,,0
345,Morning Peak,10,7.8,345,32,41.5,42,63.7583,2,2,74,9,9,10,4,0.6509,1.7831,4,2.5,2.6566,2.6566,Medium,0,,,0
345,Off Peak,4,20.25,345,32,41.5,42,63.7583,2,2,74,9,9,10,4,0.6509,1.7831,14,0.2857,0.3036,0.3036,Low,0,,,0
346,Evening Peak,11,17.3636,346,60,57.5,58,74.475,2,2,113,11,23,16,10,0.7721,1.9652,4,2.75,3.4134,3.4134,High,0,,,0
346,Midday,23,12.0435,346,60,57.5,58,74.475,2,2,113,11,23,16,10,0.7721,1.9652,6,3.8333,4.7581,4.7581,High,0,,,0
346,Morning Peak,16,7.5625,346,60,57.5,58,74.475,2,2,113,11,23,16,10,0.7721,1.9652,4,4.0,4.965,4.965,High,0,,,0
346,Off Peak,10,19.2,346,60,57.5,58,74.475,2,2,113,11,23,16,10,0.7721,1.9652,14,0.7143,0.8866,0.8866,Low,0,,,0
348,Evening Peak,16,17.625,348,101,50.0,50,74.4553,2,2,83,16,38,28,19,0.6715,1.66,4,4.0,4.9637,4.9637,High,0,,,0
348,Midday,38,12.3421,348,101,50.0,50,74.4553,2,2,83,16,38,28,19,0.6715,1.66,6,6.3333,7.8592,7.8592,High,0,,,0
348,Morning Peak,28,7.6786,348,101,50.0,50,74.4553,2,2,83,16,38,28,19,0.6715,1.66,4,7.0,8.6864,8.6864,High,0,,,0
348,Off Peak,19,17.3684,348,101,50.0,50,74.4553,2,2,83,16,38,28,19,0.6715,1.66,14,1.3571,1.6841,1.6841,Medium,0,,,0
35,Evening Peak,38,17.5263,35,176,33.9886,35,63.9077,2,2,54,38,61,46,31,0.5318,1.5888,4,9.5,10.1187,10.1187,High,0,,,0
35,Midday,61,12.4262,35,176,33.9886,35,63.9077,2,2,54,38,61,46,31,0.5318,1.5888,6,10.1667,10.8288,10.8288,High,0,,,0
35,Morning Peak,46,7.6522,35,176,33.9886,35,63.9077,2,2,54,38,61,46,31,0.5318,1.5888,4,11.5,12.249,12.249,High,0,,,0
35,Off Peak,31,20.6774,35,176,33.9886,35,63.9077,2,2,54,38,61,46,31,0.5318,1.5888,14,2.2143,2.3585,2.3585,Medium,0,,,0
350,Evening Peak,43,17.5814,350,179,29.0,29,33.9991,2,2,50,43,54,46,36,0.853,1.7241,4,10.75,6.0915,6.0915,High,0,,,0
350,Midday,54,12.1481,350,179,29.0,29,33.9991,2,2,50,43,54,46,36,0.853,1.7241,6,9.0,5.0999,5.0999,High,0,,,0
350,Morning Peak,46,7.5652,350,179,29.0,29,33.9991,2,2,50,43,54,46,36,0.853,1.7241,4,11.5,6.5165,6.5165,High,0,,,0
350,Off Peak,36,18.0,350,179,29.0,29,33.9991,2,2,50,43,54,46,36,0.853,1.7241,14,2.5714,1.4571,1.4571,Medium,0,,,0
351,Evening Peak,1,18.0,351,6,76.0,78,107.5222,2,2,127,1,2,3,0,0.7068,1.6711,4,0.25,0.448,0.448,Low,0,,,0
351,Midday,2,13.5,351,6,76.0,78,107.5222,2,2,127,1,2,3,0,0.7068,1.6711,6,0.3333,0.5973,0.5973,Low,0,,,0
351,Morning Peak,3,7.6667,351,6,76.0,78,107.5222,2,2,127,1,2,3,0,0.7068,1.6711,4,0.75,1.344,1.344,Low,0,,,0
351,Off Peak,0,22.0,351,6,76.0,78,107.5222,2,2,127,1,2,3,0,0.7068,1.6711,14,0.0,0.0,0.0,Low,0,,,0
352,Evening Peak,1,17.0,352,4,81.0,82,136.6,2,2,90,1,1,2,0,0.593,1.1111,4,0.25,0.5692,0.5692,Low,0,,,0
352,Midday,1,12.0,352,4,81.0,82,136.6,2,2,90,1,1,2,0,0.593,1.1111,6,0.1667,0.3794,0.3794,Low,0,,,0
352,Morning Peak,2,8.0,352,4,81.0,82,136.6,2,2,90,1,1,2,0,0.593,1.1111,4,0.5,1.1383,1.1383,Low,0,,,0
352,Off Peak,0,22.0,352,4,81.0,82,136.6,2,2,90,1,1,2,0,0.593,1.1111,14,0.0,0.0,0.0,Low,0,,,0
353,Evening Peak,4,18.25,353,25,51.52,52,93.48,2,2,101,4,11,10,0,0.5511,1.9604,4,1.0,1.558,1.558,Medium,0,,,0
353,Midday,11,11.7273,353,25,51.52,52,93.48,2,2,101,4,11,10,0,0.5511,1.9604,6,1.8333,2.8563,2.8563,Medium,0,,,0
353,Morning Peak,10,8.0,353,25,51.52,52,93.48,2,2,101,4,11,10,0,0.5511,1.9604,4,2.5,3.895,3.895,Medium,0,,,0
353,Off Peak,0,22.0,353,25,51.52,52,93.48,2,2,101,4,11,10,0,0.5511,1.9604,14,0.0,0.0,0.0,Low,0,,,0
354,Evening Peak,8,17.5,354,40,64.5,66,84.0333,2,2,117,8,17,8,7,0.7676,1.814,4,2.0,2.8011,2.8011,Medium,0,,,0
354,Midday,17,12.5294,354,40,64.5,66,84.0333,2,2,117,8,17,8,7,0.7676,1.814,6,2.8333,3.9682,3.9682,High,0,,,0
354,Morning Peak,8,7.625,354,40,64.5,66,84.0333,2,2,117,8,17,8,7,0.7676,1.814,4,2.0,2.8011,2.8011,Medium,0,,,0
354,Off Peak,7,18.7143,354,40,64.5,66,84.0333,2,2,117,8,17,8,7,0.7676,1.814,14,0.5,0.7003,0.7003,Low,0,,,0
355,Evening Peak,14,17.6429,355,76,49.5,51,64.8167,2,2,94,14,27,25,10,0.7637,1.899,4,3.5,3.781,3.781,High,0,,,0
355,Midday,27,12.2593,355,76,49.5,51,64.8167,2,2,94,14,27,25,10,0.7637,1.899,6,4.5,4.8612,4.8612,High,0,,,0
355,Morning Peak,25,7.44,355,76,49.5,51,64.8167,2,2,94,14,27,25,10,0.7637,1.899,4,6.25,6.7517,6.7517,High,0,,,0
355,Off Peak,10,15.7,355,76,49.5,51,64.8167,2,2,94,14,27,25,10,0.7637,1.899,14,0.7143,0.7716,0.7716,Low,0,,,0
355A,Evening Peak,10,17.7,355A,43,49.3953,51,63.5202,2,2,94,10,18,10,5,0.7776,1.903,4,2.5,2.6467,2.6467,Medium,0,,,0
355A,Midday,18,12.3889,355A,43,49.3953,51,63.5202,2,2,94,10,18,10,5,0.7776,1.903,6,3.0,3.176,3.176,High,0,,,0
355A,Morning Peak,10,8.2,355A,43,49.3953,51,63.5202,2,2,94,10,18,10,5,0.7776,1.903,4,2.5,2.6467,2.6467,Medium,0,,,0
355A,Off Peak,5,20.6,355A,43,49.3953,51,63.5202,2,2,94,10,18,10,5,0.7776,1.903,14,0.3571,0.3781,0.3781,Low,0,,,0
355M,Evening Peak,0,18.0,355M,6,37.5,38,43.4583,2,2,70,0,3,3,0,0.8629,1.8667,4,0.0,0.0,0.0,Low,0,,,0
355M,Midday,3,11.0,355M,6,37.5,38,43.4583,2,2,70,0,3,3,0,0.8629,1.8667,6,0.5,0.3622,0.3622,Low,0,,,0
355M,Morning Peak,3,8.3333,355M,6,37.5,38,43.4583,2,2,70,0,3,3,0,0.8629,1.8667,4,0.75,0.5432,0.5432,Low,0,,,0
355M,Off Peak,0,22.0,355M,6,37.5,38,43.4583,2,2,70,0,3,3,0,0.8629,1.8667,14,0.0,0.0,0.0,Low,0,,,0
356,Evening Peak,4,17.5,356,14,32.5,33,35.6083,2,2,57,4,4,5,1,0.9127,1.7538,4,1.0,0.5935,0.5935,Medium,0,,,0
356,Midday,4,11.5,356,14,32.5,33,35.6083,2,2,57,4,4,5,1,0.9127,1.7538,6,0.6667,0.3956,0.3956,Low,0,,,0
356,Morning Peak,5,7.6,356,14,32.5,33,35.6083,2,2,57,4,4,5,1,0.9127,1.7538,4,1.25,0.7418,0.7418,Medium,0,,,0
356,Off Peak,1,20.0,356,14,32.5,33,35.6083,2,2,57,4,4,5,1,0.9127,1.7538,14,0.0714,0.0424,0.0424,Low,0,,,0
357,Evening Peak,21,17.8095,357,136,31.9853,33,50.395,2,2,61,21,53,36,26,0.6347,1.9071,4,5.25,4.4096,4.4096,High,0,,,0
357,Midday,53,12.3396,357,136,31.9853,33,50.395,2,2,61,21,53,36,26,0.6347,1.9071,6,8.8333,7.4193,7.4193,High,0,,,0
357,Morning Peak,36,7.6389,357,136,31.9853,33,50.395,2,2,61,21,53,36,26,0.6347,1.9071,4,9.0,7.5592,7.5592,High,0,,,0
357,Off Peak,26,18.0385,357,136,31.9853,33,50.395,2,2,61,21,53,36,26,0.6347,1.9071,14,1.8571,1.5598,1.5598,Medium,0,,,0
358,Evening Peak,26,17.6154,358,141,50.0,50,85.7278,2,2,98,26,44,35,36,0.5832,1.96,4,6.5,9.2872,9.2872,High,0,,,0
358,Midday,44,12.3636,358,141,50.0,50,85.7278,2,2,98,26,44,35,36,0.5832,1.96,6,7.3333,10.4778,10.4778,High,0,,,0
358,Morning Peak,35,7.4286,358,141,50.0,50,85.7278,2,2,98,26,44,35,36,0.5832,1.96,4,8.75,12.502,12.502,High,0,,,0
358,Off Peak,36,17.1111,358,141,50.0,50,85.7278,2,2,98,26,44,35,36,0.5832,1.96,14,2.5714,3.674,3.674,Medium,0,,,0
358A,Evening Peak,16,17.625,358A,80,55.0,55,85.4917,2,2,109,16,29,22,13,0.6433,1.9818,4,4.0,5.6994,5.6994,High,0,,,0
358A,Midday,29,12.3793,358A,80,55.0,55,85.4917,2,2,109,16,29,22,13,0.6433,1.9818,6,4.8333,6.8868,6.8868,High,0,,,0
358A,Morning Peak,22,7.5,358A,80,55.0,55,85.4917,2,2,109,16,29,22,13,0.6433,1.9818,4,5.5,7.8367,7.8367,High,0,,,0
358A,Off Peak,13,15.4615,358A,80,55.0,55,85.4917,2,2,109,16,29,22,13,0.6433,1.9818,14,0.9286,1.3231,1.3231,Medium,0,,,0
359A,Evening Peak,3,17.6667,359A,6,63.0,63,105.7167,2,2,119,3,1,2,0,0.5959,1.8889,4,0.75,1.3215,1.3215,Low,0,,,0
359A,Midday,1,11.0,359A,6,63.0,63,105.7167,2,2,119,3,1,2,0,0.5959,1.8889,6,0.1667,0.2937,0.2937,Low,0,,,0
359A,Morning Peak,2,8.5,359A,6,63.0,63,105.7167,2,2,119,3,1,2,0,0.5959,1.8889,4,0.5,0.881,0.881,Low,0,,,0
359A,Off Peak,0,22.0,359A,6,63.0,63,105.7167,2,2,119,3,1,2,0,0.5959,1.8889,14,0.0,0.0,0.0,Low,0,,,0
360,Evening Peak,7,17.7143,360,44,84.5227,85,103.7394,2,2,150,7,17,12,8,0.8148,1.7747,4,1.75,3.0257,3.0257,Medium,0,,,0
360,Midday,17,12.0,360,44,84.5227,85,103.7394,2,2,150,7,17,12,8,0.8148,1.7747,6,2.8333,4.8988,4.8988,High,0,,,0
360,Morning Peak,12,7.6667,360,44,84.5227,85,103.7394,2,2,150,7,17,12,8,0.8148,1.7747,4,3.0,5.187,5.187,High,0,,,0
360,Off Peak,8,17.0,360,44,84.5227,85,103.7394,2,2,150,7,17,12,8,0.8148,1.7747,14,0.5714,0.988,0.988,Low,0,,,0
360A,Evening Peak,3,17.0,360A,15,44.5333,45,57.7989,2,2,76,3,5,4,3,0.7705,1.7066,4,0.75,0.7225,0.7225,Low,0,,,0
360A,Midday,5,12.6,360A,15,44.5333,45,57.7989,2,2,76,3,5,4,3,0.7705,1.7066,6,0.8333,0.8028,0.8028,Medium,0,,,0
360A,Morning Peak,4,7.5,360A,15,44.5333,45,57.7989,2,2,76,3,5,4,3,0.7705,1.7066,4,1.0,0.9633,0.9633,Medium,0,,,0
360A,Off Peak,3,15.3333,360A,15,44.5333,45,57.7989,2,2,76,3,5,4,3,0.7705,1.7066,14,0.2143,0.2064,0.2064,Low,0,,,0
361,Evening Peak,25,17.44,361,174,21.0,21,25.4195,2,2,33,25,67,49,33,0.8261,1.5714,4,6.25,2.6479,2.6479,High,0,,,0
361,Midday,67,12.597,361,174,21.0,21,25.4195,2,2,33,25,67,49,33,0.8261,1.5714,6,11.1667,4.7309,4.7309,High,0,,,0
361,Morning Peak,49,7.4898,361,174,21.0,21,25.4195,2,2,33,25,67,49,33,0.8261,1.5714,4,12.25,5.1898,5.1898,High,0,,,0
361,Off Peak,33,16.7576,361,174,21.0,21,25.4195,2,2,33,25,67,49,33,0.8261,1.5714,14,2.3571,0.9986,0.9986,Medium,0,,,0
362,Evening Peak,2,17.5,362,12,37.0,37,43.7083,2,2,64,2,4,3,3,0.8465,1.7297,4,0.5,0.3642,0.3642,Low,0,,,0
362,Midday,4,12.75,362,12,37.0,37,43.7083,2,2,64,2,4,3,3,0.8465,1.7297,6,0.6667,0.4856,0.4856,Low,0,,,0
362,Morning Peak,3,7.6667,362,12,37.0,37,43.7083,2,2,64,2,4,3,3,0.8465,1.7297,4,0.75,0.5464,0.5464,Low,0,,,0
362,Off Peak,3,15.3333,362,12,37.0,37,43.7083,2,2,64,2,4,3,3,0.8465,1.7297,14,0.2143,0.1561,0.1561,Low,0,,,0
363,Evening Peak,15,17.4,363,46,38.4783,39,54.4551,2,2,64,15,15,11,5,0.7066,1.6633,4,3.75,3.4034,3.4034,High,0,,,0
363,Midday,15,12.4667,363,46,38.4783,39,54.4551,2,2,64,15,15,11,5,0.7066,1.6633,6,2.5,2.269,2.269,Medium,0,,,0
363,Morning Peak,11,7.6364,363,46,38.4783,39,54.4551,2,2,64,15,15,11,5,0.7066,1.6633,4,2.75,2.4959,2.4959,High,0,,,0
363,Off Peak,5,20.4,363,46,38.4783,39,54.4551,2,2,64,15,15,11,5,0.7066,1.6633,14,0.3571,0.3241,0.3241,Low,0,,,0
364,Evening Peak,3,17.0,364,15,17.0,17,35.7956,2,2,24,3,5,4,3,0.4749,1.4118,4,0.75,0.4474,0.4474,Low,0,,,0
364,Midday,5,12.6,364,15,17.0,17,35.7956,2,2,24,3,5,4,3,0.4749,1.4118,6,0.8333,0.4972,0.4972,Medium,0,,,0
364,Morning Peak,4,7.5,364,15,17.0,17,35.7956,2,2,24,3,5,4,3,0.4749,1.4118,4,1.0,0.5966,0.5966,Medium,0,,,0
364,Off Peak,3,15.3333,364,15,17.0,17,35.7956,2,2,24,3,5,4,3,0.4749,1.4118,14,0.2143,0.1278,0.1278,Low,0,,,0
366,Evening Peak,7,17.5714,366,35,40.4857,41,65.2867,2,2,79,7,10,10,8,0.6201,1.9513,4,1.75,1.9042,1.9042,Medium,0,,,0
366,Midday,10,12.2,366,35,40.4857,41,65.2867,2,2,79,7,10,10,8,0.6201,1.9513,6,1.6667,1.8135,1.8135,Medium,0,,,0
366,Morning Peak,10,7.3,366,35,40.4857,41,65.2867,2,2,79,7,10,10,8,0.6201,1.9513,4,2.5,2.7203,2.7203,Medium,0,,,0
366,Off Peak,8,16.5,366,35,40.4857,41,65.2867,2,2,79,7,10,10,8,0.6201,1.9513,14,0.5714,0.6218,0.6218,Low,0,,,0
367,Evening Peak,14,17.3571,367,54,50.5,51,60.225,2,2,98,14,17,13,10,0.8385,1.9406,4,3.5,3.5131,3.5131,High,0,,,0
367,Midday,17,12.6471,367,54,50.5,51,60.225,2,2,98,14,17,13,10,0.8385,1.9406,6,2.8333,2.844,2.844,High,0,,,0
367,Morning Peak,13,7.3846,367,54,50.5,51,60.225,2,2,98,14,17,13,10,0.8385,1.9406,4,3.25,3.2622,3.2622,High,0,,,0
367,Off Peak,10,17.6,367,54,50.5,51,60.225,2,2,98,14,17,13,10,0.8385,1.9406,14,0.7143,0.717,0.717,Low,0,,,0
367M,Evening Peak,3,17.6667,367M,13,50.5385,51,60.0936,2,2,96,3,3,3,4,0.841,1.8995,4,0.75,0.7512,0.7512,Low,0,,,0
367M,Midday,3,12.3333,367M,13,50.5385,51,60.0936,2,2,96,3,3,3,4,0.841,1.8995,6,0.5,0.5008,0.5008,Low,0,,,0
367M,Morning Peak,3,8.0,367M,13,50.5385,51,60.0936,2,2,96,3,3,3,4,0.841,1.8995,4,0.75,0.7512,0.7512,Low,0,,,0
367M,Off Peak,4,21.5,367M,13,50.5385,51,60.0936,2,2,96,3,3,3,4,0.841,1.8995,14,0.2857,0.2862,0.2862,Low,0,,,0
368,Evening Peak,9,17.8889,368,48,91.0,91,144.0635,2,2,177,9,20,12,7,0.6317,1.9451,4,2.25,5.4024,5.4024,Medium,0,,,0
368,Midday,20,12.55,368,48,91.0,91,144.0635,2,2,177,9,20,12,7,0.6317,1.9451,6,3.3333,8.0035,8.0035,High,0,,,0
368,Morning Peak,12,7.4167,368,48,91.0,91,144.0635,2,2,177,9,20,12,7,0.6317,1.9451,4,3.0,7.2032,7.2032,High,0,,,0
368,Off Peak,7,18.4286,368,48,91.0,91,144.0635,2,2,177,9,20,12,7,0.6317,1.9451,14,0.5,1.2005,1.2005,Low,0,,,0
369,Evening Peak,11,18.0,369,75,42.56,44,63.348,2,2,84,11,28,17,19,0.6718,1.9737,4,2.75,2.9035,2.9035,High,0,,,0
369,Midday,28,12.4286,369,75,42.56,44,63.348,2,2,84,11,28,17,19,0.6718,1.9737,6,4.6667,4.9271,4.9271,High,0,,,0
369,Morning Peak,17,7.5294,369,75,42.56,44,63.348,2,2,84,11,28,17,19,0.6718,1.9737,4,4.25,4.4872,4.4872,High,0,,,0
369,Off Peak,19,18.6842,369,75,42.56,44,63.348,2,2,84,11,28,17,19,0.6718,1.9737,14,1.3571,1.4329,1.4329,Medium,0,,,0
37,Evening Peak,4,17.5,37,16,23.0,23,26.8917,2,2,40,4,6,4,2,0.8553,1.7391,4,1.0,0.4482,0.4482,Medium,0,,,0
37,Midday,6,12.0,37,16,23.0,23,26.8917,2,2,40,4,6,4,2,0.8553,1.7391,6,1.0,0.4482,0.4482,Medium,0,,,0
37,Morning Peak,4,7.5,37,16,23.0,23,26.8917,2,2,40,4,6,4,2,0.8553,1.7391,4,1.0,0.4482,0.4482,Medium,0,,,0
37,Off Peak,2,20.5,37,16,23.0,23,26.8917,2,2,40,4,6,4,2,0.8553,1.7391,14,0.1429,0.064,0.064,Low,0,,,0
370,Evening Peak,2,17.0,370,6,61.0,70,102.625,2,2,122,2,3,1,0,0.5944,2.0,4,0.5,0.8552,0.8552,Low,0,,,0
370,Midday,3,11.6667,370,6,61.0,70,102.625,2,2,122,2,3,1,0,0.5944,2.0,6,0.5,0.8552,0.8552,Low,0,,,0
370,Morning Peak,1,7.0,370,6,61.0,70,102.625,2,2,122,2,3,1,0,0.5944,2.0,4,0.25,0.4276,0.4276,Low,0,,,0
370,Off Peak,0,22.0,370,6,61.0,70,102.625,2,2,122,2,3,1,0,0.5944,2.0,14,0.0,0.0,0.0,Low,0,,,0
371,Evening Peak,2,17.0,371,8,86.0,86,124.8417,2,2,149,2,2,2,2,0.6889,1.7326,4,0.5,1.0403,1.0403,Low,0,,,0
371,Midday,2,12.5,371,8,86.0,86,124.8417,2,2,149,2,2,2,2,0.6889,1.7326,6,0.3333,0.6936,0.6936,Low,0,,,0
371,Morning Peak,2,7.5,371,8,86.0,86,124.8417,2,2,149,2,2,2,2,0.6889,1.7326,4,0.5,1.0403,1.0403,Low,0,,,0
371,Off Peak,2,12.5,371,8,86.0,86,124.8417,2,2,149,2,2,2,2,0.6889,1.7326,14,0.1429,0.2972,0.2972,Low,0,,,0
372,Evening Peak,31,17.6452,372,151,47.0,47,60.9397,2,2,87,31,54,35,31,0.7713,1.8511,4,7.75,7.8714,7.8714,High,0,,,0
372,Midday,54,12.3333,372,151,47.0,47,60.9397,2,2,87,31,54,35,31,0.7713,1.8511,6,9.0,9.141,9.141,High,0,,,0
372,Morning Peak,35,7.6857,372,151,47.0,47,60.9397,2,2,87,31,54,35,31,0.7713,1.8511,4,8.75,8.887,8.887,High,0,,,0
372,Off Peak,31,19.3548,372,151,47.0,47,60.9397,2,2,87,31,54,35,31,0.7713,1.8511,14,2.2143,2.249,2.249,Medium,0,,,0
372M,Evening Peak,0,18.0,372M,4,47.0,47,61.5333,2,2,86,0,1,3,0,0.7638,1.8298,4,0.0,0.0,0.0,Low,0,,,0
372M,Midday,1,11.0,372M,4,47.0,47,61.5333,2,2,86,0,1,3,0,0.7638,1.8298,6,0.1667,0.1709,0.1709,Low,0,,,0
372M,Morning Peak,3,8.0,372M,4,47.0,47,61.5333,2,2,86,0,1,3,0,0.7638,1.8298,4,0.75,0.7692,0.7692,Low,0,,,0
372M,Off Peak,0,22.0,372M,4,47.0,47,61.5333,2,2,86,0,1,3,0,0.7638,1.8298,14,0.0,0.0,0.0,Low,0,,,0
373,Evening Peak,0,18.0,373,4,53.5,54,79.0333,2,2,85,0,1,3,0,0.6769,1.5888,4,0.0,0.0,0.0,Low,0,,,0
373,Midday,1,10.0,373,4,53.5,54,79.0333,2,2,85,0,1,3,0,0.6769,1.5888,6,0.1667,0.2195,0.2195,Low,0,,,0
373,Morning Peak,3,7.0,373,4,53.5,54,79.0333,2,2,85,0,1,3,0,0.6769,1.5888,4,0.75,0.9879,0.9879,Low,0,,,0
373,Off Peak,0,22.0,373,4,53.5,54,79.0333,2,2,85,0,1,3,0,0.6769,1.5888,14,0.0,0.0,0.0,Low,0,,,0
374,Evening Peak,15,17.6667,374,58,20.0,20,192.0583,2,2,39,15,19,14,10,0.1041,1.95,4,3.75,12.0036,12.0036,High,0,,,0
374,Midday,19,12.2632,374,58,20.0,20,192.0583,2,2,39,15,19,14,10,0.1041,1.95,6,3.1667,10.1364,10.1364,High,0,,,0
374,Morning Peak,14,7.7143,374,58,20.0,20,192.0583,2,2,39,15,19,14,10,0.1041,1.95,4,3.5,11.2034,11.2034,High,0,,,0
374,Off Peak,10,19.6,374,58,20.0,20,192.0583,2,2,39,15,19,14,10,0.1041,1.95,14,0.7143,2.2864,2.2864,Low,0,,,0
374A,Evening Peak,4,17.0,374A,13,21.0,21,192.5064,2,2,41,4,3,6,0,0.1091,1.9524,4,1.0,3.2084,3.2084,Medium,0,,,0
374A,Midday,3,10.6667,374A,13,21.0,21,192.5064,2,2,41,4,3,6,0,0.1091,1.9524,6,0.5,1.6042,1.6042,Low,0,,,0
374A,Morning Peak,6,7.3333,374A,13,21.0,21,192.5064,2,2,41,4,3,6,0,0.1091,1.9524,4,1.5,4.8127,4.8127,Medium,0,,,0
374A,Off Peak,0,22.0,374A,13,21.0,21,192.5064,2,2,41,4,3,6,0,0.1091,1.9524,14,0.0,0.0,0.0,Low,0,,,0
375,Evening Peak,2,17.5,375,12,71.5,74,130.9083,2,2,96,2,4,5,1,0.5462,1.3427,4,0.5,1.0909,1.0909,Low,0,,,0
375,Midday,4,11.0,375,12,71.5,74,130.9083,2,2,96,2,4,5,1,0.5462,1.3427,6,0.6667,1.4545,1.4545,Low,0,,,0
375,Morning Peak,5,7.4,375,12,71.5,74,130.9083,2,2,96,2,4,5,1,0.5462,1.3427,4,1.25,2.7273,2.7273,Medium,0,,,0
375,Off Peak,1,20.0,375,12,71.5,74,130.9083,2,2,96,2,4,5,1,0.5462,1.3427,14,0.0714,0.1558,0.1558,Low,0,,,0
376,Evening Peak,0,18.0,376,4,43.0,44,59.2083,2,2,81,0,2,2,0,0.7262,1.8837,4,0.0,0.0,0.0,Low,0,,,0
376,Midday,2,11.5,376,4,43.0,44,59.2083,2,2,81,0,2,2,0,0.7262,1.8837,6,0.3333,0.3289,0.3289,Low,0,,,0
376,Morning Peak,2,8.5,376,4,43.0,44,59.2083,2,2,81,0,2,2,0,0.7262,1.8837,4,0.5,0.4934,0.4934,Low,0,,,0
376,Off Peak,0,22.0,376,4,43.0,44,59.2083,2,2,81,0,2,2,0,0.7262,1.8837,14,0.0,0.0,0.0,Low,0,,,0
38,Evening Peak,27,17.5556,38,107,23.0,23,29.1687,2,2,38,27,38,25,17,0.7885,1.6522,4,6.75,3.2815,3.2815,High,0,,,0
38,Midday,38,12.4474,38,107,23.0,23,29.1687,2,2,38,27,38,25,17,0.7885,1.6522,6,6.3333,3.0789,3.0789,High,0,,,0
38,Morning Peak,25,7.76,38,107,23.0,23,29.1687,2,2,38,27,38,25,17,0.7885,1.6522,4,6.25,3.0384,3.0384,High,0,,,0
38,Off Peak,17,20.1176,38,107,23.0,23,29.1687,2,2,38,27,38,25,17,0.7885,1.6522,14,1.2143,0.5903,0.5903,Medium,0,,,0
380,Evening Peak,0,18.0,380,4,53.0,53,74.0833,2,2,99,0,1,3,0,0.7154,1.8679,4,0.0,0.0,0.0,Low,0,,,0
380,Midday,1,10.0,380,4,53.0,53,74.0833,2,2,99,0,1,3,0,0.7154,1.8679,6,0.1667,0.2058,0.2058,Low,0,,,0
380,Morning Peak,3,7.6667,380,4,53.0,53,74.0833,2,2,99,0,1,3,0,0.7154,1.8679,4,0.75,0.926,0.926,Low,0,,,0
380,Off Peak,0,22.0,380,4,53.0,53,74.0833,2,2,99,0,1,3,0,0.7154,1.8679,14,0.0,0.0,0.0,Low,0,,,0
381,Evening Peak,13,17.3846,381,58,52.5,53,76.975,2,2,95,13,23,18,4,0.682,1.8095,4,3.25,4.1695,4.1695,High,0,,,0
381,Midday,23,11.913,381,58,52.5,53,76.975,2,2,95,13,23,18,4,0.682,1.8095,6,3.8333,4.9178,4.9178,High,0,,,0
381,Morning Peak,18,7.7778,381,58,52.5,53,76.975,2,2,95,13,23,18,4,0.682,1.8095,4,4.5,5.7731,5.7731,High,0,,,0
381,Off Peak,4,20.5,381,58,52.5,53,76.975,2,2,95,13,23,18,4,0.682,1.8095,14,0.2857,0.3665,0.3665,Low,0,,,0
39,Evening Peak,5,17.2,39,23,27.0,27,32.9051,2,2,49,5,9,7,2,0.8205,1.8148,4,1.25,0.6855,0.6855,Medium,0,,,0
39,Midday,9,12.1111,39,23,27.0,27,32.9051,2,2,49,5,9,7,2,0.8205,1.8148,6,1.5,0.8226,0.8226,Medium,0,,,0
39,Morning Peak,7,8.1429,39,23,27.0,27,32.9051,2,2,49,5,9,7,2,0.8205,1.8148,4,1.75,0.9597,0.9597,Medium,0,,,0
39,Off Peak,2,20.5,39,23,27.0,27,32.9051,2,2,49,5,9,7,2,0.8205,1.8148,14,0.1429,0.0783,0.0783,Low,0,,,0
4,Evening Peak,27,17.4444,4,112,12.5,13,15.1667,2,2,21,27,38,26,21,0.8242,1.68,4,6.75,1.7062,1.7062,High,0,,,0
4,Midday,38,12.4474,4,112,12.5,13,15.1667,2,2,21,27,38,26,21,0.8242,1.68,6,6.3333,1.6009,1.6009,High,0,,,0
4,Morning Peak,26,7.5769,4,112,12.5,13,15.1667,2,2,21,27,38,26,21,0.8242,1.68,4,6.5,1.6431,1.6431,High,0,,,0
4,Off Peak,21,20.5238,4,112,12.5,13,15.1667,2,2,21,27,38,26,21,0.8242,1.68,14,1.5,0.3792,0.3792,Medium,0,,,0
41,Evening Peak,0,18.0,41,4,54.5,56,64.9083,2,2,99,0,2,2,0,0.8396,1.8165,4,0.0,0.0,0.0,Low,0,,,0
41,Midday,2,10.5,41,4,54.5,56,64.9083,2,2,99,0,2,2,0,0.8396,1.8165,6,0.3333,0.3606,0.3606,Low,0,,,0
41,Morning Peak,2,7.5,41,4,54.5,56,64.9083,2,2,99,0,2,2,0,0.8396,1.8165,4,0.5,0.5409,0.5409,Low,0,,,0
41,Off Peak,0,22.0,41,4,54.5,56,64.9083,2,2,99,0,2,2,0,0.8396,1.8165,14,0.0,0.0,0.0,Low,0,,,0
42,Evening Peak,23,17.6522,42,127,58.4961,59,91.8542,2,2,105,23,41,30,33,0.6368,1.795,4,5.75,8.8027,8.8027,High,0,,,0
42,Midday,41,12.3659,42,127,58.4961,59,91.8542,2,2,105,23,41,30,33,0.6368,1.795,6,6.8333,10.4612,10.4612,High,0,,,0
42,Morning Peak,30,7.3667,42,127,58.4961,59,91.8542,2,2,105,23,41,30,33,0.6368,1.795,4,7.5,11.4818,11.4818,High,0,,,0
42,Off Peak,33,19.5758,42,127,58.4961,59,91.8542,2,2,105,23,41,30,33,0.6368,1.795,14,2.3571,3.6086,3.6086,Medium,0,,,0
43,Evening Peak,27,17.5926,43,151,63.0927,65,122.2083,2,2,124,27,48,34,42,0.5163,1.9654,4,6.75,13.7484,13.7484,High,0,,,0
43,Midday,48,12.4583,43,151,63.0927,65,122.2083,2,2,124,27,48,34,42,0.5163,1.9654,6,8.0,16.2944,16.2944,High,0,,,0
43,Morning Peak,34,7.3529,43,151,63.0927,65,122.2083,2,2,124,27,48,34,42,0.5163,1.9654,4,8.5,17.3128,17.3128,High,0,,,0
43,Off Peak,42,18.4048,43,151,63.0927,65,122.2083,2,2,124,27,48,34,42,0.5163,1.9654,14,3.0,6.1104,6.1104,High,0,,,0
43A,Evening Peak,18,17.3889,43A,79,53.9873,55,110.8608,2,2,107,18,20,32,9,0.487,1.9819,4,4.5,8.3146,8.3146,High,0,,,0
43A,Midday,20,11.8,43A,79,53.9873,55,110.8608,2,2,107,18,20,32,9,0.487,1.9819,6,3.3333,6.1589,6.1589,High,0,,,0
43A,Morning Peak,32,7.5938,43A,79,53.9873,55,110.8608,2,2,107,18,20,32,9,0.487,1.9819,4,8.0,14.7814,14.7814,High,0,,,0
43A,Off Peak,9,17.1111,43A,79,53.9873,55,110.8608,2,2,107,18,20,32,9,0.487,1.9819,14,0.6429,1.1878,1.1878,Low,0,,,0
44,Evening Peak,6,17.3333,44,32,61.0,64,105.75,2,2,120,6,11,10,5,0.5768,1.9672,4,1.5,2.6438,2.6438,Medium,0,,,0
44,Midday,11,11.9091,44,32,61.0,64,105.75,2,2,120,6,11,10,5,0.5768,1.9672,6,1.8333,3.2312,3.2312,Medium,0,,,0
44,Morning Peak,10,7.8,44,32,61.0,64,105.75,2,2,120,6,11,10,5,0.5768,1.9672,4,2.5,4.4062,4.4062,Medium,0,,,0
44,Off Peak,5,20.8,44,32,61.0,64,105.75,2,2,120,6,11,10,5,0.5768,1.9672,14,0.3571,0.6295,0.6295,Low,0,,,0
47,Evening Peak,3,17.6667,47,12,39.0,40,48.8,2,2,72,3,4,3,2,0.7992,1.8462,4,0.75,0.61,0.61,Low,0,,,0
47,Midday,4,12.75,47,12,39.0,40,48.8,2,2,72,3,4,3,2,0.7992,1.8462,6,0.6667,0.5422,0.5422,Low,0,,,0
47,Morning Peak,3,7.0,47,12,39.0,40,48.8,2,2,72,3,4,3,2,0.7992,1.8462,4,0.75,0.61,0.61,Low,0,,,0
47,Off Peak,2,13.0,47,12,39.0,40,48.8,2,2,72,3,4,3,2,0.7992,1.8462,14,0.1429,0.1162,0.1162,Low,0,,,0
5,Evening Peak,55,17.2909,5,280,14.5,15,15.975,2,2,27,55,81,93,51,0.9077,1.8621,4,13.75,3.6609,3.6609,High,0,,,0
5,Midday,81,12.3457,5,280,14.5,15,15.975,2,2,27,55,81,93,51,0.9077,1.8621,6,13.5,3.5944,3.5944,High,0,,,0
5,Morning Peak,93,7.4194,5,280,14.5,15,15.975,2,2,27,55,81,93,51,0.9077,1.8621,4,23.25,6.1903,6.1903,High,0,,,0
5,Off Peak,51,14.1961,5,280,14.5,15,15.975,2,2,27,55,81,93,51,0.9077,1.8621,14,3.6429,0.9699,0.9699,High,0,,,0
50,Evening Peak,9,17.6667,50,37,59.0811,60,77.6153,2,2,106,9,14,10,4,0.7612,1.7941,4,2.25,2.9106,2.9106,Medium,0,,,0
50,Midday,14,12.8571,50,37,59.0811,60,77.6153,2,2,106,9,14,10,4,0.7612,1.7941,6,2.3333,3.0184,3.0184,Medium,0,,,0
50,Morning Peak,10,7.8,50,37,59.0811,60,77.6153,2,2,106,9,14,10,4,0.7612,1.7941,4,2.5,3.234,3.234,Medium,0,,,0
50,Off Peak,4,20.75,50,37,59.0811,60,77.6153,2,2,106,9,14,10,4,0.7612,1.7941,14,0.2857,0.3696,0.3696,Low,0,,,0
51,Evening Peak,15,17.2667,51,70,38.0,38,43.3621,2,2,72,15,22,18,15,0.8763,1.8947,4,3.75,2.7101,2.7101,High,0,,,0
51,Midday,22,12.3636,51,70,38.0,38,43.3621,2,2,72,15,22,18,15,0.8763,1.8947,6,3.6667,2.6499,2.6499,High,0,,,0
51,Morning Peak,18,7.5,51,70,38.0,38,43.3621,2,2,72,15,22,18,15,0.8763,1.8947,4,4.5,3.2522,3.2522,High,0,,,0
51,Off Peak,15,17.9333,51,70,38.0,38,43.3621,2,2,72,15,22,18,15,0.8763,1.8947,14,1.0714,0.7743,0.7743,Medium,0,,,0
52,Evening Peak,13,17.7692,52,63,54.9841,56,72.1328,2,2,103,13,24,12,14,0.7623,1.8733,4,3.25,3.9072,3.9072,High,0,,,0
52,Midday,24,12.5,52,63,54.9841,56,72.1328,2,2,103,13,24,12,14,0.7623,1.8733,6,4.0,4.8089,4.8089,High,0,,,0
52,Morning Peak,12,7.5,52,63,54.9841,56,72.1328,2,2,103,13,24,12,14,0.7623,1.8733,4,3.0,3.6066,3.6066,High,0,,,0
52,Off Peak,14,17.8571,52,63,54.9841,56,72.1328,2,2,103,13,24,12,14,0.7623,1.8733,14,1.0,1.2022,1.2022,Medium,0,,,0
52A,Evening Peak,3,18.0,52A,14,75.0,76,117.9333,2,2,140,3,6,4,1,0.636,1.8667,4,0.75,1.4742,1.4742,Low,0,,,0
52A,Midday,6,12.3333,52A,14,75.0,76,117.9333,2,2,140,3,6,4,1,0.636,1.8667,6,1.0,1.9656,1.9656,Medium,0,,,0
52A,Morning Peak,4,7.0,52A,14,75.0,76,117.9333,2,2,140,3,6,4,1,0.636,1.8667,4,1.0,1.9656,1.9656,Medium,0,,,0
52A,Off Peak,1,20.0,52A,14,75.0,76,117.9333,2,2,140,3,6,4,1,0.636,1.8667,14,0.0714,0.1404,0.1404,Low,0,,,0
55,Evening Peak,14,17.4286,55,54,23.5,24,24.5583,2,2,46,14,20,13,7,0.9569,1.9574,4,3.5,1.4326,1.4326,High,0,,,0
55,Midday,20,12.7,55,54,23.5,24,24.5583,2,2,46,14,20,13,7,0.9569,1.9574,6,3.3333,1.3644,1.3644,High,0,,,0
55,Morning Peak,13,7.6154,55,54,23.5,24,24.5583,2,2,46,14,20,13,7,0.9569,1.9574,4,3.25,1.3302,1.3302,High,0,,,0
55,Off Peak,7,20.8571,55,54,23.5,24,24.5583,2,2,46,14,20,13,7,0.9569,1.9574,14,0.5,0.2047,0.2047,Low,0,,,0
57,Evening Peak,9,17.7778,57,29,36.4828,37,38.6845,2,2,73,9,10,8,2,0.9431,2.0009,4,2.25,1.4507,1.4507,Medium,0,,,0
57,Midday,10,12.7,57,29,36.4828,37,38.6845,2,2,73,9,10,8,2,0.9431,2.0009,6,1.6667,1.0746,1.0746,Medium,0,,,0
57,Morning Peak,8,7.5,57,29,36.4828,37,38.6845,2,2,73,9,10,8,2,0.9431,2.0009,4,2.0,1.2895,1.2895,Medium,0,,,0
57,Off Peak,2,20.5,57,29,36.4828,37,38.6845,2,2,73,9,10,8,2,0.9431,2.0009,14,0.1429,0.0921,0.0921,Low,0,,,0
58,Evening Peak,24,17.5,58,97,17.5052,18,17.2034,2,2,31,24,30,24,19,1.0175,1.7709,4,6.0,1.7203,1.7203,High,0,,,0
58,Midday,30,12.5333,58,97,17.5052,18,17.2034,2,2,31,24,30,24,19,1.0175,1.7709,6,5.0,1.4336,1.4336,High,0,,,0
58,Morning Peak,24,7.5,58,97,17.5052,18,17.2034,2,2,31,24,30,24,19,1.0175,1.7709,4,6.0,1.7203,1.7203,High,0,,,0
58,Off Peak,19,19.4737,58,97,17.5052,18,17.2034,2,2,31,24,30,24,19,1.0175,1.7709,14,1.3571,0.3891,0.3891,Medium,0,,,0
59,Evening Peak,23,17.4348,59,96,18.5,19,18.3833,2,2,34,23,32,23,18,1.0063,1.8378,4,5.75,1.7617,1.7617,High,0,,,0
59,Midday,32,12.4375,59,96,18.5,19,18.3833,2,2,34,23,32,23,18,1.0063,1.8378,6,5.3333,1.6341,1.6341,High,0,,,0
59,Morning Peak,23,7.5652,59,96,18.5,19,18.3833,2,2,34,23,32,23,18,1.0063,1.8378,4,5.75,1.7617,1.7617,High,0,,,0
59,Off Peak,18,20.5,59,96,18.5,19,18.3833,2,2,34,23,32,23,18,1.0063,1.8378,14,1.2857,0.3939,0.3939,Medium,0,,,0
6,Evening Peak,5,18.0,6,20,17.5,19,19.2333,2,2,32,5,8,6,1,0.9099,1.8286,4,1.25,0.4007,0.4007,Medium,0,,,0
6,Midday,8,12.75,6,20,17.5,19,19.2333,2,2,32,5,8,6,1,0.9099,1.8286,6,1.3333,0.4274,0.4274,Medium,0,,,0
6,Morning Peak,6,7.6667,6,20,17.5,19,19.2333,2,2,32,5,8,6,1,0.9099,1.8286,4,1.5,0.4808,0.4808,Medium,0,,,0
6,Off Peak,1,20.0,6,20,17.5,19,19.2333,2,2,32,5,8,6,1,0.9099,1.8286,14,0.0714,0.0229,0.0229,Low,0,,,0
60,Evening Peak,0,18.0,60,8,23.5,25,26.4667,2,2,39,0,4,4,0,0.8879,1.6596,4,0.0,0.0,0.0,Low,0,,,0
60,Midday,4,10.75,60,8,23.5,25,26.4667,2,2,39,0,4,4,0,0.8879,1.6596,6,0.6667,0.2941,0.2941,Low,0,,,0
60,Morning Peak,4,8.0,60,8,23.5,25,26.4667,2,2,39,0,4,4,0,0.8879,1.6596,4,1.0,0.4411,0.4411,Medium,0,,,0
60,Off Peak,0,22.0,60,8,23.5,25,26.4667,2,2,39,0,4,4,0,0.8879,1.6596,14,0.0,0.0,0.0,Low,0,,,0
61,Evening Peak,9,17.6667,61,40,55.0,55,108.9167,2,2,104,9,13,12,6,0.505,1.8909,4,2.25,4.0844,4.0844,Medium,0,,,0
61,Midday,13,12.4615,61,40,55.0,55,108.9167,2,2,104,9,13,12,6,0.505,1.8909,6,2.1667,3.9331,3.9331,Medium,0,,,0
61,Morning Peak,12,7.4167,61,40,55.0,55,108.9167,2,2,104,9,13,12,6,0.505,1.8909,4,3.0,5.4458,5.4458,High,0,,,0
61,Off Peak,6,18.6667,61,40,55.0,55,108.9167,2,2,104,9,13,12,6,0.505,1.8909,14,0.4286,0.778,0.778,Low,0,,,0
64,Evening Peak,18,17.6111,64,119,61.0,61,81.4852,2,2,111,18,47,30,24,0.7486,1.8197,4,4.5,6.1114,6.1114,High,0,,,0
64,Midday,47,12.4468,64,119,61.0,61,81.4852,2,2,111,18,47,30,24,0.7486,1.8197,6,7.8333,10.6383,10.6383,High,0,,,0
64,Morning Peak,30,7.6,64,119,61.0,61,81.4852,2,2,111,18,47,30,24,0.7486,1.8197,4,7.5,10.1856,10.1856,High,0,,,0
64,Off Peak,24,17.1667,64,119,61.0,61,81.4852,2,2,111,18,47,30,24,0.7486,1.8197,14,1.7143,2.3281,2.3281,Medium,0,,,0
64M,Evening Peak,0,18.0,64M,2,42.0,42,58.475,2,2,77,0,1,0,1,0.7183,1.8333,4,0.0,0.0,0.0,Low,0,,,0
64M,Midday,1,10.0,64M,2,42.0,42,58.475,2,2,77,0,1,0,1,0.7183,1.8333,6,0.1667,0.1624,0.1624,Low,0,,,0
64M,Morning Peak,0,8.0,64M,2,42.0,42,58.475,2,2,77,0,1,0,1,0.7183,1.8333,4,0.0,0.0,0.0,Low,0,,,0
64M,Off Peak,1,22.0,64M,2,42.0,42,58.475,2,2,77,0,1,0,1,0.7183,1.8333,14,0.0714,0.0696,0.0696,Low,0,,,0
65A,Evening Peak,3,17.0,65A,21,98.3333,99,168.2056,2,2,193,3,11,4,3,0.5846,1.9627,4,0.75,2.1026,2.1026,Low,0,,,0
65A,Midday,11,13.0909,65A,21,98.3333,99,168.2056,2,2,193,3,11,4,3,0.5846,1.9627,6,1.8333,5.1396,5.1396,Medium,0,,,0
65A,Morning Peak,4,7.5,65A,21,98.3333,99,168.2056,2,2,193,3,11,4,3,0.5846,1.9627,4,1.0,2.8034,2.8034,Medium,0,,,0
65A,Off Peak,3,15.3333,65A,21,98.3333,99,168.2056,2,2,193,3,11,4,3,0.5846,1.9627,14,0.2143,0.6007,0.6007,Low,0,,,0
66,Evening Peak,1,16.0,66,6,66.0,67,92.025,2,2,119,1,3,2,0,0.7172,1.803,4,0.25,0.3834,0.3834,Low,0,,,0
66,Midday,3,13.0,66,6,66.0,67,92.025,2,2,119,1,3,2,0,0.7172,1.803,6,0.5,0.7669,0.7669,Low,0,,,0
66,Morning Peak,2,7.0,66,6,66.0,67,92.025,2,2,119,1,3,2,0,0.7172,1.803,4,0.5,0.7669,0.7669,Low,0,,,0
66,Off Peak,0,22.0,66,6,66.0,67,92.025,2,2,119,1,3,2,0,0.7172,1.803,14,0.0,0.0,0.0,Low,0,,,0
67,Evening Peak,15,17.3333,67,77,40.5195,41,62.237,2,2,79,15,26,19,17,0.6511,1.9497,4,3.75,3.8898,3.8898,High,0,,,0
67,Midday,26,12.5385,67,77,40.5195,41,62.237,2,2,79,15,26,19,17,0.6511,1.9497,6,4.3333,4.4949,4.4949,High,0,,,0
67,Morning Peak,19,7.3684,67,77,40.5195,41,62.237,2,2,79,15,26,19,17,0.6511,1.9497,4,4.75,4.9271,4.9271,High,0,,,0
67,Off Peak,17,19.0588,67,77,40.5195,41,62.237,2,2,79,15,26,19,17,0.6511,1.9497,14,1.2143,1.2596,1.2596,Medium,0,,,0
67A,Evening Peak,3,17.0,67A,15,57.4667,58,90.4556,2,2,109,3,5,4,3,0.6353,1.8968,4,0.75,1.1307,1.1307,Low,0,,,0
67A,Midday,5,12.6,67A,15,57.4667,58,90.4556,2,2,109,3,5,4,3,0.6353,1.8968,6,0.8333,1.2563,1.2563,Medium,0,,,0
67A,Morning Peak,4,7.5,67A,15,57.4667,58,90.4556,2,2,109,3,5,4,3,0.6353,1.8968,4,1.0,1.5076,1.5076,Medium,0,,,0
67A,Off Peak,3,15.3333,67A,15,57.4667,58,90.4556,2,2,109,3,5,4,3,0.6353,1.8968,14,0.2143,0.3231,0.3231,Low,0,,,0
68,Evening Peak,0,18.0,68,4,38.5,39,45.0167,2,2,71,0,1,3,0,0.8552,1.8442,4,0.0,0.0,0.0,Low,0,,,0
68,Midday,1,10.0,68,4,38.5,39,45.0167,2,2,71,0,1,3,0,0.8552,1.8442,6,0.1667,0.125,0.125,Low,0,,,0
68,Morning Peak,3,8.0,68,4,38.5,39,45.0167,2,2,71,0,1,3,0,0.8552,1.8442,4,0.75,0.5627,0.5627,Low,0,,,0
68,Off Peak,0,22.0,68,4,38.5,39,45.0167,2,2,71,0,1,3,0,0.8552,1.8442,14,0.0,0.0,0.0,Low,0,,,0
69,Evening Peak,2,18.5,69,10,67.5,68,92.2083,2,2,126,2,4,3,1,0.732,1.8667,4,0.5,0.7684,0.7684,Low,0,,,0
69,Midday,4,13.0,69,10,67.5,68,92.2083,2,2,126,2,4,3,1,0.732,1.8667,6,0.6667,1.0245,1.0245,Low,0,,,0
69,Morning Peak,3,7.0,69,10,67.5,68,92.2083,2,2,126,2,4,3,1,0.732,1.8667,4,0.75,1.1526,1.1526,Low,0,,,0
69,Off Peak,1,5.0,69,10,67.5,68,92.2083,2,2,126,2,4,3,1,0.732,1.8667,14,0.0714,0.1098,0.1098,Low,0,,,0
70,Evening Peak,3,17.6667,70,14,99.5,100,146.3333,2,2,184,3,5,4,2,0.68,1.8492,4,0.75,1.8292,1.8292,Low,0,,,0
70,Midday,5,12.4,70,14,99.5,100,146.3333,2,2,184,3,5,4,2,0.68,1.8492,6,0.8333,2.0324,2.0324,Medium,0,,,0
70,Morning Peak,4,7.0,70,14,99.5,100,146.3333,2,2,184,3,5,4,2,0.68,1.8492,4,1.0,2.4389,2.4389,Medium,0,,,0
70,Off Peak,2,20.5,70,14,99.5,100,146.3333,2,2,184,3,5,4,2,0.68,1.8492,14,0.1429,0.3484,0.3484,Low,0,,,0
72,Evening Peak,2,17.5,72,16,53.5,54,66.075,2,2,97,2,4,9,1,0.8097,1.8131,4,0.5,0.5506,0.5506,Low,0,,,0
72,Midday,4,10.75,72,16,53.5,54,66.075,2,2,97,2,4,9,1,0.8097,1.8131,6,0.6667,0.7342,0.7342,Low,0,,,0
72,Morning Peak,9,7.4444,72,16,53.5,54,66.075,2,2,97,2,4,9,1,0.8097,1.8131,4,2.25,2.4778,2.4778,Medium,0,,,0
72,Off Peak,1,20.0,72,16,53.5,54,66.075,2,2,97,2,4,9,1,0.8097,1.8131,14,0.0714,0.0787,0.0787,Low,0,,,0
73,Evening Peak,2,17.0,73,8,70.5,71,111.2417,2,2,136,2,1,2,3,0.6338,1.9291,4,0.5,0.927,0.927,Low,0,,,0
73,Midday,1,11.0,73,8,70.5,71,111.2417,2,2,136,2,1,2,3,0.6338,1.9291,6,0.1667,0.309,0.309,Low,0,,,0
73,Morning Peak,2,7.5,73,8,70.5,71,111.2417,2,2,136,2,1,2,3,0.6338,1.9291,4,0.5,0.927,0.927,Low,0,,,0
73,Off Peak,3,15.0,73,8,70.5,71,111.2417,2,2,136,2,1,2,3,0.6338,1.9291,14,0.2143,0.3973,0.3973,Low,0,,,0
74,Evening Peak,2,18.5,74,8,70.0,71,96.6667,2,2,122,2,2,3,1,0.7241,1.7429,4,0.5,0.8056,0.8056,Low,0,,,0
74,Midday,2,12.5,74,8,70.0,71,96.6667,2,2,122,2,2,3,1,0.7241,1.7429,6,0.3333,0.537,0.537,Low,0,,,0
74,Morning Peak,3,7.6667,74,8,70.0,71,96.6667,2,2,122,2,2,3,1,0.7241,1.7429,4,0.75,1.2083,1.2083,Low,0,,,0
74,Off Peak,1,21.0,74,8,70.0,71,96.6667,2,2,122,2,2,3,1,0.7241,1.7429,14,0.0714,0.1151,0.1151,Low,0,,,0
77,Evening Peak,2,18.0,77,8,70.0,70,98.375,2,2,120,2,3,2,1,0.7116,1.7143,4,0.5,0.8198,0.8198,Low,0,,,0
77,Midday,3,12.0,77,8,70.0,70,98.375,2,2,120,2,3,2,1,0.7116,1.7143,6,0.5,0.8198,0.8198,Low,0,,,0
77,Morning Peak,2,7.0,77,8,70.0,70,98.375,2,2,120,2,3,2,1,0.7116,1.7143,4,0.5,0.8198,0.8198,Low,0,,,0
77,Off Peak,1,21.0,77,8,70.0,70,98.375,2,2,120,2,3,2,1,0.7116,1.7143,14,0.0714,0.1171,0.1171,Low,0,,,0
78,Evening Peak,0,18.0,78,4,51.0,51,58.525,2,2,87,0,3,1,0,0.8714,1.7059,4,0.0,0.0,0.0,Low,0,,,0
78,Midday,3,12.3333,78,4,51.0,51,58.525,2,2,87,0,3,1,0,0.8714,1.7059,6,0.5,0.4877,0.4877,Low,0,,,0
78,Morning Peak,1,9.0,78,4,51.0,51,58.525,2,2,87,0,3,1,0,0.8714,1.7059,4,0.25,0.2439,0.2439,Low,0,,,0
78,Off Peak,0,22.0,78,4,51.0,51,58.525,2,2,87,0,3,1,0,0.8714,1.7059,14,0.0,0.0,0.0,Low,0,,,0
8,Evening Peak,7,17.7143,8,28,14.5,15,14.9667,2,2,26,7,11,8,2,0.9688,1.7931,4,1.75,0.4365,0.4365,Medium,0,,,0
8,Midday,11,12.6364,8,28,14.5,15,14.9667,2,2,26,7,11,8,2,0.9688,1.7931,6,1.8333,0.4573,0.4573,Medium,0,,,0
8,Morning Peak,8,7.5,8,28,14.5,15,14.9667,2,2,26,7,11,8,2,0.9688,1.7931,4,2.0,0.4989,0.4989,Medium,0,,,0
8,Off Peak,2,12.5,8,28,14.5,15,14.9667,2,2,26,7,11,8,2,0.9688,1.7931,14,0.1429,0.0356,0.0356,Low,0,,,0
81,Evening Peak,0,18.0,81,4,37.5,38,41.025,2,2,67,0,2,2,0,0.9141,1.7867,4,0.0,0.0,0.0,Low,0,,,0
81,Midday,2,10.5,81,4,37.5,38,41.025,2,2,67,0,2,2,0,0.9141,1.7867,6,0.3333,0.2279,0.2279,Low,0,,,0
81,Morning Peak,2,8.5,81,4,37.5,38,41.025,2,2,67,0,2,2,0,0.9141,1.7867,4,0.5,0.3419,0.3419,Low,0,,,0
81,Off Peak,0,22.0,81,4,37.5,38,41.025,2,2,67,0,2,2,0,0.9141,1.7867,14,0.0,0.0,0.0,Low,0,,,0
83,Evening Peak,2,17.0,83,8,79.0,80,108.9333,2,2,145,2,2,2,2,0.7252,1.8354,4,0.5,0.9078,0.9078,Low,0,,,0
83,Midday,2,12.0,83,8,79.0,80,108.9333,2,2,145,2,2,2,2,0.7252,1.8354,6,0.3333,0.6052,0.6052,Low,0,,,0
83,Morning Peak,2,7.0,83,8,79.0,80,108.9333,2,2,145,2,2,2,2,0.7252,1.8354,4,0.5,0.9078,0.9078,Low,0,,,0
83,Off Peak,2,22.0,83,8,79.0,80,108.9333,2,2,145,2,2,2,2,0.7252,1.8354,14,0.1429,0.2594,0.2594,Low,0,,,0
84,Evening Peak,3,17.3333,84,11,77.3636,78,118.4712,2,2,135,3,2,3,3,0.653,1.745,4,0.75,1.4809,1.4809,Low,0,,,0
84,Midday,2,12.0,84,11,77.3636,78,118.4712,2,2,135,3,2,3,3,0.653,1.745,6,0.3333,0.6582,0.6582,Low,0,,,0
84,Morning Peak,3,7.3333,84,11,77.3636,78,118.4712,2,2,135,3,2,3,3,0.653,1.745,4,0.75,1.4809,1.4809,Low,0,,,0
84,Off Peak,3,8.6667,84,11,77.3636,78,118.4712,2,2,135,3,2,3,3,0.653,1.745,14,0.2143,0.4231,0.4231,Low,0,,,0
84A,Evening Peak,3,17.3333,84A,11,55.0,55,77.4303,2,2,102,3,3,3,2,0.7103,1.8545,4,0.75,0.9679,0.9679,Low,0,,,0
84A,Midday,3,12.6667,84A,11,55.0,55,77.4303,2,2,102,3,3,3,2,0.7103,1.8545,6,0.5,0.6453,0.6453,Low,0,,,0
84A,Morning Peak,3,7.6667,84A,11,55.0,55,77.4303,2,2,102,3,3,3,2,0.7103,1.8545,4,0.75,0.9679,0.9679,Low,0,,,0
84A,Off Peak,2,13.0,84A,11,55.0,55,77.4303,2,2,102,3,3,3,2,0.7103,1.8545,14,0.1429,0.1844,0.1844,Low,0,,,0
85,Evening Peak,0,18.0,85,3,48.0,49,67.5833,2,2,85,0,1,2,0,0.7102,1.7708,4,0.0,0.0,0.0,Low,0,,,0
85,Midday,1,10.0,85,3,48.0,49,67.5833,2,2,85,0,1,2,0,0.7102,1.7708,6,0.1667,0.1877,0.1877,Low,0,,,0
85,Morning Peak,2,8.0,85,3,48.0,49,67.5833,2,2,85,0,1,2,0,0.7102,1.7708,4,0.5,0.5632,0.5632,Low,0,,,0
85,Off Peak,0,22.0,85,3,48.0,49,67.5833,2,2,85,0,1,2,0,0.7102,1.7708,14,0.0,0.0,0.0,Low,0,,,0
86,Evening Peak,6,17.3333,86,25,59.0,59,84.9987,2,2,110,6,9,8,2,0.6941,1.8644,4,1.5,2.125,2.125,Medium,0,,,0
86,Midday,9,12.7778,86,25,59.0,59,84.9987,2,2,110,6,9,8,2,0.6941,1.8644,6,1.5,2.125,2.125,Medium,0,,,0
86,Morning Peak,8,7.5,86,25,59.0,59,84.9987,2,2,110,6,9,8,2,0.6941,1.8644,4,2.0,2.8333,2.8333,Medium,0,,,0
86,Off Peak,2,20.0,86,25,59.0,59,84.9987,2,2,110,6,9,8,2,0.6941,1.8644,14,0.1429,0.2024,0.2024,Low,0,,,0
87,Evening Peak,4,16.75,87,20,29.5,31,36.7667,2,2,54,4,6,6,4,0.8024,1.8305,4,1.0,0.6128,0.6128,Medium,0,,,0
87,Midday,6,12.1667,87,20,29.5,31,36.7667,2,2,54,4,6,6,4,0.8024,1.8305,6,1.0,0.6128,0.6128,Medium,0,,,0
87,Morning Peak,6,7.3333,87,20,29.5,31,36.7667,2,2,54,4,6,6,4,0.8024,1.8305,4,1.5,0.9192,0.9192,Medium,0,,,0
87,Off Peak,4,17.0,87,20,29.5,31,36.7667,2,2,54,4,6,6,4,0.8024,1.8305,14,0.2857,0.1751,0.1751,Low,0,,,0
87A,Evening Peak,3,17.0,87A,11,44.3636,46,65.2652,2,2,87,3,3,4,1,0.6797,1.9611,4,0.75,0.8158,0.8158,Low,0,,,0
87A,Midday,3,12.3333,87A,11,44.3636,46,65.2652,2,2,87,3,3,4,1,0.6797,1.9611,6,0.5,0.5439,0.5439,Low,0,,,0
87A,Morning Peak,4,7.5,87A,11,44.3636,46,65.2652,2,2,87,3,3,4,1,0.6797,1.9611,4,1.0,1.0878,1.0878,Medium,0,,,0
87A,Off Peak,1,20.0,87A,11,44.3636,46,65.2652,2,2,87,3,3,4,1,0.6797,1.9611,14,0.0714,0.0777,0.0777,Low,0,,,0
9,Evening Peak,0,18.0,9,10,20.0,21,20.8667,2,2,34,0,4,6,0,0.9585,1.7,4,0.0,0.0,0.0,Low,0,,,0
9,Midday,4,11.75,9,10,20.0,21,20.8667,2,2,34,0,4,6,0,0.9585,1.7,6,0.6667,0.2319,0.2319,Low,0,,,0
9,Morning Peak,6,7.5,9,10,20.0,21,20.8667,2,2,34,0,4,6,0,0.9585,1.7,4,1.5,0.5217,0.5217,Medium,0,,,0
9,Off Peak,0,22.0,9,10,20.0,21,20.8667,2,2,34,0,4,6,0,0.9585,1.7,14,0.0,0.0,0.0,Low,0,,,0
90,Evening Peak,5,17.4,90,19,31.9474,33,40.6167,2,2,53,5,6,6,2,0.7866,1.659,4,1.25,0.8462,0.8462,Medium,0,,,0
90,Midday,6,12.3333,90,19,31.9474,33,40.6167,2,2,53,5,6,6,2,0.7866,1.659,6,1.0,0.6769,0.6769,Medium,0,,,0
90,Morning Peak,6,7.1667,90,19,31.9474,33,40.6167,2,2,53,5,6,6,2,0.7866,1.659,4,1.5,1.0154,1.0154,Medium,0,,,0
90,Off Peak,2,20.5,90,19,31.9474,33,40.6167,2,2,53,5,6,6,2,0.7866,1.659,14,0.1429,0.0967,0.0967,Low,0,,,0
91,Evening Peak,2,17.5,91,7,22.7143,24,27.7238,2,2,43,2,3,2,0,0.8193,1.8931,4,0.5,0.231,0.231,Low,0,,,0
91,Midday,3,11.0,91,7,22.7143,24,27.7238,2,2,43,2,3,2,0,0.8193,1.8931,6,0.5,0.231,0.231,Low,0,,,0
91,Morning Peak,2,8.5,91,7,22.7143,24,27.7238,2,2,43,2,3,2,0,0.8193,1.8931,4,0.5,0.231,0.231,Low,0,,,0
91,Off Peak,0,22.0,91,7,22.7143,24,27.7238,2,2,43,2,3,2,0,0.8193,1.8931,14,0.0,0.0,0.0,Low,0,,,0
92,Evening Peak,0,18.0,92,4,40.5,41,46.0917,2,2,74,0,1,3,0,0.8787,1.8272,4,0.0,0.0,0.0,Low,0,,,0
92,Midday,1,10.0,92,4,40.5,41,46.0917,2,2,74,0,1,3,0,0.8787,1.8272,6,0.1667,0.128,0.128,Low,0,,,0
92,Morning Peak,3,8.0,92,4,40.5,41,46.0917,2,2,74,0,1,3,0,0.8787,1.8272,4,0.75,0.5761,0.5761,Low,0,,,0
92,Off Peak,0,22.0,92,4,40.5,41,46.0917,2,2,74,0,1,3,0,0.8787,1.8272,14,0.0,0.0,0.0,Low,0,,,0
94,Evening Peak,19,17.4211,94,72,40.5,41,50.75,2,2,78,19,27,19,7,0.798,1.9259,4,4.75,4.0177,4.0177,High,0,,,0
94,Midday,27,12.5926,94,72,40.5,41,50.75,2,2,78,19,27,19,7,0.798,1.9259,6,4.5,3.8062,3.8062,High,0,,,0
94,Morning Peak,19,7.3684,94,72,40.5,41,50.75,2,2,78,19,27,19,7,0.798,1.9259,4,4.75,4.0177,4.0177,High,0,,,0
94,Off Peak,7,20.4286,94,72,40.5,41,50.75,2,2,78,19,27,19,7,0.798,1.9259,14,0.5,0.4229,0.4229,Low,0,,,0
95,Evening Peak,0,18.0,95,4,25.0,25,30.1583,2,2,44,0,1,3,0,0.829,1.76,4,0.0,0.0,0.0,Low,0,,,0
95,Midday,1,11.0,95,4,25.0,25,30.1583,2,2,44,0,1,3,0,0.829,1.76,6,0.1667,0.0838,0.0838,Low,0,,,0
95,Morning Peak,3,8.0,95,4,25.0,25,30.1583,2,2,44,0,1,3,0,0.829,1.76,4,0.75,0.377,0.377,Low,0,,,0
95,Off Peak,0,22.0,95,4,25.0,25,30.1583,2,2,44,0,1,3,0,0.829,1.76,14,0.0,0.0,0.0,Low,0,,,0
97,Evening Peak,0,18.0,97,4,33.0,35,40.1667,2,2,63,0,2,2,0,0.8216,1.9091,4,0.0,0.0,0.0,Low,0,,,0
97,Midday,2,11.0,97,4,33.0,35,40.1667,2,2,63,0,2,2,0,0.8216,1.9091,6,0.3333,0.2231,0.2231,Low,0,,,0
97,Morning Peak,2,8.5,97,4,33.0,35,40.1667,2,2,63,0,2,2,0,0.8216,1.9091,4,0.5,0.3347,0.3347,Low,0,,,0
97,Off Peak,0,22.0,97,4,33.0,35,40.1667,2,2,63,0,2,2,0,0.8216,1.9091,14,0.0,0.0,0.0,Low,0,,,0
98,Evening Peak,26,17.4231,98,150,56.0,57,81.3417,2,2,93,26,55,34,35,0.6885,1.6607,4,6.5,8.812,8.812,High,0,,,0
98,Midday,55,12.5273,98,150,56.0,57,81.3417,2,2,93,26,55,34,35,0.6885,1.6607,6,9.1667,12.4272,12.4272,High,0,,,0
98,Morning Peak,34,7.5294,98,150,56.0,57,81.3417,2,2,93,26,55,34,35,0.6885,1.6607,4,8.5,11.5234,11.5234,High,0,,,0
98,Off Peak,35,16.6,98,150,56.0,57,81.3417,2,2,93,26,55,34,35,0.6885,1.6607,14,2.5,3.3892,3.3892,Medium,0,,,0
99,Evening Peak,10,17.3,99,67,40.0149,41,53.4537,2,2,72,10,27,21,9,0.7486,1.7993,4,2.5,2.2272,2.2272,Medium,0,,,0
99,Midday,27,12.2222,99,67,40.0149,41,53.4537,2,2,72,10,27,21,9,0.7486,1.7993,6,4.5,4.009,4.009,High,0,,,0
99,Morning Peak,21,7.381,99,67,40.0149,41,53.4537,2,2,72,10,27,21,9,0.7486,1.7993,4,5.25,4.6772,4.6772,High,0,,,0
99,Off Peak,9,12.8889,99,67,40.0149,41,53.4537,2,2,72,10,27,21,9,0.7486,1.7993,14,0.6429,0.5727,0.5727,Low,0,,,0
AP2,Evening Peak,15,17.4,AP2,67,12.0,12,12.6174,2,2,21,15,28,19,5,0.9511,1.75,4,3.75,0.7886,0.7886,High,0,,,0
AP2,Midday,28,12.3214,AP2,67,12.0,12,12.6174,2,2,21,15,28,19,5,0.9511,1.75,6,4.6667,0.9814,0.9814,High,0,,,0
AP2,Morning Peak,19,7.7895,AP2,67,12.0,12,12.6174,2,2,21,15,28,19,5,0.9511,1.75,4,4.75,0.9989,0.9989,High,0,,,0
AP2,Off Peak,5,20.6,AP2,67,12.0,12,12.6174,2,2,21,15,28,19,5,0.9511,1.75,14,0.3571,0.0751,0.0751,Low,0,,,0
B2,Evening Peak,4,17.0,B2,17,21.0,21,28.8431,2,2,33,4,7,4,2,0.7281,1.5714,4,1.0,0.4807,0.4807,Medium,0,,,0
B2,Midday,7,12.8571,B2,17,21.0,21,28.8431,2,2,33,4,7,4,2,0.7281,1.5714,6,1.1667,0.5608,0.5608,Medium,0,,,0
B2,Morning Peak,4,7.5,B2,17,21.0,21,28.8431,2,2,33,4,7,4,2,0.7281,1.5714,4,1.0,0.4807,0.4807,Medium,0,,,0
B2,Off Peak,2,20.5,B2,17,21.0,21,28.8431,2,2,33,4,7,4,2,0.7281,1.5714,14,0.1429,0.0687,0.0687,Low,0,,,0
H11,Evening Peak,6,17.6667,H11,33,19.0,19,19.4712,2,2,37,6,13,10,4,0.9758,1.9474,4,1.5,0.4868,0.4868,Medium,0,,,0
H11,Midday,13,12.0769,H11,33,19.0,19,19.4712,2,2,37,6,13,10,4,0.9758,1.9474,6,2.1667,0.7031,0.7031,Medium,0,,,0
H11,Morning Peak,10,7.7,H11,33,19.0,19,19.4712,2,2,37,6,13,10,4,0.9758,1.9474,4,2.5,0.8113,0.8113,Medium,0,,,0
H11,Off Peak,4,20.75,H11,33,19.0,19,19.4712,2,2,37,6,13,10,4,0.9758,1.9474,14,0.2857,0.0927,0.0927,Low,0,,,0
H3,Evening Peak,17,17.5882,H3,56,15.5,16,15.9333,2,2,28,17,17,15,7,0.9728,1.8065,4,4.25,1.1286,1.1286,High,0,,,0
H3,Midday,17,12.1176,H3,56,15.5,16,15.9333,2,2,28,17,17,15,7,0.9728,1.8065,6,2.8333,0.7524,0.7524,High,0,,,0
H3,Morning Peak,15,7.6,H3,56,15.5,16,15.9333,2,2,28,17,17,15,7,0.9728,1.8065,4,3.75,0.9958,0.9958,High,0,,,0
H3,Off Peak,7,20.8571,H3,56,15.5,16,15.9333,2,2,28,17,17,15,7,0.9728,1.8065,14,0.5,0.1328,0.1328,Low,0,,,0
H8,Evening Peak,37,17.3784,H8,159,16.0,16,16.5363,2,2,28,37,58,42,22,0.9676,1.75,4,9.25,2.5493,2.5493,High,0,,,0
H8,Midday,58,12.6724,H8,159,16.0,16,16.5363,2,2,28,37,58,42,22,0.9676,1.75,6,9.6667,2.6642,2.6642,High,0,,,0
H8,Morning Peak,42,7.5,H8,159,16.0,16,16.5363,2,2,28,37,58,42,22,0.9676,1.75,4,10.5,2.8938,2.8938,High,0,,,0
H8,Off Peak,22,19.2727,H8,159,16.0,16,16.5363,2,2,28,37,58,42,22,0.9676,1.75,14,1.5714,0.4331,0.4331,Medium,0,,,0
H9,Evening Peak,38,17.5,H9,155,15.0,15,18.5694,2,2,28,38,56,40,21,0.8078,1.8667,4,9.5,2.9401,2.9401,High,0,,,0
H9,Midday,56,12.375,H9,155,15.0,15,18.5694,2,2,28,38,56,40,21,0.8078,1.8667,6,9.3333,2.8886,2.8886,High,0,,,0
H9,Morning Peak,40,7.6,H9,155,15.0,15,18.5694,2,2,28,38,56,40,21,0.8078,1.8667,4,10.0,3.0949,3.0949,High,0,,,0
H9,Off Peak,21,19.381,H9,155,15.0,15,18.5694,2,2,28,38,56,40,21,0.8078,1.8667,14,1.5,0.4642,0.4642,Medium,0,,,0
K11,Evening Peak,9,16.7778,K11,30,13.0,13,12.9667,2,2,24,9,10,4,7,1.0026,1.8462,4,2.25,0.4862,0.4862,Medium,0,,,0
K11,Midday,10,13.0,K11,30,13.0,13,12.9667,2,2,24,9,10,4,7,1.0026,1.8462,6,1.6667,0.3602,0.3602,Medium,0,,,0
K11,Morning Peak,4,7.5,K11,30,13.0,13,12.9667,2,2,24,9,10,4,7,1.0026,1.8462,4,1.0,0.2161,0.2161,Medium,0,,,0
K11,Off Peak,7,18.8571,K11,30,13.0,13,12.9667,2,2,24,9,10,4,7,1.0026,1.8462,14,0.5,0.1081,0.1081,Low,0,,,0
K12,Evening Peak,10,17.7,K12,47,16.0,16,18.2606,2,2,23,10,16,12,9,0.8762,1.4375,4,2.5,0.7609,0.7609,Medium,0,,,0
K12,Midday,16,12.5625,K12,47,16.0,16,18.2606,2,2,23,10,16,12,9,0.8762,1.4375,6,2.6667,0.8116,0.8116,Medium,0,,,0
K12,Morning Peak,12,7.5,K12,47,16.0,16,18.2606,2,2,23,10,16,12,9,0.8762,1.4375,4,3.0,0.913,0.913,High,0,,,0
K12,Off Peak,9,19.1111,K12,47,16.0,16,18.2606,2,2,23,10,16,12,9,0.8762,1.4375,14,0.6429,0.1956,0.1956,Low,0,,,0
K12A,Evening Peak,3,17.0,K12A,16,20.0,20,22.0833,2,2,21,3,6,4,3,0.9057,1.05,4,0.75,0.276,0.276,Low,0,,,0
K12A,Midday,6,12.8333,K12A,16,20.0,20,22.0833,2,2,21,3,6,4,3,0.9057,1.05,6,1.0,0.3681,0.3681,Medium,0,,,0
K12A,Morning Peak,4,7.5,K12A,16,20.0,20,22.0833,2,2,21,3,6,4,3,0.9057,1.05,4,1.0,0.3681,0.3681,Medium,0,,,0
K12A,Off Peak,3,15.3333,K12A,16,20.0,20,22.0833,2,2,21,3,6,4,3,0.9057,1.05,14,0.2143,0.0789,0.0789,Low,0,,,0
K14,Evening Peak,9,17.5556,K14,48,14.0,14,14.0833,2,2,25,9,18,17,4,0.9941,1.7857,4,2.25,0.5281,0.5281,Medium,0,,,0
K14,Midday,18,11.9444,K14,48,14.0,14,14.0833,2,2,25,9,18,17,4,0.9941,1.7857,6,3.0,0.7042,0.7042,High,0,,,0
K14,Morning Peak,17,7.6471,K14,48,14.0,14,14.0833,2,2,25,9,18,17,4,0.9941,1.7857,4,4.25,0.9976,0.9976,High,0,,,0
K14,Off Peak,4,20.75,K14,48,14.0,14,14.0833,2,2,25,9,18,17,4,0.9941,1.7857,14,0.2857,0.0671,0.0671,Low,0,,,0
K16,Evening Peak,14,17.2857,K16,55,20.0,20,21.7688,2,2,35,14,20,15,6,0.9187,1.75,4,3.5,1.2698,1.2698,High,0,,,0
K16,Midday,20,12.35,K16,55,20.0,20,21.7688,2,2,35,14,20,15,6,0.9187,1.75,6,3.3333,1.2094,1.2094,High,0,,,0
K16,Morning Peak,15,7.6,K16,55,20.0,20,21.7688,2,2,35,14,20,15,6,0.9187,1.75,4,3.75,1.3605,1.3605,High,0,,,0
K16,Off Peak,6,20.3333,K16,55,20.0,20,21.7688,2,2,35,14,20,15,6,0.9187,1.75,14,0.4286,0.1555,0.1555,Low,0,,,0
K7,Evening Peak,0,18.0,K7,5,27.0,27,33.1833,2,2,49,0,3,2,0,0.8137,1.8148,4,0.0,0.0,0.0,Low,0,,,0
K7,Midday,3,10.6667,K7,5,27.0,27,33.1833,2,2,49,0,3,2,0,0.8137,1.8148,6,0.5,0.2765,0.2765,Low,0,,,0
K7,Morning Peak,2,8.5,K7,5,27.0,27,33.1833,2,2,49,0,3,2,0,0.8137,1.8148,4,0.5,0.2765,0.2765,Low,0,,,0
K7,Off Peak,0,22.0,K7,5,27.0,27,33.1833,2,2,49,0,3,2,0,0.8137,1.8148,14,0.0,0.0,0.0,Low,0,,,0
METRO SHUTTLE 13,Evening Peak,6,17.5,METRO SHUTTLE 13,19,15.0,15,18.8184,2,2,23,6,7,6,0,0.7971,1.5333,4,1.5,0.4705,0.4705,Medium,0,,,0
METRO SHUTTLE 13,Midday,7,11.5714,METRO SHUTTLE 13,19,15.0,15,18.8184,2,2,23,6,7,6,0,0.7971,1.5333,6,1.1667,0.3659,0.3659,Medium,0,,,0
METRO SHUTTLE 13,Morning Peak,6,8.0,METRO SHUTTLE 13,19,15.0,15,18.8184,2,2,23,6,7,6,0,0.7971,1.5333,4,1.5,0.4705,0.4705,Medium,0,,,0
METRO SHUTTLE 13,Off Peak,0,22.0,METRO SHUTTLE 13,19,15.0,15,18.8184,2,2,23,6,7,6,0,0.7971,1.5333,14,0.0,0.0,0.0,Low,0,,,0
METRO SHUTTLE 17,Evening Peak,2,17.5,METRO SHUTTLE 17,12,22.5,23,34.2667,2,2,39,2,4,4,2,0.6566,1.7333,4,0.5,0.2856,0.2856,Low,0,,,0
METRO SHUTTLE 17,Midday,4,12.75,METRO SHUTTLE 17,12,22.5,23,34.2667,2,2,39,2,4,4,2,0.6566,1.7333,6,0.6667,0.3807,0.3807,Low,0,,,0
METRO SHUTTLE 17,Morning Peak,4,7.25,METRO SHUTTLE 17,12,22.5,23,34.2667,2,2,39,2,4,4,2,0.6566,1.7333,4,1.0,0.5711,0.5711,Medium,0,,,0
METRO SHUTTLE 17,Off Peak,2,20.5,METRO SHUTTLE 17,12,22.5,23,34.2667,2,2,39,2,4,4,2,0.6566,1.7333,14,0.1429,0.0816,0.0816,Low,0,,,0
METRO SHUTTLE 2,Evening Peak,5,17.2,METRO SHUTTLE 2,14,20.0,20,23.975,2,2,37,5,5,3,1,0.8342,1.85,4,1.25,0.4995,0.4995,Medium,0,,,0
METRO SHUTTLE 2,Midday,5,11.8,METRO SHUTTLE 2,14,20.0,20,23.975,2,2,37,5,5,3,1,0.8342,1.85,6,0.8333,0.333,0.333,Medium,0,,,0
METRO SHUTTLE 2,Morning Peak,3,8.0,METRO SHUTTLE 2,14,20.0,20,23.975,2,2,37,5,5,3,1,0.8342,1.85,4,0.75,0.2997,0.2997,Low,0,,,0
METRO SHUTTLE 2,Off Peak,1,21.0,METRO SHUTTLE 2,14,20.0,20,23.975,2,2,37,5,5,3,1,0.8342,1.85,14,0.0714,0.0285,0.0285,Low,0,,,0
METRO SHUTTLE 20,Evening Peak,3,17.0,METRO SHUTTLE 20,17,18.2353,20,23.5922,2,2,30,3,7,4,3,0.7729,1.6452,4,0.75,0.2949,0.2949,Low,0,,,0
METRO SHUTTLE 20,Midday,7,12.8571,METRO SHUTTLE 20,17,18.2353,20,23.5922,2,2,30,3,7,4,3,0.7729,1.6452,6,1.1667,0.4587,0.4587,Medium,0,,,0
METRO SHUTTLE 20,Morning Peak,4,7.5,METRO SHUTTLE 20,17,18.2353,20,23.5922,2,2,30,3,7,4,3,0.7729,1.6452,4,1.0,0.3932,0.3932,Medium,0,,,0
METRO SHUTTLE 20,Off Peak,3,15.3333,METRO SHUTTLE 20,17,18.2353,20,23.5922,2,2,30,3,7,4,3,0.7729,1.6452,14,0.2143,0.0843,0.0843,Low,0,,,0
METRO SHUTTLE 31,Evening Peak,8,17.125,METRO SHUTTLE 31,21,15.4762,16,16.7746,2,2,28,8,7,6,0,0.9226,1.8092,4,2.0,0.5592,0.5592,Medium,0,,,0
METRO SHUTTLE 31,Midday,7,12.2857,METRO SHUTTLE 31,21,15.4762,16,16.7746,2,2,28,8,7,6,0,0.9226,1.8092,6,1.1667,0.3262,0.3262,Medium,0,,,0
METRO SHUTTLE 31,Morning Peak,6,8.0,METRO SHUTTLE 31,21,15.4762,16,16.7746,2,2,28,8,7,6,0,0.9226,1.8092,4,1.5,0.4194,0.4194,Medium,0,,,0
METRO SHUTTLE 31,Off Peak,0,22.0,METRO SHUTTLE 31,21,15.4762,16,16.7746,2,2,28,8,7,6,0,0.9226,1.8092,14,0.0,0.0,0.0,Low,0,,,0
METRO SHUTTLE 32,Evening Peak,4,17.25,METRO SHUTTLE 32,12,23.0,24,30.0667,2,2,45,4,5,3,0,0.765,1.9565,4,1.0,0.5011,0.5011,Medium,0,,,0
METRO SHUTTLE 32,Midday,5,12.0,METRO SHUTTLE 32,12,23.0,24,30.0667,2,2,45,4,5,3,0,0.765,1.9565,6,0.8333,0.4176,0.4176,Medium,0,,,0
METRO SHUTTLE 32,Morning Peak,3,8.6667,METRO SHUTTLE 32,12,23.0,24,30.0667,2,2,45,4,5,3,0,0.765,1.9565,4,0.75,0.3758,0.3758,Low,0,,,0
METRO SHUTTLE 32,Off Peak,0,22.0,METRO SHUTTLE 32,12,23.0,24,30.0667,2,2,45,4,5,3,0,0.765,1.9565,14,0.0,0.0,0.0,Low,0,,,0
N15,Evening Peak,12,17.5,N15,42,12.5,13,13.45,2,2,23,12,14,12,4,0.9294,1.84,4,3.0,0.6725,0.6725,High,0,,,0
N15,Midday,14,12.2857,N15,42,12.5,13,13.45,2,2,23,12,14,12,4,0.9294,1.84,6,2.3333,0.5231,0.5231,Medium,0,,,0
N15,Morning Peak,12,7.5,N15,42,12.5,13,13.45,2,2,23,12,14,12,4,0.9294,1.84,4,3.0,0.6725,0.6725,High,0,,,0
N15,Off Peak,4,20.75,N15,42,12.5,13,13.45,2,2,23,12,14,12,4,0.9294,1.84,14,0.2857,0.064,0.064,Low,0,,,0
N16,Evening Peak,0,18.0,N16,10,19.0,19,20.5,2,2,37,0,4,6,0,0.9268,1.9474,4,0.0,0.0,0.0,Low,0,,,0
N16,Midday,4,10.75,N16,10,19.0,19,20.5,2,2,37,0,4,6,0,0.9268,1.9474,6,0.6667,0.2278,0.2278,Low,0,,,0
N16,Morning Peak,6,8.0,N16,10,19.0,19,20.5,2,2,37,0,4,6,0,0.9268,1.9474,4,1.5,0.5125,0.5125,Medium,0,,,0
N16,Off Peak,0,22.0,N16,10,19.0,19,20.5,2,2,37,0,4,6,0,0.9268,1.9474,14,0.0,0.0,0.0,Low,0,,,0
P13,Evening Peak,6,17.5,P13,10,21.5,22,22.75,2,2,36,6,2,0,2,0.9451,1.6744,4,1.5,0.5688,0.5688,Medium,0,,,0
P13,Midday,2,14.5,P13,10,21.5,22,22.75,2,2,36,6,2,0,2,0.9451,1.6744,6,0.3333,0.1264,0.1264,Low,0,,,0
P13,Morning Peak,0,8.0,P13,10,21.5,22,22.75,2,2,36,6,2,0,2,0.9451,1.6744,4,0.0,0.0,0.0,Low,0,,,0
P13,Off Peak,2,21.5,P13,10,21.5,22,22.75,2,2,36,6,2,0,2,0.9451,1.6744,14,0.1429,0.0542,0.0542,Low,0,,,0
RATRANI 1,Evening Peak,0,18.0,RATRANI 1,2,26.5,27,35.1167,2,2,44,0,0,0,2,0.7546,1.6604,4,0.0,0.0,0.0,Low,0,,,0
RATRANI 1,Midday,0,13.0,RATRANI 1,2,26.5,27,35.1167,2,2,44,0,0,0,2,0.7546,1.6604,6,0.0,0.0,0.0,Low,0,,,0
RATRANI 1,Morning Peak,0,8.0,RATRANI 1,2,26.5,27,35.1167,2,2,44,0,0,0,2,0.7546,1.6604,4,0.0,0.0,0.0,Low,0,,,0
RATRANI 1,Off Peak,2,13.0,RATRANI 1,2,26.5,27,35.1167,2,2,44,0,0,0,2,0.7546,1.6604,14,0.1429,0.0836,0.0836,Low,0,,,0
RATRANI 2,Evening Peak,2,18.0,RATRANI 2,6,26.5,27,34.1167,2,2,43,2,0,0,4,0.7767,1.6226,4,0.5,0.2843,0.2843,Low,0,,,0
RATRANI 2,Midday,0,13.0,RATRANI 2,6,26.5,27,34.1167,2,2,43,2,0,0,4,0.7767,1.6226,6,0.0,0.0,0.0,Low,0,,,0
RATRANI 2,Morning Peak,0,8.0,RATRANI 2,6,26.5,27,34.1167,2,2,43,2,0,0,4,0.7767,1.6226,4,0.0,0.0,0.0,Low,0,,,0
RATRANI 2,Off Peak,4,21.5,RATRANI 2,6,26.5,27,34.1167,2,2,43,2,0,0,4,0.7767,1.6226,14,0.2857,0.1625,0.1625,Low,0,,,0
RATRANI 3,Evening Peak,1,19.0,RATRANI 3,7,18.0,18,27.9857,2,2,30,1,1,0,5,0.6432,1.6667,4,0.25,0.1166,0.1166,Low,0,,,0
RATRANI 3,Midday,1,15.0,RATRANI 3,7,18.0,18,27.9857,2,2,30,1,1,0,5,0.6432,1.6667,6,0.1667,0.0777,0.0777,Low,0,,,0
RATRANI 3,Morning Peak,0,8.0,RATRANI 3,7,18.0,18,27.9857,2,2,30,1,1,0,5,0.6432,1.6667,4,0.0,0.0,0.0,Low,0,,,0
RATRANI 3,Off Peak,5,17.2,RATRANI 3,7,18.0,18,27.9857,2,2,30,1,1,0,5,0.6432,1.6667,14,0.3571,0.1666,0.1666,Low,0,,,0
RATRANI 4,Evening Peak,1,19.0,RATRANI 4,7,17.1429,18,26.5071,2,2,30,1,1,0,5,0.6467,1.75,4,0.25,0.1104,0.1104,Low,0,,,0
RATRANI 4,Midday,1,12.0,RATRANI 4,7,17.1429,18,26.5071,2,2,30,1,1,0,5,0.6467,1.75,6,0.1667,0.0736,0.0736,Low,0,,,0
RATRANI 4,Morning Peak,0,8.0,RATRANI 4,7,17.1429,18,26.5071,2,2,30,1,1,0,5,0.6467,1.75,4,0.0,0.0,0.0,Low,0,,,0
RATRANI 4,Off Peak,5,13.0,RATRANI 4,7,17.1429,18,26.5071,2,2,30,1,1,0,5,0.6467,1.75,14,0.3571,0.1578,0.1578,Low,0,,,0
RATRANI 7,Evening Peak,0,18.0,RATRANI 7,6,50.0,51,58.6917,2,2,95,0,1,0,5,0.8519,1.9,4,0.0,0.0,0.0,Low,0,,,0
RATRANI 7,Midday,1,14.0,RATRANI 7,6,50.0,51,58.6917,2,2,95,0,1,0,5,0.8519,1.9,6,0.1667,0.163,0.163,Low,0,,,0
RATRANI 7,Morning Peak,0,8.0,RATRANI 7,6,50.0,51,58.6917,2,2,95,0,1,0,5,0.8519,1.9,4,0.0,0.0,0.0,Low,0,,,0
RATRANI 7,Off Peak,5,6.4,RATRANI 7,6,50.0,51,58.6917,2,2,95,0,1,0,5,0.8519,1.9,14,0.3571,0.3494,0.3494,Low,0,,,0
