episode,total_reward,epsilon,moving_avg_reward
1,-3.0,1.0,-3.0
2,-97.3,0.9995,-50.15
3,-13.8,0.999,-38.0333
4,-29.9,0.9985,-36.0
5,-22.7,0.998,-33.34
6,-79.2,0.9975,-40.9833
7,-35.9,0.997,-40.2571
8,-8.6,0.9965,-36.3
9,3.4,0.996,-31.8889
10,-30.0,0.9955,-31.7
11,-9.0,0.995,-29.6364
12,-51.9,0.9945,-31.4917
13,-74.2,0.994,-34.7769
14,-8.2,0.9935,-32.8786
15,-29.5,0.993,-32.6533
16,-48.1,0.9925,-33.6188
17,-77.0,0.992,-36.1706
18,-15.5,0.9915,-35.0222
19,-57.9,0.9911,-36.2263
20,-94.8,0.9906,-39.155
21,-61.3,0.9901,-40.2095
22,-19.5,0.9896,-39.2682
23,-78.8,0.9891,-40.987
24,-40.2,0.9886,-40.9542
25,-65.2,0.9881,-41.924
26,-7.9,0.9876,-40.6154
27,-36.8,0.9871,-40.4741
28,-55.9,0.9866,-41.025
29,-34.2,0.9861,-40.7897
30,-62.9,0.9856,-41.5267
31,-89.4,0.9851,-43.071
32,-16.0,0.9846,-42.225
33,-23.2,0.9841,-41.6485
34,-41.2,0.9837,-41.6353
35,-0.9,0.9832,-40.4714
36,-70.4,0.9827,-41.3028
37,-20.0,0.9822,-40.727
38,-54.2,0.9817,-41.0816
39,-27.1,0.9812,-40.7231
40,-44.8,0.9807,-40.825
41,-29.6,0.9802,-40.5512
42,-37.4,0.9797,-40.4762
43,-19.2,0.9792,-39.9814
44,-59.0,0.9788,-40.4136
45,-18.9,0.9783,-39.9356
46,-40.4,0.9778,-39.9457
47,-1.6,0.9773,-39.1298
48,-22.3,0.9768,-38.7792
49,-86.1,0.9763,-39.7449
50,-12.5,0.9758,-39.2
51,-39.0,0.9753,-39.1961
52,-22.0,0.9749,-38.8654
53,-3.2,0.9744,-38.1925
54,-14.5,0.9739,-37.7537
55,-21.2,0.9734,-37.4527
56,-31.8,0.9729,-37.3518
57,-10.6,0.9724,-36.8825
58,-6.1,0.9719,-36.3517
59,-24.5,0.9715,-36.1508
60,-15.2,0.971,-35.8017
61,-30.1,0.9705,-35.7082
62,-26.3,0.97,-35.5565
63,-14.7,0.9695,-35.2254
64,-30.8,0.969,-35.1562
65,-56.6,0.9685,-35.4862
66,-13.5,0.9681,-35.153
67,0.3,0.9676,-34.6239
68,-55.6,0.9671,-34.9324
69,-25.9,0.9666,-34.8014
70,-25.3,0.9661,-34.6657
71,-18.0,0.9656,-34.431
72,0.1,0.9652,-33.9514
73,-25.3,0.9647,-33.8329
74,-22.1,0.9642,-33.6743
75,-17.4,0.9637,-33.4573
76,-19.3,0.9632,-33.2711
77,-47.8,0.9628,-33.4597
78,-70.2,0.9623,-33.9308
79,-23.2,0.9618,-33.7949
80,-10.1,0.9613,-33.4988
81,-36.9,0.9608,-33.5407
82,-4.0,0.9604,-33.1805
83,-19.1,0.9599,-33.0108
84,-45.7,0.9594,-33.1619
85,-58.9,0.9589,-33.4647
86,-16.5,0.9584,-33.2674
87,-8.7,0.958,-32.9851
88,-46.3,0.9575,-33.1364
89,-60.6,0.957,-33.4449
90,-31.4,0.9565,-33.4222
91,-53.5,0.9561,-33.6429
92,-64.1,0.9556,-33.9739
93,-21.1,0.9551,-33.8355
94,-19.1,0.9546,-33.6787
95,-13.1,0.9541,-33.4621
96,-32.4,0.9537,-33.451
97,-2.0,0.9532,-33.1268
98,-34.4,0.9527,-33.1398
99,-19.3,0.9522,-33.0
100,-9.5,0.9518,-32.765
101,-33.2,0.9513,-33.067
102,-18.2,0.9508,-32.276
103,-10.3,0.9503,-32.241
104,-39.2,0.9499,-32.334
105,-36.5,0.9494,-32.472
106,-8.5,0.9489,-31.765
107,-36.7,0.9484,-31.773
108,-9.0,0.948,-31.777
109,-6.2,0.9475,-31.873
110,-19.1,0.947,-31.764
111,-25.3,0.9466,-31.927
112,-17.1,0.9461,-31.579
113,-11.9,0.9456,-30.956
114,-0.1,0.9451,-30.875
115,-84.1,0.9447,-31.421
116,-11.5,0.9442,-31.055
117,-18.1,0.9437,-30.466
118,-18.2,0.9432,-30.493
119,-14.4,0.9428,-30.058
120,-13.0,0.9423,-29.24
121,-76.0,0.9418,-29.387
122,-30.7,0.9414,-29.499
123,-8.6,0.9409,-28.797
124,-17.0,0.9404,-28.565
125,-8.1,0.94,-27.994
126,-30.3,0.9395,-28.218
127,-13.6,0.939,-27.986
128,-77.2,0.9385,-28.199
129,-53.0,0.9381,-28.387
130,-37.4,0.9376,-28.132
131,-8.0,0.9371,-27.318
132,-79.0,0.9367,-27.948
133,-12.5,0.9362,-27.841
134,-66.7,0.9357,-28.096
135,-43.7,0.9353,-28.524
136,-15.4,0.9348,-27.974
137,-27.4,0.9343,-28.048
138,-50.1,0.9339,-28.007
139,-49.1,0.9334,-28.227
140,-43.9,0.9329,-28.218
141,-46.3,0.9325,-28.385
142,-109.5,0.932,-29.106
143,0.1,0.9315,-28.913
144,-35.9,0.9311,-28.682
145,-52.8,0.9306,-29.021
146,-18.0,0.9302,-28.797
147,-12.5,0.9297,-28.906
148,-18.4,0.9292,-28.867
149,-45.7,0.9288,-28.463
150,-32.1,0.9283,-28.659
151,-22.6,0.9278,-28.495
152,-53.0,0.9274,-28.805
153,-44.9,0.9269,-29.222
154,-38.3,0.9264,-29.46
155,-12.7,0.926,-29.375
156,-40.8,0.9255,-29.465
157,-41.9,0.9251,-29.778
158,-33.2,0.9246,-30.049
159,-13.9,0.9241,-29.943
160,-11.9,0.9237,-29.91
161,-13.5,0.9232,-29.744
162,-20.5,0.9227,-29.686
163,-92.7,0.9223,-30.466
164,-41.1,0.9218,-30.569
165,-7.0,0.9214,-30.073
166,-1.3,0.9209,-29.951
167,-94.9,0.9204,-30.903
168,-13.7,0.92,-30.484
169,-78.5,0.9195,-31.01
170,1.2,0.9191,-30.745
171,-28.4,0.9186,-30.849
172,-62.9,0.9182,-31.479
173,-6.7,0.9177,-31.293
174,-100.0,0.9172,-32.072
175,-88.1,0.9168,-32.779
176,-30.1,0.9163,-32.887
177,-43.8,0.9159,-32.847
178,-26.3,0.9154,-32.408
179,-8.4,0.9149,-32.26
180,-14.5,0.9145,-32.304
181,-20.0,0.914,-32.135
182,-19.1,0.9136,-32.286
183,-24.9,0.9131,-32.344
184,-64.7,0.9127,-32.534
185,-12.3,0.9122,-32.068
186,-29.8,0.9118,-32.201
187,-13.8,0.9113,-32.252
188,-18.1,0.9108,-31.97
189,-46.2,0.9104,-31.826
190,-17.1,0.9099,-31.683
191,-1.5,0.9095,-31.163
192,-3.6,0.909,-30.558
193,-31.0,0.9086,-30.657
194,-4.0,0.9081,-30.506
195,-56.1,0.9077,-30.936
196,-17.1,0.9072,-30.783
197,-67.0,0.9068,-31.433
198,-15.6,0.9063,-31.245
199,-67.1,0.9059,-31.723
200,-69.2,0.9054,-32.32
201,-7.6,0.905,-32.064
202,-13.2,0.9045,-32.014
203,-41.0,0.904,-32.321
204,-42.3,0.9036,-32.352
205,-8.8,0.9031,-32.075
206,-42.0,0.9027,-32.41
207,-71.1,0.9022,-32.754
208,-49.2,0.9018,-33.156
209,-33.4,0.9013,-33.428
210,-35.7,0.9009,-33.594
211,-27.2,0.9004,-33.613
212,-13.9,0.9,-33.581
213,-13.6,0.8995,-33.598
214,-15.5,0.8991,-33.752
215,-28.5,0.8986,-33.196
216,-11.1,0.8982,-33.192
217,-7.2,0.8977,-33.083
218,-85.2,0.8973,-33.753
219,-7.8,0.8969,-33.687
220,-1.6,0.8964,-33.573
221,-16.8,0.896,-32.981
222,-30.8,0.8955,-32.982
223,-14.1,0.8951,-33.037
224,-4.7,0.8946,-32.914
225,-12.3,0.8942,-32.956
226,-20.2,0.8937,-32.855
227,-4.6,0.8933,-32.765
228,-15.2,0.8928,-32.145
229,-5.4,0.8924,-31.669
230,-61.2,0.8919,-31.907
231,-33.1,0.8915,-32.158
232,-17.7,0.891,-31.545
233,-52.7,0.8906,-31.947
234,-17.2,0.8902,-31.452
235,-11.7,0.8897,-31.132
236,-32.5,0.8893,-31.303
237,-64.9,0.8888,-31.678
238,-78.2,0.8884,-31.959
239,-14.5,0.8879,-31.613
240,-31.7,0.8875,-31.491
241,-78.7,0.8871,-31.815
242,-19.4,0.8866,-30.914
243,-14.9,0.8862,-31.064
244,-40.8,0.8857,-31.113
245,-28.1,0.8853,-30.866
246,-19.1,0.8848,-30.877
247,-40.5,0.8844,-31.157
248,3.0,0.884,-30.943
249,-38.9,0.8835,-30.875
250,-34.4,0.8831,-30.898
251,-53.9,0.8826,-31.211
252,-25.5,0.8822,-30.936
253,-17.4,0.8818,-30.661
254,-4.2,0.8813,-30.32
255,-81.2,0.8809,-31.005
256,-7.0,0.8804,-30.667
257,-92.9,0.88,-31.177
258,-12.3,0.8796,-30.968
259,5.9,0.8791,-30.77
260,-3.8,0.8787,-30.689
261,-29.7,0.8782,-30.851
262,-34.9,0.8778,-30.995
263,-55.0,0.8774,-30.618
264,-87.9,0.8769,-31.086
265,-47.5,0.8765,-31.491
266,-24.5,0.876,-31.723
267,-12.0,0.8756,-30.894
268,-61.3,0.8752,-31.37
269,-71.6,0.8747,-31.301
270,-17.1,0.8743,-31.484
271,-14.4,0.8739,-31.344
272,-20.1,0.8734,-30.916
273,-78.0,0.873,-31.629
274,-11.7,0.8726,-30.746
275,-15.8,0.8721,-30.023
276,-15.8,0.8717,-29.88
277,-50.5,0.8712,-29.947
278,-16.0,0.8708,-29.844
279,-58.1,0.8704,-30.341
280,-45.5,0.8699,-30.651
281,-32.8,0.8695,-30.779
282,-16.4,0.8691,-30.752
283,-62.9,0.8686,-31.132
284,-96.0,0.8682,-31.445
285,-27.7,0.8678,-31.599
286,10.1,0.8673,-31.2
287,-15.6,0.8669,-31.218
288,-37.4,0.8665,-31.411
289,-40.3,0.866,-31.352
290,-36.1,0.8656,-31.542
291,-20.4,0.8652,-31.731
292,-30.6,0.8647,-32.001
293,-28.7,0.8643,-31.978
294,-25.2,0.8639,-32.19
295,-24.8,0.8635,-31.877
296,-43.1,0.863,-32.137
297,-25.6,0.8626,-31.723
298,-16.4,0.8622,-31.731
299,-64.3,0.8617,-31.703
300,-44.2,0.8613,-31.453
301,-36.9,0.8609,-31.746
302,-48.6,0.8604,-32.1
303,-66.7,0.86,-32.357
304,-18.0,0.8596,-32.114
305,-9.8,0.8592,-32.124
306,-34.5,0.8587,-32.049
307,-14.3,0.8583,-31.481
308,-38.0,0.8579,-31.369
309,-4.4,0.8574,-31.079
310,-14.4,0.857,-30.866
311,-17.0,0.8566,-30.764
312,-38.8,0.8562,-31.013
313,-15.9,0.8557,-31.036
314,-20.9,0.8553,-31.09
315,-40.6,0.8549,-31.211
316,-23.3,0.8544,-31.333
317,-8.0,0.854,-31.341
318,-9.2,0.8536,-30.581
319,-22.2,0.8532,-30.725
320,8.9,0.8527,-30.62
321,-17.5,0.8523,-30.627
322,0.5,0.8519,-30.314
323,-11.7,0.8515,-30.29
324,-62.2,0.851,-30.865
325,-0.7,0.8506,-30.749
326,-55.0,0.8502,-31.097
327,-55.6,0.8498,-31.607
328,-51.3,0.8493,-31.968
329,-0.9,0.8489,-31.923
330,-29.4,0.8485,-31.605
331,-41.6,0.8481,-31.69
332,-37.5,0.8476,-31.888
333,-20.7,0.8472,-31.568
334,-75.5,0.8468,-32.151
335,-89.7,0.8464,-32.931
336,-62.3,0.846,-33.229
337,-47.4,0.8455,-33.054
338,-17.8,0.8451,-32.45
339,-33.4,0.8447,-32.639
340,-12.4,0.8443,-32.446
341,-28.0,0.8438,-31.939
342,-29.4,0.8434,-32.039
343,-43.1,0.843,-32.321
344,-56.3,0.8426,-32.476
345,-12.4,0.8422,-32.319
346,-32.2,0.8417,-32.45
347,-4.5,0.8413,-32.09
348,-6.7,0.8409,-32.187
349,-6.0,0.8405,-31.858
350,-6.5,0.8401,-31.579
351,-25.3,0.8396,-31.293
352,-23.0,0.8392,-31.268
353,-24.1,0.8388,-31.335
354,-30.8,0.8384,-31.601
355,-85.8,0.838,-31.647
356,-8.2,0.8375,-31.659
357,-70.5,0.8371,-31.435
358,-9.3,0.8367,-31.405
359,-8.3,0.8363,-31.547
360,-17.9,0.8359,-31.688
361,-19.4,0.8355,-31.585
362,-27.5,0.835,-31.511
363,-16.3,0.8346,-31.124
364,-8.8,0.8342,-30.333
365,-17.7,0.8338,-30.035
366,-6.4,0.8334,-29.854
367,-46.2,0.833,-30.196
368,-55.3,0.8325,-30.136
369,-44.9,0.8321,-29.869
370,-17.0,0.8317,-29.868
371,-1.6,0.8313,-29.74
372,-25.5,0.8309,-29.794
373,-20.6,0.8305,-29.22
374,-25.8,0.8301,-29.361
375,-54.0,0.8296,-29.743
376,-43.0,0.8292,-30.015
377,-13.0,0.8288,-29.64
378,-34.0,0.8284,-29.82
379,-13.7,0.828,-29.376
380,-66.3,0.8276,-29.584
381,-40.4,0.8272,-29.66
382,-10.8,0.8267,-29.604
383,-11.5,0.8263,-29.09
384,-37.9,0.8259,-28.509
385,-14.1,0.8255,-28.373
386,-13.3,0.8251,-28.607
387,-3.1,0.8247,-28.482
388,-17.3,0.8243,-28.281
389,-26.3,0.8239,-28.141
390,-6.9,0.8234,-27.849
391,-88.6,0.823,-28.531
392,-21.6,0.8226,-28.441
393,-18.9,0.8222,-28.343
394,-12.6,0.8218,-28.217
395,-1.6,0.8214,-27.985
396,-53.3,0.821,-28.087
397,-17.9,0.8206,-28.01
398,-35.1,0.8202,-28.197
399,-2.5,0.8198,-27.579
400,-51.9,0.8193,-27.656
401,-38.3,0.8189,-27.67
402,-35.8,0.8185,-27.542
403,-1.3,0.8181,-26.888
404,-7.6,0.8177,-26.784
405,-12.9,0.8173,-26.815
406,-21.9,0.8169,-26.689
407,-6.5,0.8165,-26.611
408,-55.6,0.8161,-26.787
409,-11.0,0.8157,-26.853
410,-10.8,0.8153,-26.817
411,-28.6,0.8149,-26.933
412,-20.2,0.8145,-26.747
413,-24.3,0.814,-26.831
414,-69.6,0.8136,-27.318
415,-23.2,0.8132,-27.144
416,-15.7,0.8128,-27.068
417,-24.9,0.8124,-27.237
418,-24.5,0.812,-27.39
419,-26.1,0.8116,-27.429
420,-13.2,0.8112,-27.65
421,-34.7,0.8108,-27.822
422,-62.2,0.8104,-28.449
423,-23.1,0.81,-28.563
424,-0.8,0.8096,-27.949
425,-7.0,0.8092,-28.012
426,-78.8,0.8088,-28.25
427,-1.8,0.8084,-27.712
428,-24.0,0.808,-27.439
429,-8.4,0.8076,-27.514
430,-13.9,0.8072,-27.359
431,-60.1,0.8068,-27.544
432,-54.7,0.8064,-27.716
433,-12.2,0.806,-27.631
434,-40.9,0.8056,-27.285
435,-57.2,0.8051,-26.96
436,-22.3,0.8047,-26.56
437,-48.6,0.8043,-26.572
438,5.2,0.8039,-26.342
439,-57.4,0.8035,-26.582
440,-29.3,0.8031,-26.751
441,-67.9,0.8027,-27.15
442,-19.0,0.8023,-27.046
443,-8.6,0.8019,-26.701
444,-4.5,0.8015,-26.183
445,-42.5,0.8011,-26.484
446,-39.6,0.8007,-26.558
447,-6.6,0.8003,-26.579
448,-4.3,0.7999,-26.555
449,-28.6,0.7995,-26.781
450,-80.7,0.7991,-27.523
451,-80.7,0.7987,-28.077
452,-1.3,0.7983,-27.86
453,-5.6,0.7979,-27.675
454,-50.7,0.7975,-27.874
455,-6.0,0.7971,-27.076
456,-1.4,0.7968,-27.008
457,-40.5,0.7964,-26.708
458,-45.4,0.796,-27.069
459,-0.5,0.7956,-26.991
460,4.2,0.7952,-26.77
461,-40.8,0.7948,-26.984
462,-18.4,0.7944,-26.893
463,-11.4,0.794,-26.844
464,-17.4,0.7936,-26.93
465,-54.2,0.7932,-27.295
466,-15.6,0.7928,-27.387
467,-27.4,0.7924,-27.199
468,-1.8,0.792,-26.664
469,-5.7,0.7916,-26.272
470,-13.2,0.7912,-26.234
471,-31.3,0.7908,-26.531
472,0.2,0.7904,-26.274
473,-25.3,0.79,-26.321
474,-23.4,0.7896,-26.297
475,9.5,0.7892,-25.662
476,-15.9,0.7888,-25.391
477,-22.3,0.7884,-25.484
478,-16.8,0.788,-25.312
479,0.2,0.7877,-25.173
480,-16.5,0.7873,-24.675
481,-22.5,0.7869,-24.496
482,0.2,0.7865,-24.386
483,-26.7,0.7861,-24.538
484,-26.3,0.7857,-24.422
485,-43.5,0.7853,-24.716
486,-10.4,0.7849,-24.687
487,-19.3,0.7845,-24.849
488,-21.8,0.7841,-24.894
489,3.2,0.7837,-24.599
490,-21.9,0.7833,-24.749
491,-26.8,0.7829,-24.131
492,-17.1,0.7826,-24.086
493,-22.1,0.7822,-24.118
494,-11.7,0.7818,-24.109
495,-21.0,0.7814,-24.303
496,-58.0,0.781,-24.35
497,-65.5,0.7806,-24.826
498,-32.5,0.7802,-24.8
499,-21.3,0.7798,-24.988
500,-38.9,0.7794,-24.858
501,-35.4,0.779,-24.829
502,-10.1,0.7787,-24.572
503,-33.3,0.7783,-24.892
504,2.2,0.7779,-24.794
505,-7.9,0.7775,-24.744
506,-17.6,0.7771,-24.701
507,-3.4,0.7767,-24.67
508,-60.3,0.7763,-24.717
509,-10.1,0.7759,-24.708
510,-6.2,0.7756,-24.662
511,-65.2,0.7752,-25.028
512,-79.0,0.7748,-25.616
513,-60.1,0.7744,-25.974
514,-20.0,0.774,-25.478
515,-52.1,0.7736,-25.767
516,-7.2,0.7732,-25.682
517,-28.1,0.7728,-25.714
518,-23.4,0.7725,-25.703
519,-85.7,0.7721,-26.299
520,-10.3,0.7717,-26.27
521,-13.6,0.7713,-26.059
522,-3.8,0.7709,-25.475
523,-13.9,0.7705,-25.383
524,-66.1,0.7701,-26.036
525,-13.5,0.7698,-26.101
526,-56.3,0.7694,-25.876
527,-4.1,0.769,-25.899
528,-21.5,0.7686,-25.874
529,-20.9,0.7682,-25.999
530,-11.0,0.7678,-25.97
531,0.0,0.7675,-25.369
532,-34.5,0.7671,-25.167
533,-14.3,0.7667,-25.188
534,-4.3,0.7663,-24.822
535,-44.2,0.7659,-24.692
536,-8.2,0.7655,-24.551
537,-1.0,0.7652,-24.075
538,-47.7,0.7648,-24.604
539,-40.5,0.7644,-24.435
540,-16.8,0.764,-24.31
541,-5.5,0.7636,-23.686
542,-15.5,0.7633,-23.651
543,-58.6,0.7629,-24.151
544,4.4,0.7625,-24.062
545,-1.1,0.7621,-23.648
546,-8.6,0.7617,-23.338
547,-29.6,0.7614,-23.568
548,-64.4,0.761,-24.169
549,-8.7,0.7606,-23.97
550,-22.7,0.7602,-23.39
551,-17.7,0.7598,-22.76
552,-27.8,0.7595,-23.025
553,-21.8,0.7591,-23.187
554,-69.0,0.7587,-23.37
555,-56.3,0.7583,-23.873
556,-32.0,0.7579,-24.179
557,-68.2,0.7576,-24.456
558,-12.9,0.7572,-24.131
559,-5.7,0.7568,-24.183
560,-45.6,0.7564,-24.681
561,-76.7,0.756,-25.04
562,-4.1,0.7557,-24.897
563,-16.4,0.7553,-24.947
564,-2.4,0.7549,-24.797
565,-6.2,0.7545,-24.317
566,-74.7,0.7542,-24.908
567,-18.1,0.7538,-24.815
568,-15.2,0.7534,-24.949
569,-60.9,0.753,-25.501
570,-0.2,0.7527,-25.371
571,-1.2,0.7523,-25.07
572,-8.3,0.7519,-25.155
573,-6.7,0.7515,-24.969
574,-66.5,0.7512,-25.4
575,-43.9,0.7508,-25.934
576,-5.6,0.7504,-25.831
577,-37.8,0.75,-25.986
578,-25.6,0.7497,-26.074
579,-30.9,0.7493,-26.385
580,-42.1,0.7489,-26.641
581,-2.6,0.7485,-26.442
582,-6.1,0.7482,-26.505
583,-27.3,0.7478,-26.511
584,-19.4,0.7474,-26.442
585,-18.7,0.747,-26.194
586,-22.3,0.7467,-26.313
587,-11.7,0.7463,-26.237
588,-25.4,0.7459,-26.273
589,-8.9,0.7456,-26.394
590,-38.5,0.7452,-26.56
591,-22.2,0.7448,-26.514
592,-38.2,0.7444,-26.725
593,-16.2,0.7441,-26.666
594,-10.1,0.7437,-26.65
595,-21.7,0.7433,-26.657
596,-27.0,0.743,-26.347
597,8.4,0.7426,-25.608
598,-11.4,0.7422,-25.397
599,-20.9,0.7418,-25.393
600,-26.6,0.7415,-25.27
601,-63.6,0.7411,-25.552
602,-50.8,0.7407,-25.959
603,-31.0,0.7404,-25.936
604,-8.6,0.74,-26.044
605,-21.0,0.7396,-26.175
606,-0.6,0.7392,-26.005
607,-8.9,0.7389,-26.06
608,-7.4,0.7385,-25.531
609,-5.3,0.7381,-25.483
610,-19.4,0.7378,-25.615
611,-42.7,0.7374,-25.39
612,4.4,0.737,-24.556
613,-25.3,0.7367,-24.208
614,-56.0,0.7363,-24.568
615,-21.8,0.7359,-24.265
616,-27.3,0.7356,-24.466
617,-9.7,0.7352,-24.282
618,-12.4,0.7348,-24.172
619,-20.0,0.7345,-23.515
620,-2.3,0.7341,-23.435
621,-22.6,0.7337,-23.525
622,-21.8,0.7334,-23.705
623,-18.6,0.733,-23.752
624,-12.9,0.7326,-23.22
625,-42.8,0.7323,-23.513
626,-2.2,0.7319,-22.972
627,-18.6,0.7315,-23.117
628,-7.5,0.7312,-22.977
629,-11.8,0.7308,-22.886
630,-82.5,0.7304,-23.601
631,-9.0,0.7301,-23.691
632,-28.7,0.7297,-23.633
633,3.1,0.7293,-23.459
634,-12.2,0.729,-23.538
635,-7.1,0.7286,-23.167
636,-2.2,0.7283,-23.107
637,12.3,0.7279,-22.974
638,-1.8,0.7275,-22.515
639,-8.1,0.7272,-22.191
640,-99.3,0.7268,-23.016
641,-6.1,0.7264,-23.022
642,-16.7,0.7261,-23.034
643,-3.3,0.7257,-22.481
644,-19.5,0.7254,-22.72
645,-13.1,0.725,-22.84
646,-11.9,0.7246,-22.873
647,-61.0,0.7243,-23.187
648,-1.2,0.7239,-22.555
649,-62.7,0.7235,-23.095
650,-16.6,0.7232,-23.034
651,-18.6,0.7228,-23.043
652,-50.8,0.7225,-23.273
653,-20.9,0.7221,-23.264
654,3.8,0.7217,-22.536
655,-56.6,0.7214,-22.539
656,-50.0,0.721,-22.719
657,-23.9,0.7207,-22.276
658,-59.6,0.7203,-22.743
659,-86.5,0.7199,-23.551
660,-23.7,0.7196,-23.332
661,-8.2,0.7192,-22.647
662,-22.9,0.7189,-22.835
663,5.0,0.7185,-22.621
664,-26.3,0.7181,-22.86
665,5.0,0.7178,-22.748
666,0.0,0.7174,-22.001
667,-53.4,0.7171,-22.354
668,-6.2,0.7167,-22.264
669,-40.2,0.7164,-22.057
670,-8.4,0.716,-22.139
671,-24.3,0.7156,-22.37
672,-23.8,0.7153,-22.525
673,-23.6,0.7149,-22.694
674,3.6,0.7146,-21.993
675,-20.0,0.7142,-21.754
676,-8.5,0.7139,-21.783
677,-14.2,0.7135,-21.547
678,-71.0,0.7131,-22.001
679,-6.9,0.7128,-21.761
680,-19.9,0.7124,-21.539
681,-53.6,0.7121,-22.049
682,-7.3,0.7117,-22.061
683,-44.3,0.7114,-22.231
684,-33.6,0.711,-22.373
685,-13.4,0.7107,-22.32
686,-37.2,0.7103,-22.469
687,-4.5,0.7099,-22.397
688,1.2,0.7096,-22.131
689,-6.5,0.7092,-22.107
690,-62.1,0.7089,-22.343
691,3.2,0.7085,-22.089
692,-79.2,0.7082,-22.499
693,-12.2,0.7078,-22.459
694,5.7,0.7075,-22.301
695,-6.9,0.7071,-22.153
696,-9.4,0.7068,-21.977
697,-38.1,0.7064,-22.442
698,-0.1,0.7061,-22.329
699,-1.9,0.7057,-22.139
700,-0.1,0.7054,-21.874
701,-1.1,0.705,-21.249
702,-28.5,0.7046,-21.026
703,-22.9,0.7043,-20.945
704,-17.5,0.7039,-21.034
705,-22.6,0.7036,-21.05
706,-16.6,0.7032,-21.21
707,-16.4,0.7029,-21.285
708,-18.1,0.7025,-21.392
709,-4.7,0.7022,-21.386
710,-20.0,0.7018,-21.392
711,1.1,0.7015,-20.954
712,-10.0,0.7011,-21.098
713,-10.6,0.7008,-20.951
714,-13.4,0.7004,-20.525
715,-0.4,0.7001,-20.311
716,-11.9,0.6997,-20.157
717,-15.3,0.6994,-20.213
718,-21.3,0.699,-20.302
719,-18.6,0.6987,-20.288
720,-29.5,0.6983,-20.56
721,-7.5,0.698,-20.409
722,-2.5,0.6976,-20.216
723,-37.8,0.6973,-20.408
724,-16.2,0.6969,-20.441
725,-1.9,0.6966,-20.032
726,-9.9,0.6963,-20.109
727,-3.9,0.6959,-19.962
728,-5.4,0.6956,-19.941
729,-75.1,0.6952,-20.574
730,-16.3,0.6949,-19.912
731,1.9,0.6945,-19.803
732,-85.5,0.6942,-20.371
733,-9.2,0.6938,-20.494
734,-28.3,0.6935,-20.655
735,3.0,0.6931,-20.554
736,-60.6,0.6928,-21.138
737,-70.4,0.6924,-21.965
738,-6.6,0.6921,-22.013
739,10.6,0.6917,-21.826
740,1.1,0.6914,-20.822
741,-32.7,0.6911,-21.088
742,-21.0,0.6907,-21.131
743,-12.2,0.6904,-21.22
744,-24.1,0.69,-21.266
745,-10.6,0.6897,-21.241
746,-11.6,0.6893,-21.238
747,-5.3,0.689,-20.681
748,-1.4,0.6886,-20.683
749,-42.1,0.6883,-20.477
750,-8.0,0.688,-20.391
751,-10.3,0.6876,-20.308
752,-8.9,0.6873,-19.889
753,-53.1,0.6869,-20.211
754,-4.1,0.6866,-20.29
755,-4.9,0.6862,-19.773
756,-21.1,0.6859,-19.484
757,-20.4,0.6856,-19.449
758,-8.2,0.6852,-18.935
759,-19.9,0.6849,-18.269
760,-8.2,0.6845,-18.114
761,-5.0,0.6842,-18.082
762,-1.1,0.6838,-17.864
763,-35.0,0.6835,-18.264
764,-15.4,0.6832,-18.155
765,-53.5,0.6828,-18.74
766,-20.2,0.6825,-18.942
767,5.7,0.6821,-18.351
768,-43.1,0.6818,-18.72
769,-4.0,0.6815,-18.358
770,-68.2,0.6811,-18.956
771,-24.3,0.6808,-18.956
772,-1.9,0.6804,-18.737
773,-13.0,0.6801,-18.631
774,-1.8,0.6798,-18.685
775,-39.5,0.6794,-18.88
776,4.2,0.6791,-18.753
777,-11.6,0.6787,-18.727
778,-22.8,0.6784,-18.245
779,-64.5,0.6781,-18.821
780,-20.9,0.6777,-18.831
781,-7.1,0.6774,-18.366
782,-29.6,0.6771,-18.589
783,-32.4,0.6767,-18.47
784,-7.3,0.6764,-18.207
785,-36.4,0.676,-18.437
786,-23.6,0.6757,-18.301
787,6.1,0.6754,-18.195
788,-45.9,0.675,-18.666
789,1.3,0.6747,-18.588
790,-12.4,0.6744,-18.091
791,-14.5,0.674,-18.268
792,-41.7,0.6737,-17.893
793,-28.1,0.6733,-18.052
794,-9.5,0.673,-18.204
795,1.7,0.6727,-18.118
796,-28.9,0.6723,-18.313
797,-42.3,0.672,-18.355
798,-45.6,0.6717,-18.81
799,-4.0,0.6713,-18.831
800,-15.9,0.671,-18.989
801,-9.1,0.6707,-19.069
802,-4.2,0.6703,-18.826
803,-11.8,0.67,-18.715
804,-16.6,0.6697,-18.706
805,-6.4,0.6693,-18.544
806,-18.8,0.669,-18.566
807,-28.9,0.6687,-18.691
808,-8.0,0.6683,-18.59
809,-15.2,0.668,-18.695
810,-23.2,0.6676,-18.727
811,4.2,0.6673,-18.696
812,1.1,0.667,-18.585
813,-10.0,0.6667,-18.579
814,-15.1,0.6663,-18.596
815,-9.9,0.666,-18.691
816,-20.5,0.6657,-18.777
817,-37.6,0.6653,-19.0
818,-49.8,0.665,-19.285
819,-18.1,0.6647,-19.28
820,-3.3,0.6643,-19.018
821,3.4,0.664,-18.909
822,-17.0,0.6637,-19.054
823,-2.7,0.6633,-18.703
824,-107.3,0.663,-19.614
825,-18.7,0.6627,-19.782
826,-21.8,0.6623,-19.901
827,-1.7,0.662,-19.879
828,-6.9,0.6617,-19.894
829,-18.6,0.6613,-19.329
830,-49.8,0.661,-19.664
831,-16.4,0.6607,-19.847
832,-10.0,0.6604,-19.092
833,-99.6,0.66,-19.996
834,-7.6,0.6597,-19.789
835,-18.2,0.6594,-20.001
836,-22.3,0.659,-19.618
837,-13.6,0.6587,-19.05
838,-1.3,0.6584,-18.997
839,-66.1,0.6581,-19.764
840,-12.1,0.6577,-19.896
841,-5.5,0.6574,-19.624
842,-26.3,0.6571,-19.677
843,-9.5,0.6567,-19.65
844,-11.4,0.6564,-19.523
845,10.3,0.6561,-19.314
846,-13.8,0.6558,-19.336
847,-12.0,0.6554,-19.403
848,-62.9,0.6551,-20.018
849,-7.4,0.6548,-19.671
850,5.2,0.6544,-19.539
851,-2.3,0.6541,-19.459
852,-1.2,0.6538,-19.382
853,-1.5,0.6535,-18.866
854,-2.1,0.6531,-18.846
855,-8.1,0.6528,-18.878
856,-10.0,0.6525,-18.767
857,-14.4,0.6522,-18.707
858,18.7,0.6518,-18.438
859,-12.8,0.6515,-18.367
860,-5.2,0.6512,-18.337
861,-6.4,0.6509,-18.351
862,0.0,0.6505,-18.34
863,-1.2,0.6502,-18.002
864,-10.3,0.6499,-17.951
865,-4.7,0.6496,-17.463
866,-11.6,0.6492,-17.377
867,-23.2,0.6489,-17.666
868,0.2,0.6486,-17.233
869,-23.0,0.6483,-17.423
870,-4.2,0.6479,-16.783
871,-25.5,0.6476,-16.795
872,-1.4,0.6473,-16.79
873,-33.6,0.647,-16.996
874,-16.0,0.6466,-17.138
875,-27.5,0.6463,-17.018
876,-11.7,0.646,-17.177
877,-2.0,0.6457,-17.081
878,-8.6,0.6454,-16.939
879,-64.2,0.645,-16.936
880,-2.9,0.6447,-16.756
881,-16.4,0.6444,-16.849
882,-50.5,0.6441,-17.058
883,-16.2,0.6437,-16.896
884,-9.1,0.6434,-16.914
885,2.4,0.6431,-16.526
886,-1.3,0.6428,-16.303
887,-6.0,0.6425,-16.424
888,-81.4,0.6421,-16.779
889,0.0,0.6418,-16.792
890,-14.6,0.6415,-16.814
891,-53.3,0.6412,-17.202
892,-18.1,0.6409,-16.966
893,-8.7,0.6405,-16.772
894,9.9,0.6402,-16.578
895,-16.3,0.6399,-16.758
896,-58.9,0.6396,-17.058
897,-6.6,0.6393,-16.701
898,-45.5,0.6389,-16.7
899,-25.7,0.6386,-16.917
900,-34.0,0.6383,-17.098
901,-34.1,0.638,-17.348
902,-46.3,0.6377,-17.769
903,-1.7,0.6374,-17.668
904,-58.6,0.637,-18.088
905,-8.2,0.6367,-18.106
906,-36.6,0.6364,-18.284
907,-23.6,0.6361,-18.231
908,-34.8,0.6358,-18.499
909,-10.6,0.6354,-18.453
910,-21.1,0.6351,-18.432
911,-19.1,0.6348,-18.665
912,-24.4,0.6345,-18.92
913,-8.3,0.6342,-18.903
914,-15.5,0.6339,-18.907
915,-11.6,0.6335,-18.924
916,-23.9,0.6332,-18.958
917,1.2,0.6329,-18.57
918,-12.1,0.6326,-18.193
919,-14.5,0.6323,-18.157
920,-14.7,0.632,-18.271
921,-18.3,0.6316,-18.488
922,-39.8,0.6313,-18.716
923,4.0,0.631,-18.649
924,-10.6,0.6307,-17.682
925,-16.2,0.6304,-17.657
926,-24.0,0.6301,-17.679
927,-13.3,0.6298,-17.795
928,-13.4,0.6294,-17.86
929,-14.7,0.6291,-17.821
930,-0.7,0.6288,-17.33
931,-35.5,0.6285,-17.521
932,-27.1,0.6282,-17.692
933,-15.4,0.6279,-16.85
934,-18.3,0.6276,-16.957
935,-108.0,0.6272,-17.855
936,8.4,0.6269,-17.548
937,1.5,0.6266,-17.397
938,-3.8,0.6263,-17.422
939,-17.3,0.626,-16.934
940,-0.2,0.6257,-16.815
941,9.1,0.6254,-16.669
942,-1.8,0.6251,-16.424
943,-20.9,0.6247,-16.538
944,-8.1,0.6244,-16.505
945,-2.2,0.6241,-16.63
946,-18.3,0.6238,-16.675
947,-21.1,0.6235,-16.766
948,-10.5,0.6232,-16.242
949,4.0,0.6229,-16.128
950,-5.8,0.6226,-16.238
951,-12.3,0.6223,-16.338
952,-32.0,0.6219,-16.646
953,-22.9,0.6216,-16.86
954,-61.2,0.6213,-17.451
955,-7.8,0.621,-17.448
956,-73.3,0.6207,-18.081
957,-15.1,0.6204,-18.088
958,-4.5,0.6201,-18.32
959,-2.3,0.6198,-18.215
960,-24.1,0.6195,-18.404
961,-17.5,0.6192,-18.515
962,-8.2,0.6188,-18.597
963,-11.1,0.6185,-18.696
964,6.0,0.6182,-18.533
965,-1.2,0.6179,-18.498
966,-29.7,0.6176,-18.679
967,-20.0,0.6173,-18.647
968,1.2,0.617,-18.637
969,-22.0,0.6167,-18.627
970,0.4,0.6164,-18.581
971,-37.5,0.6161,-18.701
972,-10.9,0.6158,-18.796
973,-14.3,0.6155,-18.603
974,-37.6,0.6152,-18.819
975,6.9,0.6148,-18.475
976,-36.0,0.6145,-18.718
977,-7.1,0.6142,-18.769
978,3.6,0.6139,-18.647
979,-10.0,0.6136,-18.105
980,-3.7,0.6133,-18.113
981,-1.5,0.613,-17.964
982,-15.5,0.6127,-17.614
983,-25.4,0.6124,-17.706
984,-13.0,0.6121,-17.745
985,-7.9,0.6118,-17.848
986,-13.3,0.6115,-17.968
987,-32.2,0.6112,-18.23
988,-0.2,0.6109,-17.418
989,-74.8,0.6106,-18.166
990,-1.0,0.6103,-18.03
991,-10.0,0.61,-17.597
992,-7.6,0.6096,-17.492
993,-9.6,0.6093,-17.501
994,-1.6,0.609,-17.616
995,-57.5,0.6087,-18.028
996,-0.7,0.6084,-17.446
997,5.9,0.6081,-17.321
998,-106.1,0.6078,-17.927
999,-60.3,0.6075,-18.273
1000,-60.6,0.6072,-18.539
1001,-7.1,0.6069,-18.269
1002,-18.1,0.6066,-17.987
1003,-6.8,0.6063,-18.038
1004,-6.5,0.606,-17.517
1005,-30.5,0.6057,-17.74
1006,-12.4,0.6054,-17.498
1007,3.5,0.6051,-17.227
1008,7.8,0.6048,-16.801
1009,-5.7,0.6045,-16.752
1010,3.4,0.6042,-16.507
1011,-28.0,0.6039,-16.596
1012,-18.1,0.6036,-16.533
1013,-4.1,0.6033,-16.491
1014,-5.4,0.603,-16.39
1015,-0.4,0.6027,-16.278
1016,-28.2,0.6024,-16.321
1017,-18.5,0.6021,-16.518
1018,-34.0,0.6018,-16.737
1019,-2.2,0.6015,-16.614
1020,-8.7,0.6012,-16.554
1021,-8.5,0.6009,-16.456
1022,-30.4,0.6006,-16.362
1023,-13.4,0.6003,-16.536
1024,-4.2,0.6,-16.472
1025,-12.4,0.5997,-16.434
1026,-3.7,0.5994,-16.231
1027,-6.7,0.5991,-16.165
1028,-1.4,0.5988,-16.045
1029,-14.9,0.5985,-16.047
1030,-1.7,0.5982,-16.057
1031,-24.5,0.5979,-15.947
1032,-28.0,0.5976,-15.956
1033,-20.5,0.5973,-16.007
1034,-18.1,0.597,-16.005
1035,-11.6,0.5967,-15.041
1036,-7.2,0.5964,-15.197
1037,-32.7,0.5961,-15.539
1038,-11.1,0.5958,-15.612
1039,-23.9,0.5955,-15.678
1040,-30.7,0.5952,-15.983
1041,14.0,0.5949,-15.934
1042,-72.6,0.5946,-16.642
1043,-2.2,0.5943,-16.455
1044,-4.7,0.594,-16.421
1045,-6.7,0.5937,-16.466
1046,-5.1,0.5934,-16.334
1047,-2.7,0.5931,-16.15
1048,-13.7,0.5928,-16.182
1049,-26.5,0.5925,-16.487
1050,-11.5,0.5922,-16.544
1051,-68.0,0.5919,-17.101
1052,-10.6,0.5917,-16.887
1053,2.2,0.5914,-16.636
1054,-9.5,0.5911,-16.119
1055,-9.5,0.5908,-16.136
1056,-16.5,0.5905,-15.568
1057,-2.6,0.5902,-15.443
1058,14.6,0.5899,-15.252
1059,-14.4,0.5896,-15.373
1060,-26.4,0.5893,-15.396
1061,-6.7,0.589,-15.288
1062,-0.5,0.5887,-15.211
1063,0.3,0.5884,-15.097
1064,-77.6,0.5881,-15.933
1065,-14.1,0.5878,-16.062
1066,-32.2,0.5875,-16.087
1067,-71.4,0.5872,-16.601
1068,-21.0,0.5869,-16.823
1069,-8.9,0.5866,-16.692
1070,3.1,0.5864,-16.665
1071,2.2,0.5861,-16.268
1072,-25.0,0.5858,-16.409
1073,-46.5,0.5855,-16.731
1074,-44.2,0.5852,-16.797
1075,-3.8,0.5849,-16.904
1076,-10.5,0.5846,-16.649
1077,-39.2,0.5843,-16.97
1078,-26.1,0.584,-17.267
1079,-13.0,0.5837,-17.297
1080,-42.9,0.5834,-17.689
1081,-8.0,0.5831,-17.754
1082,4.7,0.5829,-17.552
1083,-5.7,0.5826,-17.355
1084,-14.4,0.5823,-17.369
1085,-10.1,0.582,-17.391
1086,5.8,0.5817,-17.2
1087,-8.9,0.5814,-16.967
1088,-18.3,0.5811,-17.148
1089,-17.1,0.5808,-16.571
1090,-9.1,0.5805,-16.652
1091,-12.3,0.5802,-16.675
1092,-38.5,0.5799,-16.984
1093,-20.0,0.5797,-17.088
1094,-24.1,0.5794,-17.313
1095,-61.8,0.5791,-17.356
1096,-4.5,0.5788,-17.394
1097,-9.6,0.5785,-17.549
1098,0.6,0.5782,-16.482
1099,-63.2,0.5779,-16.511
1100,-8.6,0.5776,-15.991
1101,-12.6,0.5773,-16.046
1102,-6.4,0.5771,-15.929
1103,6.8,0.5768,-15.793
1104,-83.6,0.5765,-16.564
1105,3.3,0.5762,-16.226
1106,-74.2,0.5759,-16.844
1107,-28.9,0.5756,-17.168
1108,-13.1,0.5753,-17.377
1109,-12.6,0.575,-17.446
1110,-19.6,0.5748,-17.676
1111,-7.4,0.5745,-17.47
1112,-12.1,0.5742,-17.41
1113,-26.8,0.5739,-17.637
1114,-6.2,0.5736,-17.645
1115,5.5,0.5733,-17.586
1116,3.3,0.573,-17.271
1117,7.0,0.5728,-17.016
1118,-23.8,0.5725,-16.914
1119,-8.7,0.5722,-16.979
1120,-19.7,0.5719,-17.089
1121,-36.7,0.5716,-17.371
1122,-27.7,0.5713,-17.344
1123,-0.8,0.571,-17.218
1124,-6.6,0.5708,-17.242
1125,-12.9,0.5705,-17.247
1126,-15.9,0.5702,-17.369
1127,-2.9,0.5699,-17.331
1128,-7.3,0.5696,-17.39
1129,5.9,0.5693,-17.182
1130,1.7,0.569,-17.148
1131,-29.5,0.5688,-17.198
1132,-22.2,0.5685,-17.14
1133,-10.2,0.5682,-17.037
1134,-13.9,0.5679,-16.995
1135,-1.1,0.5676,-16.89
1136,4.1,0.5673,-16.777
1137,-54.3,0.5671,-16.993
1138,-41.2,0.5668,-17.294
1139,-39.5,0.5665,-17.45
1140,-4.7,0.5662,-17.19
1141,-5.6,0.5659,-17.386
1142,-39.6,0.5656,-17.056
1143,-8.3,0.5654,-17.117
1144,-7.1,0.5651,-17.141
1145,-96.2,0.5648,-18.036
1146,-17.1,0.5645,-18.156
1147,-5.8,0.5642,-18.187
1148,1.3,0.564,-18.037
1149,-3.6,0.5637,-17.808
1150,-8.3,0.5634,-17.776
1151,-27.0,0.5631,-17.366
1152,-29.4,0.5628,-17.554
1153,-5.7,0.5625,-17.633
1154,-40.3,0.5623,-17.941
1155,-23.7,0.562,-18.083
1156,-18.8,0.5617,-18.106
1157,-16.8,0.5614,-18.248
1158,-29.8,0.5611,-18.692
1159,3.2,0.5609,-18.516
1160,-11.3,0.5606,-18.365
1161,-3.2,0.5603,-18.33
1162,-5.9,0.56,-18.384
1163,-17.6,0.5597,-18.563
1164,-14.5,0.5595,-17.932
1165,-17.3,0.5592,-17.964
1166,-10.4,0.5589,-17.746
1167,-3.3,0.5586,-17.065
1168,2.2,0.5584,-16.833
1169,-35.1,0.5581,-17.095
1170,-17.3,0.5578,-17.299
1171,-6.5,0.5575,-17.386
1172,-79.0,0.5572,-17.926
1173,-74.7,0.557,-18.208
1174,-6.9,0.5567,-17.835
1175,-9.4,0.5564,-17.891
1176,-20.9,0.5561,-17.995
1177,-35.6,0.5558,-17.959
1178,-18.2,0.5556,-17.88
1179,-9.0,0.5553,-17.84
1180,-11.5,0.555,-17.526
1181,-4.2,0.5547,-17.488
1182,1.0,0.5545,-17.525
1183,6.1,0.5542,-17.407
1184,1.7,0.5539,-17.246
1185,-11.1,0.5536,-17.256
1186,-40.6,0.5534,-17.72
1187,-11.9,0.5531,-17.75
1188,3.3,0.5528,-17.534
1189,-37.1,0.5525,-17.734
1190,-43.6,0.5523,-18.079
1191,-8.9,0.552,-18.045
1192,-20.1,0.5517,-17.861
1193,2.0,0.5514,-17.641
1194,-32.1,0.5511,-17.721
1195,-64.0,0.5509,-17.743
1196,13.8,0.5506,-17.56
1197,-10.4,0.5503,-17.568
1198,-19.1,0.55,-17.765
1199,12.0,0.5498,-17.013
1200,-0.3,0.5495,-16.93
1201,7.3,0.5492,-16.731
1202,-7.4,0.549,-16.741
1203,-6.6,0.5487,-16.875
1204,-23.7,0.5484,-16.276
1205,-63.6,0.5481,-16.945
1206,-8.4,0.5479,-16.287
1207,0.1,0.5476,-15.997
1208,-9.0,0.5473,-15.956
1209,-46.0,0.547,-16.29
1210,-16.8,0.5468,-16.262
1211,-11.8,0.5465,-16.306
1212,-38.2,0.5462,-16.567
1213,-8.7,0.5459,-16.386
1214,-20.1,0.5457,-16.525
1215,-13.4,0.5454,-16.714
1216,-33.5,0.5451,-17.082
1217,-10.2,0.5449,-17.254
1218,-13.1,0.5446,-17.147
1219,-12.0,0.5443,-17.18
1220,-2.8,0.544,-17.011
1221,-13.9,0.5438,-16.783
1222,-6.9,0.5435,-16.575
1223,4.4,0.5432,-16.523
1224,-20.4,0.543,-16.661
1225,-9.3,0.5427,-16.625
1226,3.9,0.5424,-16.427
1227,5.0,0.5421,-16.348
1228,3.1,0.5419,-16.244
1229,-12.6,0.5416,-16.429
1230,-25.3,0.5413,-16.699
1231,-41.8,0.5411,-16.822
1232,-54.5,0.5408,-17.145
1233,-7.6,0.5405,-17.119
1234,-36.1,0.5402,-17.341
1235,-60.9,0.54,-17.939
1236,-81.2,0.5397,-18.792
1237,-21.7,0.5394,-18.466
1238,-9.6,0.5392,-18.15
1239,0.0,0.5389,-17.755
1240,-5.9,0.5386,-17.767
1241,-5.5,0.5384,-17.766
1242,-3.2,0.5381,-17.402
1243,-20.5,0.5378,-17.524
1244,-13.8,0.5376,-17.591
1245,-17.8,0.5373,-16.807
1246,-4.3,0.537,-16.679
1247,-22.1,0.5368,-16.842
1248,-37.3,0.5365,-17.228
1249,-42.5,0.5362,-17.617
1250,-13.8,0.5359,-17.672
1251,-15.1,0.5357,-17.553
1252,-20.6,0.5354,-17.465
1253,11.1,0.5351,-17.297
1254,1.2,0.5349,-16.882
1255,-3.3,0.5346,-16.678
1256,-4.8,0.5343,-16.538
1257,-17.8,0.5341,-16.548
1258,-7.4,0.5338,-16.324
1259,-1.3,0.5335,-16.369
1260,-33.0,0.5333,-16.586
1261,-32.4,0.533,-16.878
1262,-11.7,0.5327,-16.936
1263,-2.1,0.5325,-16.781
1264,1.1,0.5322,-16.625
1265,-31.2,0.5319,-16.764
1266,-12.1,0.5317,-16.781
1267,-17.4,0.5314,-16.922
1268,-33.0,0.5312,-17.274
1269,-20.8,0.5309,-17.131
1270,-23.2,0.5306,-17.19
1271,7.7,0.5304,-17.048
1272,8.7,0.5301,-16.171
1273,-18.2,0.5298,-15.606
1274,1.4,0.5296,-15.523
1275,-46.0,0.5293,-15.889
1276,-9.2,0.529,-15.772
1277,-32.4,0.5288,-15.74
1278,-7.4,0.5285,-15.632
1279,-15.7,0.5282,-15.699
1280,-8.5,0.528,-15.669
1281,-41.8,0.5277,-16.045
1282,3.3,0.5275,-16.022
1283,-14.5,0.5272,-16.228
1284,-28.4,0.5269,-16.529
1285,-33.8,0.5267,-16.756
1286,10.5,0.5264,-16.245
1287,-55.3,0.5261,-16.679
1288,-30.1,0.5259,-17.013
1289,-26.9,0.5256,-16.911
1290,-14.8,0.5254,-16.623
1291,9.2,0.5251,-16.442
1292,-85.4,0.5248,-17.095
1293,-16.9,0.5246,-17.284
1294,-62.9,0.5243,-17.592
1295,1.7,0.524,-16.935
1296,-11.7,0.5238,-17.19
1297,-77.7,0.5235,-17.863
1298,-1.9,0.5233,-17.691
1299,-4.2,0.523,-17.853
1300,11.4,0.5227,-17.736
1301,-41.4,0.5225,-18.223
1302,-6.5,0.5222,-18.214
1303,10.5,0.522,-18.043
1304,5.7,0.5217,-17.749
1305,9.9,0.5214,-17.014
1306,6.1,0.5212,-16.869
1307,-24.5,0.5209,-17.115
1308,-6.5,0.5206,-17.09
1309,-33.6,0.5204,-16.966
1310,-10.6,0.5201,-16.904
1311,-24.6,0.5199,-17.032
1312,6.7,0.5196,-16.583
1313,-25.9,0.5194,-16.755
1314,-10.8,0.5191,-16.662
1315,2.9,0.5188,-16.499
1316,-7.0,0.5186,-16.234
1317,-5.9,0.5183,-16.191
1318,6.7,0.5181,-15.993
1319,7.5,0.5178,-15.798
1320,-5.6,0.5175,-15.826
1321,-57.5,0.5173,-16.262
1322,-6.7,0.517,-16.26
1323,-29.8,0.5168,-16.602
1324,-8.8,0.5165,-16.486
1325,7.4,0.5162,-16.319
1326,-9.6,0.516,-16.454
1327,-17.8,0.5157,-16.682
1328,-20.0,0.5155,-16.913
1329,-14.1,0.5152,-16.928
1330,-9.0,0.515,-16.765
1331,-4.8,0.5147,-16.395
1332,-22.1,0.5144,-16.071
1333,-1.9,0.5142,-16.014
1334,-26.9,0.5139,-15.922
1335,-18.3,0.5137,-15.496
1336,-7.4,0.5134,-14.758
1337,-1.8,0.5132,-14.559
1338,-8.7,0.5129,-14.55
1339,-32.4,0.5127,-14.874
1340,-3.6,0.5124,-14.851
1341,-9.3,0.5121,-14.889
1342,-2.5,0.5119,-14.882
1343,-13.3,0.5116,-14.81
1344,-3.6,0.5114,-14.708
1345,-1.6,0.5111,-14.546
1346,6.8,0.5109,-14.435
1347,-26.1,0.5106,-14.475
1348,-2.6,0.5104,-14.128
1349,-2.0,0.5101,-13.723
1350,-9.4,0.5098,-13.679
1351,5.7,0.5096,-13.471
1352,-0.9,0.5093,-13.274
1353,-16.7,0.5091,-13.552
1354,-9.1,0.5088,-13.655
1355,-13.0,0.5086,-13.752
1356,-4.2,0.5083,-13.746
1357,-1.0,0.5081,-13.578
1358,-12.2,0.5078,-13.626
1359,-16.2,0.5076,-13.775
1360,-2.9,0.5073,-13.474
1361,-0.8,0.507,-13.158
1362,-3.8,0.5068,-13.079
1363,3.5,0.5065,-13.023
1364,-2.9,0.5063,-13.063
1365,-8.0,0.506,-12.831
1366,-7.3,0.5058,-12.783
1367,10.2,0.5055,-12.507
1368,1.3,0.5053,-12.164
1369,-2.4,0.505,-11.98
1370,-1.1,0.5048,-11.759
1371,8.2,0.5045,-11.754
1372,-14.0,0.5043,-11.981
1373,12.2,0.504,-11.677
1374,-1.9,0.5038,-11.71
1375,-23.5,0.5035,-11.485
1376,-4.1,0.5033,-11.434
1377,1.4,0.503,-11.096
1378,5.0,0.5028,-10.972
1379,-44.3,0.5025,-11.258
1380,-9.4,0.5023,-11.267
1381,-2.7,0.502,-10.876
1382,4.6,0.5018,-10.863
1383,-22.0,0.5015,-10.938
1384,2.8,0.5013,-10.626
1385,-9.0,0.501,-10.378
1386,-74.7,0.5008,-11.23
1387,-38.0,0.5005,-11.057
1388,-7.2,0.5003,-10.828
1389,3.0,0.5,-10.529
1390,-5.5,0.4998,-10.436
1391,-16.2,0.4995,-10.69
1392,-11.4,0.4993,-9.95
1393,-9.3,0.499,-9.874
1394,-12.2,0.4988,-9.367
1395,-3.6,0.4985,-9.42
1396,-0.6,0.4983,-9.309
1397,5.4,0.498,-8.478
1398,-6.8,0.4978,-8.527
1399,-3.1,0.4975,-8.516
1400,-13.6,0.4973,-8.766
1401,-13.5,0.497,-8.487
1402,5.3,0.4968,-8.369
1403,-18.4,0.4965,-8.658
1404,5.9,0.4963,-8.656
1405,-6.4,0.496,-8.819
1406,11.5,0.4958,-8.765
1407,-1.6,0.4955,-8.536
1408,-8.7,0.4953,-8.558
1409,-13.2,0.495,-8.354
1410,-8.7,0.4948,-8.335
1411,-21.3,0.4945,-8.302
1412,-22.1,0.4943,-8.59
1413,-21.1,0.4941,-8.542
1414,-31.5,0.4938,-8.749
1415,18.6,0.4936,-8.592
1416,2.2,0.4933,-8.5
1417,-1.8,0.4931,-8.459
1418,-2.0,0.4928,-8.546
1419,-18.7,0.4926,-8.808
1420,-2.2,0.4923,-8.774
1421,-13.2,0.4921,-8.331
1422,-9.8,0.4918,-8.362
1423,-24.2,0.4916,-8.306
1424,-11.9,0.4913,-8.337
1425,-18.3,0.4911,-8.594
1426,-8.8,0.4909,-8.586
1427,-15.2,0.4906,-8.56
1428,-6.3,0.4904,-8.423
1429,4.8,0.4901,-8.234
1430,-4.2,0.4899,-8.186
1431,-2.2,0.4896,-8.16
1432,-14.1,0.4894,-8.08
1433,2.9,0.4891,-8.032
1434,1.1,0.4889,-7.752
1435,-12.8,0.4887,-7.697
1436,-9.4,0.4884,-7.717
1437,-5.8,0.4882,-7.757
1438,-8.5,0.4879,-7.755
1439,-15.7,0.4877,-7.588
1440,-5.5,0.4874,-7.607
1441,-22.5,0.4872,-7.739
1442,2.7,0.4869,-7.687
1443,-7.4,0.4867,-7.628
1444,1.1,0.4865,-7.581
1445,4.2,0.4862,-7.523
1446,-6.6,0.486,-7.657
1447,-3.8,0.4857,-7.434
1448,3.6,0.4855,-7.372
1449,3.0,0.4853,-7.322
1450,-21.9,0.485,-7.447
1451,4.5,0.4848,-7.459
1452,-44.3,0.4845,-7.893
1453,-18.2,0.4843,-7.908
1454,-46.0,0.484,-8.277
1455,-70.3,0.4838,-8.85
1456,4.0,0.4836,-8.768
1457,-21.3,0.4833,-8.971
1458,-9.5,0.4831,-8.944
1459,-18.9,0.4828,-8.971
1460,1.8,0.4826,-8.924
1461,-1.4,0.4824,-8.93
1462,9.1,0.4821,-8.801
1463,-11.9,0.4819,-8.955
1464,-13.8,0.4816,-9.064
1465,-5.6,0.4814,-9.04
1466,1.7,0.4811,-8.95
1467,7.6,0.4809,-8.976
1468,-13.9,0.4807,-9.128
1469,-10.2,0.4804,-9.206
1470,-0.1,0.4802,-9.196
1471,-7.9,0.4799,-9.357
1472,-9.6,0.4797,-9.313
1473,3.1,0.4795,-9.404
1474,-4.5,0.4792,-9.43
1475,-2.2,0.479,-9.217
1476,7.9,0.4788,-9.097
1477,-5.1,0.4785,-9.162
1478,3.1,0.4783,-9.181
1479,7.6,0.478,-8.662
1480,-16.8,0.4778,-8.736
1481,7.2,0.4776,-8.637
1482,19.1,0.4773,-8.492
1483,-19.4,0.4771,-8.466
1484,-8.8,0.4768,-8.582
1485,-22.0,0.4766,-8.712
1486,-4.3,0.4764,-8.008
1487,-0.6,0.4761,-7.634
1488,-3.8,0.4759,-7.6
1489,6.9,0.4757,-7.561
1490,-17.1,0.4754,-7.677
1491,-42.5,0.4752,-7.94
1492,11.2,0.4749,-7.714
1493,-15.1,0.4747,-7.772
1494,-5.8,0.4745,-7.708
1495,-17.7,0.4742,-7.849
1496,-3.1,0.474,-7.874
1497,-11.5,0.4738,-8.043
1498,9.6,0.4735,-7.879
1499,-5.6,0.4733,-7.904
1500,-17.0,0.473,-7.938
1501,-16.2,0.4728,-7.965
1502,-25.9,0.4726,-8.277
1503,-23.4,0.4723,-8.327
1504,8.1,0.4721,-8.305
1505,-21.2,0.4719,-8.453
1506,-1.5,0.4716,-8.583
1507,-19.5,0.4714,-8.762
1508,-28.4,0.4712,-8.959
1509,-41.1,0.4709,-9.238
1510,-20.1,0.4707,-9.352
1511,-51.7,0.4705,-9.656
1512,-78.4,0.4702,-10.219
1513,-17.2,0.47,-10.18
1514,-1.8,0.4698,-9.883
1515,8.5,0.4695,-9.984
1516,-22.8,0.4693,-10.234
1517,-8.0,0.469,-10.296
1518,1.8,0.4688,-10.258
1519,-32.6,0.4686,-10.397
1520,2.0,0.4683,-10.355
1521,-0.8,0.4681,-10.231
1522,-1.5,0.4679,-10.148
1523,-15.8,0.4676,-10.064
1524,-12.3,0.4674,-10.068
1525,5.3,0.4672,-9.832
1526,-36.1,0.4669,-10.105
1527,-2.9,0.4667,-9.982
1528,5.9,0.4665,-9.86
1529,-27.2,0.4662,-10.18
1530,-15.3,0.466,-10.291
1531,-20.1,0.4658,-10.47
1532,-5.2,0.4655,-10.381
1533,-3.6,0.4653,-10.446
1534,-2.5,0.4651,-10.482
1535,-30.2,0.4649,-10.656
1536,-9.8,0.4646,-10.66
1537,-6.8,0.4644,-10.67
1538,-13.6,0.4642,-10.721
1539,3.9,0.4639,-10.525
1540,-8.6,0.4637,-10.556
1541,-40.5,0.4635,-10.736
1542,13.6,0.4632,-10.627
1543,-10.2,0.463,-10.655
1544,-26.6,0.4628,-10.932
1545,2.6,0.4625,-10.948
1546,-3.9,0.4623,-10.921
1547,-19.2,0.4621,-11.075
1548,-5.5,0.4618,-11.166
1549,-23.7,0.4616,-11.433
1550,-70.8,0.4614,-11.922
1551,0.1,0.4612,-11.966
1552,7.4,0.4609,-11.449
1553,-4.0,0.4607,-11.307
1554,-33.7,0.4605,-11.184
1555,-40.6,0.4602,-10.887
1556,-31.4,0.46,-11.241
1557,-1.5,0.4598,-11.043
1558,-6.3,0.4595,-11.011
1559,-9.8,0.4593,-10.92
1560,1.3,0.4591,-10.925
1561,-13.4,0.4589,-11.045
1562,-15.0,0.4586,-11.286
1563,-7.1,0.4584,-11.238
1564,-9.7,0.4582,-11.197
1565,-5.3,0.4579,-11.194
1566,-17.9,0.4577,-11.39
1567,-18.4,0.4575,-11.65
1568,4.7,0.4573,-11.464
1569,4.5,0.457,-11.317
1570,13.4,0.4568,-11.182
1571,-6.7,0.4566,-11.17
1572,-35.5,0.4563,-11.429
1573,-9.8,0.4561,-11.558
1574,1.7,0.4559,-11.496
1575,18.7,0.4557,-11.287
1576,-0.8,0.4554,-11.374
1577,-3.1,0.4552,-11.354
1578,8.9,0.455,-11.296
1579,0.7,0.4547,-11.365
1580,0.0,0.4545,-11.197
1581,-11.7,0.4543,-11.386
1582,-2.9,0.4541,-11.606
1583,-4.9,0.4538,-11.461
1584,-0.7,0.4536,-11.38
1585,-4.3,0.4534,-11.203
1586,2.0,0.4532,-11.14
1587,-0.2,0.4529,-11.136
1588,9.3,0.4527,-11.005
1589,0.1,0.4525,-11.073
1590,-3.8,0.4523,-10.94
1591,-0.5,0.452,-10.52
1592,-17.7,0.4518,-10.809
1593,-12.3,0.4516,-10.781
1594,-36.7,0.4514,-11.09
1595,-2.2,0.4511,-10.935
1596,-3.8,0.4509,-10.942
1597,3.4,0.4507,-10.793
1598,-2.8,0.4505,-10.917
1599,-4.2,0.4502,-10.903
1600,-23.9,0.45,-10.972
1601,-14.1,0.4498,-10.951
1602,-2.8,0.4496,-10.72
1603,4.6,0.4493,-10.44
1604,-9.3,0.4491,-10.614
1605,11.8,0.4489,-10.284
1606,1.6,0.4487,-10.253
1607,7.5,0.4484,-9.983
1608,-15.1,0.4482,-9.85
1609,-28.7,0.448,-9.726
1610,-68.2,0.4478,-10.207
1611,-75.9,0.4475,-10.449
1612,2.7,0.4473,-9.638
1613,0.3,0.4471,-9.463
1614,-3.8,0.4469,-9.483
1615,3.5,0.4466,-9.533
1616,2.5,0.4464,-9.28
1617,-20.8,0.4462,-9.408
1618,-9.6,0.446,-9.522
1619,-88.4,0.4458,-10.08
1620,1.7,0.4455,-10.083
1621,9.3,0.4453,-9.982
1622,-14.7,0.4451,-10.114
1623,-2.5,0.4449,-9.981
1624,7.6,0.4446,-9.782
1625,-16.7,0.4444,-10.002
1626,1.1,0.4442,-9.63
1627,-18.4,0.444,-9.785
1628,-2.7,0.4438,-9.871
1629,4.7,0.4435,-9.552
1630,-28.0,0.4433,-9.679
1631,-10.3,0.4431,-9.581
1632,-3.0,0.4429,-9.559
1633,5.6,0.4427,-9.467
1634,4.2,0.4424,-9.4
1635,-34.6,0.4422,-9.444
1636,9.7,0.442,-9.249
1637,-1.1,0.4418,-9.192
1638,-10.5,0.4415,-9.161
1639,-0.1,0.4413,-9.201
1640,-6.5,0.4411,-9.18
1641,2.6,0.4409,-8.749
1642,-28.8,0.4407,-9.173
1643,-3.3,0.4404,-9.104
1644,-14.7,0.4402,-8.985
1645,5.7,0.44,-8.954
1646,-4.9,0.4398,-8.964
1647,-15.0,0.4396,-8.922
1648,-89.5,0.4393,-9.762
1649,-36.6,0.4391,-9.891
1650,1.4,0.4389,-9.169
1651,-4.3,0.4387,-9.213
1652,-7.7,0.4385,-9.364
1653,-4.4,0.4383,-9.368
1654,-15.5,0.438,-9.186
1655,3.8,0.4378,-8.742
1656,-11.2,0.4376,-8.54
1657,-22.0,0.4374,-8.745
1658,-18.2,0.4372,-8.864
1659,-12.6,0.4369,-8.892
1660,-4.1,0.4367,-8.946
1661,0.0,0.4365,-8.812
1662,-53.1,0.4363,-9.193
1663,-11.9,0.4361,-9.241
1664,1.1,0.4359,-9.133
1665,4.2,0.4356,-9.038
1666,-3.4,0.4354,-8.893
1667,-4.4,0.4352,-8.753
1668,5.3,0.435,-8.747
1669,-34.9,0.4348,-9.141
1670,-0.8,0.4345,-9.283
1671,-26.4,0.4343,-9.48
1672,-16.2,0.4341,-9.287
1673,11.8,0.4339,-9.071
1674,-7.9,0.4337,-9.167
1675,-81.2,0.4335,-10.166
1676,4.3,0.4332,-10.115
1677,-6.0,0.433,-10.144
1678,-0.7,0.4328,-10.24
1679,-8.4,0.4326,-10.331
1680,4.5,0.4324,-10.286
1681,-20.4,0.4322,-10.373
1682,-22.3,0.432,-10.567
1683,-7.4,0.4317,-10.592
1684,-7.2,0.4315,-10.657
1685,5.4,0.4313,-10.56
1686,-8.0,0.4311,-10.66
1687,-6.2,0.4309,-10.72
1688,-6.5,0.4307,-10.878
1689,0.6,0.4304,-10.873
1690,-52.5,0.4302,-11.36
1691,0.7,0.43,-11.348
1692,8.7,0.4298,-11.084
1693,4.4,0.4296,-10.917
1694,-2.1,0.4294,-10.571
1695,11.4,0.4292,-10.435
1696,2.4,0.4289,-10.373
1697,-7.6,0.4287,-10.483
1698,-30.3,0.4285,-10.758
1699,2.1,0.4283,-10.695
1700,7.5,0.4281,-10.381
1701,2.0,0.4279,-10.22
1702,-4.5,0.4277,-10.237
1703,-1.7,0.4274,-10.3
1704,-6.4,0.4272,-10.271
1705,-24.0,0.427,-10.629
1706,-2.6,0.4268,-10.671
1707,3.5,0.4266,-10.711
1708,-29.6,0.4264,-10.856
1709,-12.6,0.4262,-10.695
1710,-10.9,0.426,-10.122
1711,-36.6,0.4257,-9.729
1712,2.6,0.4255,-9.73
1713,8.5,0.4253,-9.648
1714,3.1,0.4251,-9.579
1715,-54.6,0.4249,-10.16
1716,-2.0,0.4247,-10.205
1717,-0.3,0.4245,-10.0
1718,-10.9,0.4243,-10.013
1719,-11.8,0.424,-9.247
1720,5.3,0.4238,-9.211
1721,-27.0,0.4236,-9.574
1722,2.9,0.4234,-9.398
1723,-24.1,0.4232,-9.614
1724,4.6,0.423,-9.644
1725,-6.8,0.4228,-9.545
1726,-7.0,0.4226,-9.626
1727,-10.9,0.4224,-9.551
1728,-3.0,0.4221,-9.554
1729,-7.1,0.4219,-9.672
1730,-4.4,0.4217,-9.436
1731,7.5,0.4215,-9.258
1732,3.4,0.4213,-9.194
1733,-2.2,0.4211,-9.272
1734,-5.5,0.4209,-9.369
1735,-2.4,0.4207,-9.047
1736,-13.7,0.4205,-9.281
1737,-0.2,0.4202,-9.272
1738,-3.7,0.42,-9.204
1739,4.2,0.4198,-9.161
1740,8.3,0.4196,-9.013
1741,-47.5,0.4194,-9.514
1742,-2.3,0.4192,-9.249
1743,3.0,0.419,-9.186
1744,4.1,0.4188,-8.998
1745,-5.7,0.4186,-9.112
1746,-34.9,0.4184,-9.412
1747,-2.5,0.4182,-9.287
1748,1.9,0.4179,-8.373
1749,-12.3,0.4177,-8.13
1750,-41.0,0.4175,-8.554
1751,-5.7,0.4173,-8.568
1752,0.4,0.4171,-8.487
1753,-9.6,0.4169,-8.539
1754,-26.9,0.4167,-8.653
1755,-79.3,0.4165,-9.484
1756,3.5,0.4163,-9.337
1757,3.6,0.4161,-9.081
1758,2.0,0.4159,-8.879
1759,16.6,0.4157,-8.587
1760,5.0,0.4154,-8.496
1761,3.0,0.4152,-8.466
1762,-0.5,0.415,-7.94
1763,-10.0,0.4148,-7.921
1764,-24.7,0.4146,-8.179
1765,6.4,0.4144,-8.157
1766,3.9,0.4142,-8.084
1767,-7.8,0.414,-8.118
1768,3.6,0.4138,-8.135
1769,-52.0,0.4136,-8.306
1770,-0.2,0.4134,-8.3
1771,1.1,0.4132,-8.025
1772,-25.9,0.413,-8.122
1773,0.8,0.4128,-8.232
1774,-35.8,0.4126,-8.511
1775,-1.7,0.4123,-7.716
1776,-38.2,0.4121,-8.141
1777,3.3,0.4119,-8.048
1778,7.2,0.4117,-7.969
1779,-4.1,0.4115,-7.926
1780,-28.0,0.4113,-8.251
1781,-0.9,0.4111,-8.056
1782,-8.6,0.4109,-7.919
1783,-10.5,0.4107,-7.95
1784,-38.7,0.4105,-8.265
1785,13.8,0.4103,-8.181
1786,-2.3,0.4101,-8.124
1787,-2.5,0.4099,-8.087
1788,-21.3,0.4097,-8.235
1789,-13.4,0.4095,-8.375
1790,-6.2,0.4093,-7.912
1791,3.7,0.4091,-7.882
1792,14.8,0.4089,-7.821
1793,-1.1,0.4087,-7.876
1794,-12.0,0.4085,-7.975
1795,12.9,0.4083,-7.96
1796,11.4,0.408,-7.87
1797,1.6,0.4078,-7.778
1798,9.8,0.4076,-7.377
1799,-8.1,0.4074,-7.479
1800,-31.3,0.4072,-7.867
1801,-0.8,0.407,-7.895
1802,-9.0,0.4068,-7.94
1803,7.4,0.4066,-7.849
1804,-58.1,0.4064,-8.366
1805,3.3,0.4062,-8.093
1806,-27.8,0.406,-8.345
1807,-3.7,0.4058,-8.417
1808,-9.1,0.4056,-8.212
1809,-14.4,0.4054,-8.23
1810,4.9,0.4052,-8.072
1811,-1.2,0.405,-7.718
1812,-1.7,0.4048,-7.761
1813,2.8,0.4046,-7.818
1814,-8.0,0.4044,-7.929
1815,0.0,0.4042,-7.383
1816,-18.7,0.404,-7.55
1817,-0.2,0.4038,-7.549
1818,4.1,0.4036,-7.399
1819,-7.6,0.4034,-7.357
1820,-2.2,0.4032,-7.432
1821,-25.3,0.403,-7.415
1822,1.0,0.4028,-7.434
1823,-1.0,0.4026,-7.203
1824,-7.0,0.4024,-7.319
1825,12.2,0.4022,-7.129
1826,-10.5,0.402,-7.164
1827,5.9,0.4018,-6.996
1828,-2.6,0.4016,-6.992
1829,0.4,0.4014,-6.917
1830,-18.3,0.4012,-7.056
1831,3.9,0.401,-7.092
1832,0.7,0.4008,-7.119
1833,-10.9,0.4006,-7.206
1834,-22.4,0.4004,-7.375
1835,10.5,0.4002,-7.246
1836,0.3,0.4,-7.106
1837,5.7,0.3998,-7.047
1838,-8.5,0.3996,-7.095
1839,-22.4,0.3994,-7.361
1840,-4.1,0.3992,-7.485
1841,-12.0,0.399,-7.13
1842,-33.3,0.3988,-7.44
1843,-45.7,0.3986,-7.927
1844,-24.3,0.3984,-8.211
1845,8.2,0.3982,-8.072
1846,-1.3,0.398,-7.736
1847,4.6,0.3978,-7.665
1848,-12.9,0.3976,-7.813
1849,-9.6,0.3974,-7.786
1850,-8.2,0.3972,-7.458
1851,5.5,0.397,-7.346
1852,2.9,0.3968,-7.321
1853,-2.4,0.3966,-7.249
1854,-18.4,0.3964,-7.164
1855,0.0,0.3962,-6.371
1856,8.9,0.396,-6.317
1857,-0.4,0.3958,-6.357
1858,-30.5,0.3956,-6.682
1859,-51.4,0.3954,-7.362
1860,8.9,0.3952,-7.323
1861,-19.7,0.395,-7.55
1862,-2.9,0.3948,-7.574
1863,8.3,0.3946,-7.391
1864,-31.7,0.3944,-7.461
1865,-50.0,0.3942,-8.025
1866,-2.0,0.394,-8.084
1867,-10.6,0.3938,-8.112
1868,-17.4,0.3936,-8.322
1869,12.8,0.3934,-7.674
1870,-6.9,0.3932,-7.741
1871,-12.4,0.393,-7.876
1872,4.2,0.3929,-7.575
1873,15.5,0.3927,-7.428
1874,-1.1,0.3925,-7.081
1875,-7.2,0.3923,-7.136
1876,-103.6,0.3921,-7.79
1877,-0.8,0.3919,-7.831
1878,-10.9,0.3917,-8.012
1879,9.3,0.3915,-7.878
1880,5.4,0.3913,-7.544
1881,-9.7,0.3911,-7.632
1882,-61.6,0.3909,-8.162
1883,-17.4,0.3907,-8.231
1884,9.3,0.3905,-7.751
1885,-2.7,0.3903,-7.916
1886,-12.1,0.3901,-8.014
1887,-13.2,0.3899,-8.121
1888,0.8,0.3897,-7.9
1889,-5.8,0.3895,-7.824
1890,-3.8,0.3893,-7.8
1891,-8.8,0.3891,-7.925
1892,6.1,0.3889,-8.012
1893,5.9,0.3888,-7.942
1894,-10.1,0.3886,-7.923
1895,-6.4,0.3884,-8.116
1896,-85.9,0.3882,-9.089
1897,3.9,0.388,-9.066
1898,5.5,0.3878,-9.109
1899,11.4,0.3876,-8.914
1900,-20.9,0.3874,-8.81
1901,-13.6,0.3872,-8.938
1902,-20.5,0.387,-9.053
1903,-9.8,0.3868,-9.225
1904,-17.0,0.3866,-8.814
1905,-0.0,0.3864,-8.847
1906,-5.1,0.3862,-8.62
1907,1.8,0.386,-8.565
1908,2.6,0.3859,-8.448
1909,3.1,0.3857,-8.273
1910,3.5,0.3855,-8.287
1911,-25.7,0.3853,-8.532
1912,-28.9,0.3851,-8.804
1913,-4.2,0.3849,-8.874
1914,-8.4,0.3847,-8.878
1915,-2.8,0.3845,-8.906
1916,2.1,0.3843,-8.698
1917,6.3,0.3841,-8.633
1918,17.6,0.3839,-8.498
1919,12.9,0.3837,-8.293
1920,-2.5,0.3835,-8.296
1921,-6.7,0.3834,-8.11
1922,8.0,0.3832,-8.04
1923,-0.6,0.383,-8.036
1924,-4.2,0.3828,-8.008
1925,-85.2,0.3826,-8.982
1926,-4.7,0.3824,-8.924
1927,4.4,0.3822,-8.939
1928,-15.1,0.382,-9.064
1929,-10.1,0.3818,-9.169
1930,-1.9,0.3816,-9.005
1931,-8.8,0.3814,-9.132
1932,8.0,0.3813,-9.059
1933,3.6,0.3811,-8.914
1934,0.4,0.3809,-8.686
1935,3.0,0.3807,-8.761
1936,4.4,0.3805,-8.72
1937,-10.6,0.3803,-8.883
1938,-11.3,0.3801,-8.911
1939,-3.6,0.3799,-8.723
1940,-28.7,0.3797,-8.969
1941,-11.1,0.3795,-8.96
1942,-1.0,0.3794,-8.637
1943,1.6,0.3792,-8.164
1944,-3.4,0.379,-7.955
1945,5.0,0.3788,-7.987
1946,-8.0,0.3786,-8.054
1947,-8.9,0.3784,-8.189
1948,-0.9,0.3782,-8.069
1949,7.6,0.378,-7.897
1950,4.1,0.3778,-7.774
1951,3.5,0.3777,-7.794
1952,8.3,0.3775,-7.74
1953,5.8,0.3773,-7.658
1954,-1.8,0.3771,-7.492
1955,-17.1,0.3769,-7.663
1956,0.5,0.3767,-7.747
1957,11.1,0.3765,-7.632
1958,-6.9,0.3763,-7.396
1959,-4.5,0.3761,-6.927
1960,-5.3,0.376,-7.069
1961,-30.6,0.3758,-7.178
1962,-0.1,0.3756,-7.15
1963,3.8,0.3754,-7.195
1964,2.5,0.3752,-6.853
1965,7.8,0.375,-6.275
1966,-2.0,0.3748,-6.275
1967,-2.9,0.3746,-6.198
1968,5.7,0.3745,-5.967
1969,-25.1,0.3743,-6.346
1970,5.8,0.3741,-6.219
1971,5.2,0.3739,-6.043
1972,-3.6,0.3737,-6.121
1973,-1.6,0.3735,-6.292
1974,3.4,0.3733,-6.247
1975,3.8,0.3732,-6.137
1976,4.4,0.373,-5.057
1977,-56.5,0.3728,-5.614
1978,8.0,0.3726,-5.425
1979,-1.7,0.3724,-5.535
1980,-0.6,0.3722,-5.595
1981,-11.3,0.372,-5.611
1982,10.6,0.3719,-4.889
1983,-22.8,0.3717,-4.943
1984,-33.6,0.3715,-5.372
1985,7.6,0.3713,-5.269
1986,-27.1,0.3711,-5.419
1987,-10.2,0.3709,-5.389
1988,-0.3,0.3707,-5.4
1989,9.1,0.3706,-5.251
1990,-5.8,0.3704,-5.271
1991,-15.1,0.3702,-5.334
1992,-7.4,0.37,-5.469
1993,12.3,0.3698,-5.405
1994,-39.5,0.3696,-5.699
1995,5.5,0.3694,-5.58
1996,-4.0,0.3693,-4.761
1997,-2.2,0.3691,-4.822
1998,-13.3,0.3689,-5.01
1999,-4.5,0.3687,-5.169
2000,-35.0,0.3685,-5.31
2001,-1.3,0.3683,-5.187
2002,-5.4,0.3682,-5.036
2003,-4.0,0.368,-4.978
2004,-3.4,0.3678,-4.842
2005,3.1,0.3676,-4.811
2006,-2.0,0.3674,-4.78
2007,3.9,0.3672,-4.759
2008,10.7,0.3671,-4.678
2009,4.5,0.3669,-4.664
2010,-45.2,0.3667,-5.151
2011,-9.9,0.3665,-4.993
2012,-1.4,0.3663,-4.718
2013,-3.9,0.3661,-4.715
2014,-12.5,0.366,-4.756
2015,-2.3,0.3658,-4.751
2016,3.3,0.3656,-4.739
2017,6.3,0.3654,-4.739
2018,11.5,0.3652,-4.8
2019,6.8,0.365,-4.861
2020,-25.5,0.3649,-5.091
2021,-19.1,0.3647,-5.215
2022,13.9,0.3645,-5.156
2023,9.6,0.3643,-5.054
2024,-0.3,0.3641,-5.015
2025,7.6,0.364,-4.087
2026,-13.2,0.3638,-4.172
2027,-1.1,0.3636,-4.227
2028,9.2,0.3634,-3.984
2029,5.5,0.3632,-3.828
2030,9.3,0.363,-3.716
2031,-10.6,0.3629,-3.734
2032,4.0,0.3627,-3.774
2033,-35.8,0.3625,-4.168
2034,6.8,0.3623,-4.104
2035,3.2,0.3621,-4.102
2036,7.1,0.362,-4.075
2037,-25.6,0.3618,-4.225
2038,3.3,0.3616,-4.079
2039,-1.7,0.3614,-4.06
2040,2.2,0.3612,-3.751
2041,-12.8,0.3611,-3.768
2042,-16.4,0.3609,-3.922
2043,-14.4,0.3607,-4.082
2044,6.4,0.3605,-3.984
2045,8.9,0.3603,-3.945
2046,2.8,0.3602,-3.837
2047,3.5,0.36,-3.713
2048,1.2,0.3598,-3.692
2049,1.2,0.3596,-3.756
2050,-8.2,0.3594,-3.879
2051,-10.0,0.3593,-4.014
2052,4.3,0.3591,-4.054
2053,-7.7,0.3589,-4.189
2054,-4.9,0.3587,-4.22
2055,-45.8,0.3585,-4.507
2056,0.7,0.3584,-4.505
2057,7.6,0.3582,-4.54
2058,5.9,0.358,-4.412
2059,0.5,0.3578,-4.362
2060,-7.5,0.3576,-4.384
2061,-8.7,0.3575,-4.165
2062,-0.2,0.3573,-4.166
2063,20.0,0.3571,-4.004
2064,-11.1,0.3569,-4.14
2065,-5.7,0.3568,-4.275
2066,3.1,0.3566,-4.224
2067,5.0,0.3564,-4.145
2068,12.0,0.3562,-4.082
2069,-8.3,0.356,-3.914
2070,-8.8,0.3559,-4.06
2071,-4.4,0.3557,-4.156
2072,12.3,0.3555,-3.997
2073,6.9,0.3553,-3.912
2074,-14.6,0.3552,-4.092
2075,-4.4,0.355,-4.174
2076,3.1,0.3548,-4.187
2077,11.2,0.3546,-3.51
2078,12.3,0.3544,-3.467
2079,1.4,0.3543,-3.436
2080,8.3,0.3541,-3.347
2081,17.9,0.3539,-3.055
2082,-4.5,0.3537,-3.206
2083,-9.0,0.3536,-3.068
2084,13.2,0.3534,-2.6
2085,1.2,0.3532,-2.664
2086,5.5,0.353,-2.338
2087,-2.5,0.3529,-2.261
2088,-12.9,0.3527,-2.387
2089,1.3,0.3525,-2.465
2090,7.0,0.3523,-2.337
2091,6.9,0.3522,-2.117
2092,-17.2,0.352,-2.215
2093,1.8,0.3518,-2.32
2094,-3.9,0.3516,-1.964
2095,-12.3,0.3515,-2.142
2096,-21.9,0.3513,-2.321
2097,4.0,0.3511,-2.259
2098,5.9,0.3509,-2.067
2099,-5.8,0.3507,-2.08
2100,11.9,0.3506,-1.611
2101,-17.6,0.3504,-1.774
2102,-13.5,0.3502,-1.855
2103,6.3,0.35,-1.752
2104,2.1,0.3499,-1.697
2105,-30.4,0.3497,-2.032
2106,10.2,0.3495,-1.91
2107,-16.5,0.3494,-2.114
2108,-66.8,0.3492,-2.889
2109,3.3,0.349,-2.901
2110,-30.4,0.3488,-2.753
2111,-1.0,0.3487,-2.664
2112,-14.8,0.3485,-2.798
2113,-3.6,0.3483,-2.795
2114,5.7,0.3481,-2.613
2115,-18.7,0.348,-2.777
2116,1.3,0.3478,-2.797
2117,-0.4,0.3476,-2.864
2118,10.5,0.3474,-2.874
2119,-8.8,0.3473,-3.03
2120,-12.0,0.3471,-2.895
2121,-4.5,0.3469,-2.749
2122,2.4,0.3467,-2.864
2123,-1.1,0.3466,-2.971
2124,5.3,0.3464,-2.915
2125,-16.0,0.3462,-3.151
2126,-23.3,0.3461,-3.252
2127,1.8,0.3459,-3.223
2128,8.2,0.3457,-3.233
2129,-7.5,0.3455,-3.363
2130,10.4,0.3454,-3.352
2131,-14.5,0.3452,-3.391
2132,-18.0,0.345,-3.611
2133,-2.3,0.3448,-3.276
2134,-3.5,0.3447,-3.379
2135,-25.8,0.3445,-3.669
2136,-5.5,0.3443,-3.795
2137,-9.1,0.3442,-3.63
2138,-6.6,0.344,-3.729
2139,11.1,0.3438,-3.601
2140,-2.8,0.3436,-3.651
2141,0.0,0.3435,-3.523
2142,1.5,0.3433,-3.344
2143,9.0,0.3431,-3.11
2144,-15.7,0.343,-3.331
2145,0.5,0.3428,-3.415
2146,-3.4,0.3426,-3.477
2147,-2.6,0.3424,-3.538
2148,5.3,0.3423,-3.497
2149,10.6,0.3421,-3.403
2150,7.9,0.3419,-3.242
2151,3.0,0.3418,-3.112
2152,5.6,0.3416,-3.099
2153,11.5,0.3414,-2.907
2154,-35.9,0.3412,-3.217
2155,-15.4,0.3411,-2.913
2156,9.0,0.3409,-2.83
2157,-10.4,0.3407,-3.01
2158,-5.2,0.3406,-3.121
2159,6.4,0.3404,-3.062
2160,4.9,0.3402,-2.938
2161,8.4,0.3401,-2.767
2162,15.8,0.3399,-2.607
2163,0.4,0.3397,-2.803
2164,0.2,0.3395,-2.69
2165,8.0,0.3394,-2.553
2166,-7.5,0.3392,-2.659
2167,11.1,0.339,-2.598
2168,-2.7,0.3389,-2.745
2169,5.8,0.3387,-2.604
2170,-26.8,0.3385,-2.784
2171,1.6,0.3384,-2.724
2172,2.3,0.3382,-2.824
2173,6.5,0.338,-2.828
2174,-2.3,0.3379,-2.705
2175,3.7,0.3377,-2.624
2176,-9.5,0.3375,-2.75
2177,5.0,0.3374,-2.812
2178,-4.6,0.3372,-2.981
2179,-47.0,0.337,-3.465
2180,-4.3,0.3368,-3.591
2181,2.3,0.3367,-3.747
2182,-63.7,0.3365,-4.339
2183,-9.8,0.3363,-4.347
2184,-4.5,0.3362,-4.524
2185,-2.1,0.336,-4.557
2186,3.1,0.3358,-4.581
2187,12.1,0.3357,-4.435
2188,6.3,0.3355,-4.243
2189,-3.5,0.3353,-4.291
2190,-14.7,0.3352,-4.508
2191,-4.7,0.335,-4.624
2192,3.4,0.3348,-4.418
2193,7.6,0.3347,-4.36
2194,0.1,0.3345,-4.32
2195,-1.3,0.3343,-4.21
2196,6.9,0.3342,-3.922
2197,-32.7,0.334,-4.289
2198,10.0,0.3338,-4.248
2199,-9.5,0.3337,-4.285
2200,-12.7,0.3335,-4.531
2201,-18.2,0.3333,-4.537
2202,-1.6,0.3332,-4.418
2203,-34.6,0.333,-4.827
2204,0.0,0.3328,-4.848
2205,-12.7,0.3327,-4.671
2206,-2.4,0.3325,-4.797
2207,-11.9,0.3323,-4.751
2208,2.2,0.3322,-4.061
2209,-4.6,0.332,-4.14
2210,8.4,0.3318,-3.752
2211,6.6,0.3317,-3.676
2212,-0.6,0.3315,-3.534
2213,-21.1,0.3313,-3.709
2214,-30.9,0.3312,-4.075
2215,1.5,0.331,-3.873
2216,13.4,0.3308,-3.752
2217,-5.3,0.3307,-3.801
2218,3.3,0.3305,-3.873
2219,-15.9,0.3303,-3.944
2220,11.2,0.3302,-3.712
2221,9.4,0.33,-3.573
2222,-38.9,0.3299,-3.986
2223,-8.9,0.3297,-4.064
2224,-35.4,0.3295,-4.471
2225,-20.0,0.3294,-4.511
2226,8.3,0.3292,-4.195
2227,-10.0,0.329,-4.313
2228,-1.1,0.3289,-4.406
2229,1.5,0.3287,-4.316
2230,11.7,0.3285,-4.303
2231,7.0,0.3284,-4.088
2232,0.2,0.3282,-3.906
2233,5.4,0.328,-3.829
2234,4.0,0.3279,-3.754
2235,6.8,0.3277,-3.428
2236,2.5,0.3276,-3.348
2237,-0.2,0.3274,-3.259
2238,-33.4,0.3272,-3.527
2239,-30.3,0.3271,-3.941
2240,-23.4,0.3269,-4.147
2241,11.0,0.3267,-4.037
2242,2.6,0.3266,-4.026
2243,5.6,0.3264,-4.06
2244,2.4,0.3263,-3.879
2245,-22.2,0.3261,-4.106
2246,-9.5,0.3259,-4.167
2247,-29.3,0.3258,-4.434
2248,-8.5,0.3256,-4.572
2249,11.5,0.3254,-4.563
2250,-3.8,0.3253,-4.68
2251,-22.5,0.3251,-4.935
2252,2.4,0.3249,-4.967
2253,0.1,0.3248,-5.081
2254,-37.5,0.3246,-5.097
2255,-32.3,0.3245,-5.266
2256,-11.8,0.3243,-5.474
2257,1.5,0.3241,-5.355
2258,11.2,0.324,-5.191
2259,3.2,0.3238,-5.223
2260,-0.8,0.3237,-5.28
2261,5.9,0.3235,-5.305
2262,-6.8,0.3233,-5.531
2263,4.8,0.3232,-5.487
2264,5.6,0.323,-5.433
2265,-3.3,0.3228,-5.546
2266,9.9,0.3227,-5.372
2267,10.5,0.3225,-5.378
2268,1.9,0.3224,-5.332
2269,-16.6,0.3222,-5.556
2270,-5.3,0.322,-5.341
2271,-1.7,0.3219,-5.374
2272,-13.0,0.3217,-5.527
2273,-7.6,0.3216,-5.668
2274,-30.7,0.3214,-5.952
2275,10.6,0.3212,-5.883
2276,8.6,0.3211,-5.702
2277,15.8,0.3209,-5.594
2278,-10.7,0.3208,-5.655
2279,8.0,0.3206,-5.105
2280,7.7,0.3204,-4.985
2281,3.9,0.3203,-4.969
2282,-1.3,0.3201,-4.345
2283,-11.1,0.32,-4.358
2284,-29.7,0.3198,-4.61
2285,-2.9,0.3196,-4.618
2286,4.6,0.3195,-4.603
2287,-2.8,0.3193,-4.752
2288,-1.7,0.3192,-4.832
2289,14.4,0.319,-4.653
2290,-9.5,0.3188,-4.601
2291,1.9,0.3187,-4.535
2292,3.7,0.3185,-4.532
2293,-45.5,0.3184,-5.063
2294,-24.5,0.3182,-5.309
2295,12.7,0.318,-5.169
2296,23.0,0.3179,-5.008
2297,12.0,0.3177,-4.561
2298,1.7,0.3176,-4.644
2299,-15.5,0.3174,-4.704
2300,5.5,0.3173,-4.522
2301,5.9,0.3171,-4.281
2302,-8.6,0.3169,-4.351
2303,7.2,0.3168,-3.933
2304,-65.3,0.3166,-4.586
2305,-1.6,0.3165,-4.475
2306,-3.8,0.3163,-4.489
2307,10.1,0.3161,-4.269
2308,3.7,0.316,-4.254
2309,-8.0,0.3158,-4.288
2310,11.3,0.3157,-4.259
2311,-27.3,0.3155,-4.598
2312,6.0,0.3154,-4.532
2313,12.1,0.3152,-4.2
2314,4.2,0.315,-3.849
2315,1.7,0.3149,-3.847
2316,-8.7,0.3147,-4.068
2317,0.6,0.3146,-4.009
2318,5.4,0.3144,-3.988
2319,-9.8,0.3143,-3.927
2320,-1.8,0.3141,-4.057
2321,6.4,0.3139,-4.087
2322,-31.1,0.3138,-4.009
2323,-31.1,0.3136,-4.231
2324,4.8,0.3135,-3.829
2325,-4.5,0.3133,-3.674
2326,10.4,0.3132,-3.653
2327,-3.5,0.313,-3.588
2328,0.8,0.3128,-3.569
2329,12.2,0.3127,-3.462
2330,3.7,0.3125,-3.542
2331,-11.8,0.3124,-3.73
2332,1.4,0.3122,-3.718
2333,4.2,0.3121,-3.73
2334,12.8,0.3119,-3.642
2335,11.3,0.3118,-3.597
2336,8.5,0.3116,-3.537
2337,6.1,0.3114,-3.474
2338,3.3,0.3113,-3.107
2339,10.0,0.3111,-2.704
2340,12.8,0.311,-2.342
2341,11.2,0.3108,-2.34
2342,11.4,0.3107,-2.252
2343,-9.6,0.3105,-2.404
2344,7.9,0.3104,-2.349
2345,-25.0,0.3102,-2.377
2346,10.1,0.31,-2.181
2347,-1.4,0.3099,-1.902
2348,-13.1,0.3097,-1.948
2349,4.8,0.3096,-2.015
2350,2.7,0.3094,-1.95
2351,18.6,0.3093,-1.539
2352,6.2,0.3091,-1.501
2353,3.7,0.309,-1.465
2354,8.9,0.3088,-1.001
2355,6.7,0.3087,-0.611
2356,7.0,0.3085,-0.423
2357,-0.5,0.3083,-0.443
2358,1.5,0.3082,-0.54
2359,-4.5,0.308,-0.617
2360,-26.9,0.3079,-0.878
2361,0.0,0.3077,-0.937
2362,0.6,0.3076,-0.863
2363,-6.6,0.3074,-0.977
2364,5.1,0.3073,-0.982
2365,6.1,0.3071,-0.888
2366,8.9,0.307,-0.898
2367,-7.2,0.3068,-1.075
2368,3.9,0.3067,-1.055
2369,2.7,0.3065,-0.862
2370,-1.3,0.3064,-0.822
2371,8.8,0.3062,-0.717
2372,-2.1,0.306,-0.608
2373,-6.3,0.3059,-0.595
2374,-1.6,0.3057,-0.304
2375,-8.8,0.3056,-0.498
2376,-26.8,0.3054,-0.852
2377,-25.3,0.3053,-1.263
2378,3.9,0.3051,-1.117
2379,-9.0,0.305,-1.287
2380,8.6,0.3048,-1.278
2381,14.6,0.3047,-1.171
2382,-4.0,0.3045,-1.198
2383,2.0,0.3044,-1.067
2384,-5.9,0.3042,-0.829
2385,4.2,0.3041,-0.758
2386,1.3,0.3039,-0.791
2387,-1.8,0.3038,-0.781
2388,-1.2,0.3036,-0.776
2389,2.1,0.3035,-0.899
2390,16.3,0.3033,-0.641
2391,-11.6,0.3032,-0.776
2392,-5.5,0.303,-0.868
2393,-2.4,0.3029,-0.437
2394,-2.1,0.3027,-0.213
2395,-0.8,0.3026,-0.348
2396,-21.8,0.3024,-0.796
2397,6.1,0.3023,-0.855
2398,10.1,0.3021,-0.771
2399,-1.8,0.3019,-0.634
2400,5.1,0.3018,-0.638
2401,3.2,0.3016,-0.665
2402,-29.5,0.3015,-0.874
2403,2.0,0.3013,-0.926
2404,-3.6,0.3012,-0.309
2405,-23.2,0.301,-0.525
2406,-2.6,0.3009,-0.513
2407,3.3,0.3007,-0.581
2408,-8.2,0.3006,-0.7
2409,-18.5,0.3004,-0.805
2410,3.0,0.3003,-0.888
2411,-4.8,0.3001,-0.663
2412,-0.9,0.3,-0.732
2413,-8.4,0.2998,-0.937
2414,-3.7,0.2997,-1.016
2415,11.1,0.2995,-0.922
2416,1.4,0.2994,-0.821
2417,-8.5,0.2992,-0.912
2418,-0.5,0.2991,-0.971
2419,10.9,0.2989,-0.764
2420,-24.6,0.2988,-0.992
2421,16.6,0.2987,-0.89
2422,-8.7,0.2985,-0.666
2423,0.9,0.2984,-0.346
2424,-3.8,0.2982,-0.432
2425,13.6,0.2981,-0.251
2426,-10.9,0.2979,-0.464
2427,8.8,0.2978,-0.341
2428,-4.3,0.2976,-0.392
2429,-3.0,0.2975,-0.544
2430,16.0,0.2973,-0.421
2431,3.1,0.2972,-0.272
2432,5.3,0.297,-0.233
2433,-49.8,0.2969,-0.773
2434,-3.9,0.2967,-0.94
2435,2.9,0.2966,-1.024
2436,8.9,0.2964,-1.02
2437,15.8,0.2963,-0.923
2438,2.5,0.2961,-0.931
2439,-0.4,0.296,-1.035
2440,-13.4,0.2958,-1.297
2441,0.5,0.2957,-1.404
2442,-13.5,0.2955,-1.653
2443,14.4,0.2954,-1.413
2444,-4.2,0.2952,-1.534
2445,4.7,0.2951,-1.237
2446,13.1,0.2949,-1.207
2447,-13.8,0.2948,-1.331
2448,8.1,0.2947,-1.119
2449,0.4,0.2945,-1.163
2450,16.8,0.2944,-1.022
2451,-0.3,0.2942,-1.211
2452,16.1,0.2941,-1.112
2453,3.2,0.2939,-1.117
2454,-2.3,0.2938,-1.229
2455,-13.6,0.2936,-1.432
2456,-7.8,0.2935,-1.58
2457,15.3,0.2933,-1.422
2458,8.5,0.2932,-1.352
2459,16.6,0.293,-1.141
2460,-11.8,0.2929,-0.99
2461,8.2,0.2927,-0.908
2462,0.3,0.2926,-0.911
2463,1.2,0.2925,-0.833
2464,-1.4,0.2923,-0.898
2465,-2.6,0.2922,-0.985
2466,-7.7,0.292,-1.151
2467,1.6,0.2919,-1.063
2468,0.8,0.2917,-1.094
2469,1.6,0.2916,-1.105
2470,-12.4,0.2914,-1.216
2471,-9.5,0.2913,-1.399
2472,3.4,0.2911,-1.344
2473,0.4,0.291,-1.277
2474,7.1,0.2909,-1.19
2475,6.2,0.2907,-1.04
2476,-1.8,0.2906,-0.79
2477,-0.1,0.2904,-0.538
2478,-0.7,0.2903,-0.584
2479,7.8,0.2901,-0.416
2480,-9.0,0.29,-0.592
2481,3.8,0.2898,-0.7
2482,4.2,0.2897,-0.618
2483,-17.3,0.2895,-0.811
2484,-4.2,0.2894,-0.794
2485,6.4,0.2893,-0.772
2486,8.9,0.2891,-0.696
2487,-32.0,0.289,-0.998
2488,-2.1,0.2888,-1.007
2489,-4.3,0.2887,-1.071
2490,16.7,0.2885,-1.067
2491,8.3,0.2884,-0.868
2492,-2.5,0.2882,-0.838
2493,8.4,0.2881,-0.73
2494,11.8,0.288,-0.591
2495,-5.5,0.2878,-0.638
2496,7.5,0.2877,-0.345
2497,0.6,0.2875,-0.4
2498,3.7,0.2874,-0.464
2499,14.9,0.2872,-0.297
2500,16.6,0.2871,-0.182
2501,3.7,0.287,-0.177
2502,0.7,0.2868,0.125
2503,0.8,0.2867,0.113
2504,-2.8,0.2865,0.121
2505,15.9,0.2864,0.512
2506,-23.2,0.2862,0.306
2507,-3.6,0.2861,0.237
2508,-7.5,0.286,0.244
2509,1.1,0.2858,0.44
2510,-13.5,0.2857,0.275
2511,-5.7,0.2855,0.266
2512,-8.9,0.2854,0.186
2513,7.9,0.2852,0.349
2514,3.8,0.2851,0.424
2515,5.4,0.285,0.367
2516,-1.5,0.2848,0.338
2517,7.4,0.2847,0.497
2518,-12.6,0.2845,0.376
2519,-29.6,0.2844,-0.029
2520,-7.9,0.2842,0.138
2521,-28.2,0.2841,-0.31
2522,5.6,0.284,-0.167
2523,7.9,0.2838,-0.097
2524,-7.1,0.2837,-0.13
2525,9.9,0.2835,-0.167
2526,-2.9,0.2834,-0.087
2527,-0.5,0.2833,-0.18
2528,-11.6,0.2831,-0.253
2529,7.7,0.283,-0.146
2530,-18.8,0.2828,-0.494
2531,2.6,0.2827,-0.499
2532,-2.0,0.2825,-0.572
2533,8.5,0.2824,0.011
2534,-15.9,0.2823,-0.109
2535,6.9,0.2821,-0.069
2536,-8.3,0.282,-0.241
2537,1.3,0.2818,-0.386
2538,3.1,0.2817,-0.38
2539,5.5,0.2816,-0.321
2540,-45.0,0.2814,-0.637
2541,14.9,0.2813,-0.493
2542,-25.9,0.2811,-0.617
2543,1.4,0.281,-0.747
2544,-6.4,0.2809,-0.769
2545,-0.7,0.2807,-0.823
2546,-2.9,0.2806,-0.983
2547,-6.2,0.2804,-0.907
2548,17.7,0.2803,-0.811
2549,6.6,0.2802,-0.749
2550,8.1,0.28,-0.836
2551,2.7,0.2799,-0.806
2552,-4.0,0.2797,-1.007
2553,8.5,0.2796,-0.954
2554,-62.0,0.2795,-1.551
2555,7.7,0.2793,-1.338
2556,6.3,0.2792,-1.197
2557,3.0,0.279,-1.32
2558,-10.0,0.2789,-1.505
2559,1.7,0.2788,-1.654
2560,-13.5,0.2786,-1.671
2561,19.0,0.2785,-1.563
2562,15.9,0.2783,-1.407
2563,-13.6,0.2782,-1.555
2564,-3.3,0.2781,-1.574
2565,6.3,0.2779,-1.485
2566,3.1,0.2778,-1.377
2567,12.2,0.2777,-1.271
2568,-12.2,0.2775,-1.401
2569,-4.8,0.2774,-1.465
2570,2.1,0.2772,-1.32
2571,-18.7,0.2771,-1.412
2572,10.6,0.277,-1.34
2573,5.6,0.2768,-1.288
2574,3.1,0.2767,-1.328
2575,6.2,0.2765,-1.328
2576,0.9,0.2764,-1.301
2577,-1.8,0.2763,-1.318
2578,-12.6,0.2761,-1.437
2579,-12.3,0.276,-1.638
2580,1.1,0.2759,-1.537
2581,0.3,0.2757,-1.572
2582,14.6,0.2756,-1.468
2583,6.0,0.2754,-1.235
2584,-13.2,0.2753,-1.325
2585,12.6,0.2752,-1.263
2586,-4.0,0.275,-1.392
2587,16.2,0.2749,-0.91
2588,4.9,0.2748,-0.84
2589,-24.2,0.2746,-1.039
2590,2.3,0.2745,-1.183
2591,4.0,0.2743,-1.226
2592,-7.8,0.2742,-1.279
2593,-4.5,0.2741,-1.408
2594,-1.6,0.2739,-1.542
2595,18.9,0.2738,-1.298
2596,-5.7,0.2737,-1.43
2597,11.9,0.2735,-1.317
2598,-0.9,0.2734,-1.363
2599,1.4,0.2732,-1.498
2600,1.8,0.2731,-1.646
2601,3.5,0.273,-1.648
2602,-4.0,0.2728,-1.695
2603,15.8,0.2727,-1.545
2604,-5.4,0.2726,-1.571
2605,4.9,0.2724,-1.681
2606,-0.7,0.2723,-1.456
2607,11.7,0.2722,-1.303
2608,-15.4,0.272,-1.382
2609,0.4,0.2719,-1.389
2610,9.1,0.2718,-1.163
2611,0.4,0.2716,-1.102
2612,6.0,0.2715,-0.953
2613,2.7,0.2713,-1.005
2614,-0.6,0.2712,-1.049
2615,-8.6,0.2711,-1.189
2616,5.9,0.2709,-1.115
2617,0.6,0.2708,-1.183
2618,-21.4,0.2707,-1.271
2619,-5.2,0.2705,-1.027
2620,-5.6,0.2704,-1.004
2621,7.5,0.2703,-0.647
2622,11.5,0.2701,-0.588
2623,19.6,0.27,-0.471
2624,-8.4,0.2699,-0.484
2625,2.9,0.2697,-0.554
2626,-19.4,0.2696,-0.719
2627,8.4,0.2695,-0.63
2628,-17.7,0.2693,-0.691
2629,2.2,0.2692,-0.746
2630,19.5,0.2691,-0.363
2631,-7.8,0.2689,-0.467
2632,12.2,0.2688,-0.325
2633,0.3,0.2686,-0.407
2634,-7.7,0.2685,-0.325
2635,-1.6,0.2684,-0.41
2636,15.0,0.2682,-0.177
2637,21.5,0.2681,0.025
2638,11.7,0.268,0.111
2639,-40.9,0.2678,-0.353
2640,1.1,0.2677,0.108
2641,-5.5,0.2676,-0.096
2642,6.5,0.2674,0.228
2643,1.7,0.2673,0.231
2644,-11.7,0.2672,0.178
2645,13.0,0.267,0.315
2646,-0.4,0.2669,0.34
2647,-17.9,0.2668,0.223
2648,-2.8,0.2666,0.018
2649,5.9,0.2665,0.011
2650,-2.5,0.2664,-0.095
2651,13.8,0.2662,0.016
2652,-38.8,0.2661,-0.332
2653,16.2,0.266,-0.255
2654,-14.4,0.2658,0.221
2655,6.8,0.2657,0.212
2656,1.5,0.2656,0.164
2657,10.6,0.2654,0.24
2658,1.0,0.2653,0.35
2659,9.3,0.2652,0.426
2660,2.6,0.2651,0.587
2661,4.3,0.2649,0.44
2662,2.3,0.2648,0.304
2663,8.9,0.2647,0.529
2664,2.9,0.2645,0.591
2665,-0.3,0.2644,0.525
2666,3.7,0.2643,0.531
2667,10.4,0.2641,0.513
2668,9.2,0.264,0.727
2669,8.2,0.2639,0.857
2670,2.6,0.2637,0.862
2671,5.1,0.2636,1.1
2672,2.3,0.2635,1.017
2673,2.7,0.2633,0.988
2674,-0.7,0.2632,0.95
2675,-6.6,0.2631,0.822
2676,-5.2,0.2629,0.761
2677,3.7,0.2628,0.816
2678,12.7,0.2627,1.069
2679,8.0,0.2625,1.272
2680,-30.7,0.2624,0.954
2681,14.3,0.2623,1.094
2682,16.1,0.2622,1.109
2683,8.9,0.262,1.138
2684,-14.8,0.2619,1.122
2685,0.3,0.2618,0.999
2686,-2.2,0.2616,1.017
2687,5.1,0.2615,0.906
2688,-23.1,0.2614,0.626
2689,5.1,0.2612,0.919
2690,4.2,0.2611,0.938
2691,2.8,0.261,0.926
2692,9.8,0.2608,1.102
2693,1.3,0.2607,1.16
2694,7.3,0.2606,1.249
2695,-0.8,0.2605,1.052
2696,-8.5,0.2603,1.024
2697,9.3,0.2602,0.998
2698,-1.4,0.2601,0.993
2699,11.4,0.2599,1.093
2700,6.3,0.2598,1.138
2701,8.2,0.2597,1.185
2702,8.4,0.2596,1.309
2703,9.5,0.2594,1.246
2704,-0.5,0.2593,1.295
2705,6.8,0.2592,1.314
2706,-3.7,0.259,1.284
2707,-17.2,0.2589,0.995
2708,3.2,0.2588,1.181
2709,-5.6,0.2586,1.121
2710,-14.8,0.2585,0.882
2711,4.1,0.2584,0.919
2712,-11.4,0.2583,0.745
2713,-4.6,0.2581,0.672
2714,10.4,0.258,0.782
2715,-4.3,0.2579,0.825
2716,18.1,0.2577,0.947
2717,-19.6,0.2576,0.745
2718,-3.4,0.2575,0.925
2719,1.2,0.2574,0.989
2720,-34.4,0.2572,0.701
2721,7.6,0.2571,0.702
2722,-1.1,0.257,0.576
2723,5.9,0.2568,0.439
2724,6.6,0.2567,0.589
2725,10.7,0.2566,0.667
2726,12.0,0.2565,0.981
2727,5.2,0.2563,0.949
2728,5.3,0.2562,1.179
2729,-10.1,0.2561,1.056
2730,-11.1,0.2559,0.75
2731,13.6,0.2558,0.964
2732,-24.2,0.2557,0.6
2733,7.9,0.2556,0.676
2734,-9.6,0.2554,0.657
2735,2.2,0.2553,0.695
2736,0.7,0.2552,0.552
2737,-4.4,0.2551,0.293
2738,-5.5,0.2549,0.121
2739,16.4,0.2548,0.694
2740,0.3,0.2547,0.686
2741,-9.3,0.2545,0.648
2742,-3.1,0.2544,0.552
2743,-18.6,0.2543,0.349
2744,2.3,0.2542,0.489
2745,-1.7,0.254,0.342
2746,18.2,0.2539,0.528
2747,9.0,0.2538,0.797
2748,-13.1,0.2537,0.694
2749,1.2,0.2535,0.647
2750,1.5,0.2534,0.687
2751,7.2,0.2533,0.621
2752,6.7,0.2532,1.076
2753,-9.9,0.253,0.815
2754,6.3,0.2529,1.022
2755,-1.2,0.2528,0.942
2756,4.2,0.2526,0.969
2757,12.4,0.2525,0.987
2758,-7.4,0.2524,0.903
2759,4.7,0.2523,0.857
2760,-2.4,0.2521,0.807
2761,5.2,0.252,0.816
2762,-4.6,0.2519,0.747
2763,1.8,0.2518,0.676
2764,10.5,0.2516,0.752
2765,0.5,0.2515,0.76
2766,-1.9,0.2514,0.704
2767,-2.8,0.2513,0.572
2768,-8.9,0.2511,0.391
2769,1.9,0.251,0.328
2770,10.7,0.2509,0.409
2771,-1.2,0.2508,0.346
2772,-4.9,0.2506,0.274
2773,0.5,0.2505,0.252
2774,-15.2,0.2504,0.107
2775,-0.4,0.2503,0.169
2776,14.1,0.2501,0.362
2777,-10.5,0.25,0.22
2778,-9.9,0.2499,-0.006
2779,12.6,0.2498,0.04
2780,-2.2,0.2496,0.325
2781,-0.4,0.2495,0.178
2782,10.9,0.2494,0.126
2783,6.0,0.2493,0.097
2784,8.6,0.2491,0.331
2785,-0.6,0.249,0.322
2786,6.4,0.2489,0.408
2787,-9.8,0.2488,0.259
2788,3.3,0.2486,0.523
2789,11.4,0.2485,0.586
2790,-19.7,0.2484,0.347
2791,-4.2,0.2483,0.277
2792,0.1,0.2481,0.18
2793,-12.6,0.248,0.041
2794,-5.4,0.2479,-0.086
2795,-35.4,0.2478,-0.432
2796,-3.8,0.2476,-0.385
2797,2.8,0.2475,-0.45
2798,19.8,0.2474,-0.238
2799,-18.9,0.2473,-0.541
2800,2.3,0.2472,-0.581
2801,0.1,0.247,-0.662
2802,1.5,0.2469,-0.731
2803,9.7,0.2468,-0.729
2804,-3.8,0.2467,-0.762
2805,-9.1,0.2465,-0.921
2806,7.0,0.2464,-0.814
2807,-7.1,0.2463,-0.713
2808,0.5,0.2462,-0.74
2809,2.6,0.246,-0.658
2810,6.5,0.2459,-0.445
2811,2.4,0.2458,-0.462
2812,-2.7,0.2457,-0.375
2813,10.0,0.2456,-0.229
2814,4.7,0.2454,-0.286
2815,-3.4,0.2453,-0.277
2816,2.3,0.2452,-0.435
2817,4.0,0.2451,-0.199
2818,0.1,0.2449,-0.164
2819,4.5,0.2448,-0.131
2820,1.3,0.2447,0.226
2821,6.1,0.2446,0.211
2822,2.4,0.2445,0.246
2823,3.6,0.2443,0.223
2824,-2.1,0.2442,0.136
2825,0.0,0.2441,0.029
2826,8.8,0.244,-0.003
2827,2.5,0.2438,-0.03
2828,-1.2,0.2437,-0.095
2829,-1.4,0.2436,-0.008
2830,3.0,0.2435,0.133
2831,15.1,0.2434,0.148
2832,15.4,0.2432,0.544
2833,13.5,0.2431,0.6
2834,-9.5,0.243,0.601
2835,-5.0,0.2429,0.529
2836,-4.5,0.2428,0.477
2837,4.4,0.2426,0.565
2838,-9.8,0.2425,0.522
2839,-11.3,0.2424,0.245
2840,2.8,0.2423,0.27
2841,-4.0,0.2421,0.323
2842,4.7,0.242,0.401
2843,-4.6,0.2419,0.541
2844,9.6,0.2418,0.614
2845,-2.0,0.2417,0.611
2846,4.6,0.2415,0.475
2847,-1.3,0.2414,0.372
2848,12.3,0.2413,0.626
2849,-4.4,0.2412,0.57
2850,8.0,0.2411,0.635
2851,11.0,0.2409,0.673
2852,13.0,0.2408,0.736
2853,-16.9,0.2407,0.666
2854,8.7,0.2406,0.69
2855,9.4,0.2405,0.796
2856,-7.0,0.2403,0.684
2857,1.2,0.2402,0.572
2858,9.9,0.2401,0.745
2859,3.2,0.24,0.73
2860,18.8,0.2399,0.942
2861,-5.1,0.2397,0.839
2862,1.2,0.2396,0.897
2863,4.5,0.2395,0.924
2864,2.9,0.2394,0.848
2865,-3.8,0.2393,0.805
2866,-10.8,0.2391,0.716
2867,11.9,0.239,0.863
2868,-0.4,0.2389,0.948
2869,-6.1,0.2388,0.868
2870,-8.2,0.2387,0.679
2871,15.0,0.2385,0.841
2872,11.5,0.2384,1.005
2873,5.8,0.2383,1.058
2874,-6.6,0.2382,1.144
2875,4.2,0.2381,1.19
2876,1.7,0.238,1.066
2877,-9.9,0.2378,1.072
2878,-5.8,0.2377,1.113
2879,-16.6,0.2376,0.821
2880,-0.2,0.2375,0.841
2881,-11.5,0.2374,0.73
2882,11.8,0.2372,0.739
2883,-9.3,0.2371,0.586
2884,1.3,0.237,0.513
2885,-14.9,0.2369,0.37
2886,9.2,0.2368,0.398
2887,1.2,0.2366,0.508
2888,6.0,0.2365,0.535
2889,-12.5,0.2364,0.296
2890,-7.0,0.2363,0.423
2891,-4.5,0.2362,0.42
2892,-7.1,0.2361,0.348
2893,-9.1,0.2359,0.383
2894,12.5,0.2358,0.562
2895,-17.6,0.2357,0.74
2896,9.0,0.2356,0.868
2897,-0.7,0.2355,0.833
2898,-14.6,0.2354,0.489
2899,-0.5,0.2352,0.673
2900,18.8,0.2351,0.838
2901,2.6,0.235,0.863
2902,8.5,0.2349,0.933
2903,-19.0,0.2348,0.646
2904,9.1,0.2346,0.775
2905,2.3,0.2345,0.889
2906,0.8,0.2344,0.827
2907,2.7,0.2343,0.925
2908,7.2,0.2342,0.992
2909,-1.7,0.2341,0.949
2910,5.8,0.2339,0.942
2911,5.1,0.2338,0.969
2912,5.5,0.2337,1.051
2913,-5.9,0.2336,0.892
2914,9.2,0.2335,0.937
2915,11.8,0.2334,1.089
2916,-53.8,0.2332,0.528
2917,4.7,0.2331,0.535
2918,9.0,0.233,0.624
2919,1.8,0.2329,0.597
2920,19.2,0.2328,0.776
2921,-1.3,0.2327,0.702
2922,12.5,0.2325,0.803
2923,6.1,0.2324,0.828
2924,6.5,0.2323,0.914
2925,-2.4,0.2322,0.89
2926,0.3,0.2321,0.805
2927,6.2,0.232,0.842
2928,-3.6,0.2319,0.818
2929,8.1,0.2317,0.913
2930,-1.9,0.2316,0.864
2931,0.0,0.2315,0.713
2932,6.1,0.2314,0.62
2933,1.8,0.2313,0.503
2934,0.1,0.2312,0.599
2935,-12.1,0.231,0.528
2936,-1.0,0.2309,0.563
2937,6.6,0.2308,0.585
2938,-20.5,0.2307,0.478
2939,-19.5,0.2306,0.396
2940,-12.6,0.2305,0.242
2941,2.9,0.2304,0.311
2942,0.8,0.2302,0.272
2943,-23.1,0.2301,0.087
2944,-1.3,0.23,-0.022
2945,1.1,0.2299,0.009
2946,6.5,0.2298,0.028
2947,3.1,0.2297,0.072
2948,-5.6,0.2295,-0.107
2949,3.2,0.2294,-0.031
2950,4.2,0.2293,-0.069
2951,-0.5,0.2292,-0.184
2952,12.0,0.2291,-0.194
2953,-19.6,0.229,-0.221
2954,19.1,0.2289,-0.117
2955,5.5,0.2287,-0.156
2956,-6.9,0.2286,-0.155
2957,1.4,0.2285,-0.153
2958,12.7,0.2284,-0.125
2959,17.4,0.2283,0.017
2960,-21.0,0.2282,-0.381
2961,8.2,0.2281,-0.248
2962,-22.1,0.2279,-0.481
2963,4.1,0.2278,-0.485
2964,-7.6,0.2277,-0.59
2965,-0.9,0.2276,-0.561
2966,-50.5,0.2275,-0.958
2967,-30.7,0.2274,-1.384
2968,18.9,0.2273,-1.191
2969,-9.1,0.2272,-1.221
2970,4.8,0.227,-1.091
2971,-8.6,0.2269,-1.327
2972,10.5,0.2268,-1.337
2973,2.5,0.2267,-1.37
2974,-14.5,0.2266,-1.449
2975,-21.6,0.2265,-1.707
2976,14.7,0.2264,-1.577
2977,13.8,0.2262,-1.34
2978,2.6,0.2261,-1.256
2979,1.2,0.226,-1.078
2980,4.2,0.2259,-1.034
2981,-5.2,0.2258,-0.971
2982,3.7,0.2257,-1.052
2983,-4.7,0.2256,-1.006
2984,8.8,0.2255,-0.931
2985,5.7,0.2253,-0.725
2986,6.5,0.2252,-0.752
2987,-32.8,0.2251,-1.092
2988,3.5,0.225,-1.117
2989,2.0,0.2249,-0.972
2990,-11.0,0.2248,-1.012
2991,4.5,0.2247,-0.922
2992,1.2,0.2246,-0.839
2993,5.6,0.2244,-0.692
2994,3.4,0.2243,-0.783
2995,6.5,0.2242,-0.542
2996,13.2,0.2241,-0.5
2997,-9.8,0.224,-0.591
2998,6.0,0.2239,-0.385
2999,6.9,0.2238,-0.311
3000,-3.9,0.2237,-0.538
3001,2.4,0.2236,-0.54
3002,1.3,0.2234,-0.612
3003,-34.1,0.2233,-0.763
3004,15.7,0.2232,-0.697
3005,-3.5,0.2231,-0.755
3006,3.4,0.223,-0.729
3007,-6.7,0.2229,-0.823
3008,-4.0,0.2228,-0.935
3009,-14.5,0.2227,-1.063
3010,-30.8,0.2225,-1.429
3011,4.1,0.2224,-1.439
3012,11.2,0.2223,-1.382
3013,0.4,0.2222,-1.319
3014,-3.6,0.2221,-1.447
3015,-9.8,0.222,-1.663
3016,-0.4,0.2219,-1.129
3017,5.8,0.2218,-1.118
3018,3.2,0.2217,-1.176
3019,8.6,0.2216,-1.108
3020,-1.9,0.2214,-1.319
3021,-32.7,0.2213,-1.633
3022,-8.9,0.2212,-1.847
3023,12.1,0.2211,-1.787
3024,4.4,0.221,-1.808
3025,-3.2,0.2209,-1.816
3026,-1.5,0.2208,-1.834
3027,5.0,0.2207,-1.846
3028,-19.5,0.2206,-2.005
3029,6.3,0.2204,-2.023
3030,14.6,0.2203,-1.858
3031,2.3,0.2202,-1.835
3032,-30.4,0.2201,-2.2
3033,-4.6,0.22,-2.264
3034,2.3,0.2199,-2.242
3035,11.5,0.2198,-2.006
3036,-13.0,0.2197,-2.126
3037,9.3,0.2196,-2.099
3038,-8.7,0.2195,-1.981
3039,4.1,0.2193,-1.745
3040,11.2,0.2192,-1.507
3041,3.6,0.2191,-1.5
3042,11.9,0.219,-1.389
3043,7.8,0.2189,-1.08
3044,3.4,0.2188,-1.033
3045,-2.9,0.2187,-1.073
3046,-6.5,0.2186,-1.203
3047,5.8,0.2185,-1.176
3048,6.5,0.2184,-1.055
3049,14.5,0.2183,-0.942
3050,-1.5,0.2181,-0.999
3051,2.4,0.218,-0.97
3052,-40.6,0.2179,-1.496
3053,0.6,0.2178,-1.294
3054,-5.4,0.2177,-1.539
3055,-3.0,0.2176,-1.624
3056,10.3,0.2175,-1.452
3057,7.9,0.2174,-1.387
3058,-1.2,0.2173,-1.526
3059,-3.6,0.2172,-1.736
3060,-11.2,0.2171,-1.638
3061,7.7,0.217,-1.643
3062,-13.0,0.2168,-1.552
3063,11.8,0.2167,-1.475
3064,0.5,0.2166,-1.394
3065,4.2,0.2165,-1.343
3066,8.4,0.2164,-0.754
3067,-5.6,0.2163,-0.503
3068,5.3,0.2162,-0.639
3069,-15.7,0.2161,-0.705
3070,2.6,0.216,-0.727
3071,-24.4,0.2159,-0.885
3072,8.3,0.2158,-0.907
3073,-15.9,0.2157,-1.091
3074,11.1,0.2155,-0.835
3075,0.9,0.2154,-0.61
3076,10.2,0.2153,-0.655
3077,9.6,0.2152,-0.697
3078,-17.1,0.2151,-0.894
3079,9.2,0.215,-0.814
3080,3.3,0.2149,-0.823
3081,-13.6,0.2148,-0.907
3082,7.0,0.2147,-0.874
3083,-16.2,0.2146,-0.989
3084,-5.1,0.2145,-1.128
3085,14.0,0.2144,-1.045
3086,-10.9,0.2143,-1.219
3087,-98.4,0.2142,-1.875
3088,7.5,0.214,-1.835
3089,9.6,0.2139,-1.759
3090,-29.5,0.2138,-1.944
3091,2.6,0.2137,-1.963
3092,1.0,0.2136,-1.965
3093,2.6,0.2135,-1.995
3094,2.6,0.2134,-2.003
3095,17.1,0.2133,-1.897
3096,-1.1,0.2132,-2.04
3097,3.8,0.2131,-1.904
3098,1.4,0.213,-1.95
3099,-13.6,0.2129,-2.155
3100,6.8,0.2128,-2.048
3101,9.0,0.2127,-1.982
3102,-5.0,0.2126,-2.045
3103,-7.2,0.2124,-1.776
3104,-0.2,0.2123,-1.935
3105,15.0,0.2122,-1.75
3106,9.5,0.2121,-1.689
3107,-4.9,0.212,-1.671
3108,11.7,0.2119,-1.514
3109,-3.0,0.2118,-1.399
3110,2.2,0.2117,-1.069
3111,-52.3,0.2116,-1.633
3112,-1.3,0.2115,-1.758
3113,2.7,0.2114,-1.735
3114,-1.0,0.2113,-1.709
3115,-4.0,0.2112,-1.651
3116,-2.8,0.2111,-1.675
3117,1.9,0.211,-1.714
3118,-1.9,0.2109,-1.765
3119,15.1,0.2108,-1.7
3120,0.0,0.2107,-1.681
3121,4.3,0.2105,-1.311
3122,1.9,0.2104,-1.203
3123,5.7,0.2103,-1.267
3124,-21.5,0.2102,-1.526
3125,14.4,0.2101,-1.35
3126,2.3,0.21,-1.312
3127,-12.2,0.2099,-1.484
3128,6.6,0.2098,-1.223
3129,-3.8,0.2097,-1.324
3130,5.3,0.2096,-1.417
3131,9.4,0.2095,-1.346
3132,-6.7,0.2094,-1.109
3133,9.8,0.2093,-0.965
3134,4.5,0.2092,-0.943
3135,-6.3,0.2091,-1.121
3136,11.9,0.209,-0.872
3137,-34.8,0.2089,-1.313
3138,5.9,0.2088,-1.167
3139,12.7,0.2087,-1.081
3140,10.6,0.2086,-1.087
3141,-6.5,0.2085,-1.188
3142,8.1,0.2084,-1.226
3143,10.2,0.2082,-1.202
3144,0.4,0.2081,-1.232
3145,13.7,0.208,-1.066
3146,3.5,0.2079,-0.966
3147,-7.8,0.2078,-1.102
3148,6.8,0.2077,-1.099
3149,7.2,0.2076,-1.172
3150,3.1,0.2075,-1.126
3151,12.2,0.2074,-1.028
3152,16.0,0.2073,-0.462
3153,6.0,0.2072,-0.408
3154,12.7,0.2071,-0.227
3155,3.2,0.207,-0.165
3156,8.1,0.2069,-0.187
3157,-1.1,0.2068,-0.277
3158,-0.3,0.2067,-0.268
3159,2.0,0.2066,-0.212
3160,9.9,0.2065,-0.001
3161,2.0,0.2064,-0.058
3162,18.8,0.2063,0.26
3163,-0.9,0.2062,0.133
3164,8.5,0.2061,0.213
3165,5.1,0.206,0.222
3166,11.6,0.2059,0.254
3167,-5.2,0.2058,0.258
3168,6.3,0.2057,0.268
3169,8.1,0.2056,0.506
3170,9.0,0.2055,0.57
3171,3.5,0.2054,0.849
3172,15.2,0.2053,0.918
3173,-0.8,0.2052,1.069
3174,0.9,0.205,0.967
3175,-4.7,0.2049,0.911
3176,0.3,0.2048,0.812
3177,5.2,0.2047,0.768
3178,2.4,0.2046,0.963
3179,7.7,0.2045,0.948
3180,12.5,0.2044,1.04
3181,1.7,0.2043,1.193
3182,-7.2,0.2042,1.051
3183,4.8,0.2041,1.261
3184,7.5,0.204,1.387
3185,6.6,0.2039,1.313
3186,-1.6,0.2038,1.406
3187,-2.4,0.2037,2.366
3188,12.7,0.2036,2.418
3189,-9.9,0.2035,2.223
3190,8.9,0.2034,2.607
3191,6.3,0.2033,2.644
3192,11.4,0.2032,2.748
3193,4.0,0.2031,2.762
3194,0.7,0.203,2.743
3195,-4.5,0.2029,2.527
3196,3.4,0.2028,2.572
3197,19.2,0.2027,2.726
3198,7.0,0.2026,2.782
3199,6.0,0.2025,2.978
3200,5.4,0.2024,2.964
3201,-0.7,0.2023,2.867
3202,13.7,0.2022,3.054
3203,15.6,0.2021,3.282
3204,15.2,0.202,3.436
3205,-45.5,0.2019,2.831
3206,8.3,0.2018,2.819
3207,-0.7,0.2017,2.861
3208,5.2,0.2016,2.796
3209,-7.9,0.2015,2.747
3210,9.3,0.2014,2.818
3211,13.9,0.2013,3.48
3212,0.7,0.2012,3.5
3213,9.8,0.2011,3.571
3214,-6.4,0.201,3.517
3215,12.0,0.2009,3.677
3216,5.4,0.2008,3.759
3217,-10.1,0.2007,3.639
3218,10.5,0.2006,3.763
3219,6.9,0.2005,3.681
3220,4.3,0.2004,3.724
3221,-0.5,0.2003,3.676
3222,14.9,0.2002,3.806
3223,-17.5,0.2001,3.574
3224,-24.8,0.2,3.541
3225,0.6,0.1999,3.403
3226,9.6,0.1998,3.476
3227,5.8,0.1997,3.656
3228,8.7,0.1996,3.677
3229,-3.6,0.1995,3.679
3230,14.8,0.1994,3.774
3231,-0.8,0.1993,3.672
3232,2.6,0.1992,3.765
3233,-0.5,0.1991,3.662
3234,-7.6,0.199,3.541
3235,-11.4,0.1989,3.49
3236,-2.4,0.1988,3.347
3237,6.5,0.1987,3.76
3238,4.3,0.1986,3.744
3239,4.4,0.1985,3.661
3240,-4.9,0.1984,3.506
3241,6.8,0.1983,3.639
3242,4.8,0.1982,3.606
3243,9.0,0.1981,3.594
3244,4.9,0.198,3.639
3245,1.7,0.1979,3.519
3246,5.8,0.1978,3.542
3247,-7.3,0.1977,3.547
3248,-4.2,0.1976,3.437
3249,-7.7,0.1975,3.288
3250,10.7,0.1974,3.364
3251,15.7,0.1973,3.399
3252,-4.2,0.1972,3.197
3253,11.6,0.1971,3.253
3254,-2.5,0.197,3.101
3255,1.2,0.1969,3.081
3256,5.6,0.1968,3.056
3257,4.4,0.1967,3.111
3258,-9.4,0.1966,3.02
3259,3.1,0.1965,3.031
3260,11.7,0.1964,3.049
3261,12.4,0.1963,3.153
3262,-15.8,0.1962,2.807
3263,19.3,0.1961,3.009
3264,-3.9,0.196,2.885
3265,8.6,0.1959,2.92
3266,-0.3,0.1958,2.801
3267,4.0,0.1957,2.893
3268,0.3,0.1956,2.833
3269,-4.3,0.1955,2.709
3270,7.4,0.1955,2.693
3271,12.7,0.1954,2.785
3272,4.8,0.1953,2.681
3273,4.9,0.1952,2.738
3274,11.8,0.1951,2.847
3275,8.7,0.195,2.981
3276,22.3,0.1949,3.201
3277,6.0,0.1948,3.209
3278,2.8,0.1947,3.213
3279,-16.0,0.1946,2.976
3280,10.5,0.1945,2.956
3281,0.9,0.1944,2.948
3282,12.1,0.1943,3.141
3283,7.4,0.1942,3.167
3284,0.9,0.1941,3.101
3285,11.6,0.194,3.151
3286,5.4,0.1939,3.221
3287,7.4,0.1938,3.319
3288,18.8,0.1937,3.38
3289,14.9,0.1936,3.628
3290,-1.7,0.1935,3.522
3291,11.4,0.1934,3.573
3292,-4.3,0.1933,3.416
3293,-5.2,0.1932,3.324
3294,3.0,0.1931,3.347
3295,2.3,0.193,3.415
3296,-0.5,0.1929,3.376
3297,-12.3,0.1928,3.061
3298,1.3,0.1927,3.004
3299,6.2,0.1926,3.006
3300,10.7,0.1925,3.059
3301,11.5,0.1924,3.181
3302,5.2,0.1924,3.096
3303,4.1,0.1923,2.981
3304,3.7,0.1922,2.866
3305,8.8,0.1921,3.409
3306,4.8,0.192,3.374
3307,8.4,0.1919,3.465
3308,3.1,0.1918,3.444
3309,2.8,0.1917,3.551
3310,3.5,0.1916,3.493
3311,5.6,0.1915,3.41
3312,10.5,0.1914,3.508
3313,-2.9,0.1913,3.381
3314,0.9,0.1912,3.454
3315,-4.7,0.1911,3.287
3316,-0.6,0.191,3.227
3317,-4.3,0.1909,3.285
3318,10.2,0.1908,3.282
3319,0.4,0.1907,3.217
3320,3.4,0.1906,3.208
3321,6.8,0.1905,3.281
3322,-1.4,0.1904,3.118
3323,12.2,0.1903,3.415
3324,6.6,0.1903,3.729
3325,3.9,0.1902,3.762
3326,16.9,0.1901,3.835
3327,3.0,0.19,3.807
3328,1.6,0.1899,3.736
3329,-8.5,0.1898,3.687
3330,-17.0,0.1897,3.369
3331,-14.4,0.1896,3.233
3332,-3.6,0.1895,3.171
3333,16.0,0.1894,3.336
3334,3.3,0.1893,3.445
3335,8.2,0.1892,3.641
3336,0.3,0.1891,3.668
3337,7.9,0.189,3.682
3338,-0.9,0.1889,3.63
3339,-1.9,0.1888,3.567
3340,-12.0,0.1887,3.496
3341,9.5,0.1886,3.523
3342,-0.8,0.1885,3.467
3343,4.8,0.1885,3.425
3344,-2.6,0.1884,3.35
3345,-0.4,0.1883,3.329
3346,7.2,0.1882,3.343
3347,5.1,0.1881,3.467
3348,9.6,0.188,3.605
3349,10.4,0.1879,3.786
3350,-0.9,0.1878,3.67
3351,7.9,0.1877,3.592
3352,7.2,0.1876,3.706
3353,-4.6,0.1875,3.544
3354,-4.4,0.1874,3.525
3355,15.6,0.1873,3.669
3356,1.2,0.1872,3.625
3357,-1.4,0.1871,3.567
3358,11.4,0.187,3.775
3359,7.5,0.187,3.819
3360,9.8,0.1869,3.8
3361,6.5,0.1868,3.741
3362,1.3,0.1867,3.912
3363,22.3,0.1866,3.942
3364,4.2,0.1865,4.023
3365,-9.7,0.1864,3.84
3366,-4.8,0.1863,3.795
3367,12.6,0.1862,3.881
3368,8.7,0.1861,3.965
3369,-0.1,0.186,4.007
3370,8.9,0.1859,4.022
3371,-18.8,0.1858,3.707
3372,2.2,0.1857,3.681
3373,6.8,0.1857,3.7
3374,0.6,0.1856,3.588
3375,12.8,0.1855,3.629
3376,-7.4,0.1854,3.332
3377,2.1,0.1853,3.293
3378,-8.7,0.1852,3.178
3379,-7.2,0.1851,3.266
3380,3.0,0.185,3.191
3381,-14.6,0.1849,3.036
3382,0.2,0.1848,2.917
3383,-0.4,0.1847,2.839
3384,0.9,0.1846,2.839
3385,-16.0,0.1845,2.563
3386,18.5,0.1845,2.694
3387,3.9,0.1844,2.659
3388,6.3,0.1843,2.534
3389,-0.7,0.1842,2.378
3390,11.7,0.1841,2.512
3391,-0.5,0.184,2.393
3392,1.2,0.1839,2.448
3393,-9.3,0.1838,2.407
3394,12.7,0.1837,2.504
3395,12.8,0.1836,2.609
3396,4.3,0.1835,2.657
3397,2.8,0.1834,2.808
3398,11.7,0.1833,2.912
3399,3.8,0.1833,2.888
3400,5.7,0.1832,2.838
3401,-2.0,0.1831,2.703
3402,13.6,0.183,2.787
3403,1.4,0.1829,2.76
3404,2.7,0.1828,2.75
3405,-15.4,0.1827,2.508
3406,4.2,0.1826,2.502
3407,-6.1,0.1825,2.357
3408,12.9,0.1824,2.455
3409,9.3,0.1823,2.52
3410,10.7,0.1823,2.592
3411,2.2,0.1822,2.558
3412,7.5,0.1821,2.528
3413,6.0,0.182,2.617
3414,-16.1,0.1819,2.447
3415,3.9,0.1818,2.533
3416,7.4,0.1817,2.613
3417,11.1,0.1816,2.767
3418,13.5,0.1815,2.8
3419,8.7,0.1814,2.883
3420,9.8,0.1813,2.947
3421,5.2,0.1813,2.931
3422,12.6,0.1812,3.071
3423,12.9,0.1811,3.078
3424,-3.7,0.181,2.975
3425,8.5,0.1809,3.021
3426,19.7,0.1808,3.049
3427,-1.2,0.1807,3.007
3428,9.2,0.1806,3.083
3429,-16.4,0.1805,3.004
3430,6.0,0.1804,3.234
3431,5.4,0.1804,3.432
3432,7.7,0.1803,3.545
3433,14.1,0.1802,3.526
3434,0.3,0.1801,3.496
3435,-4.1,0.18,3.373
3436,6.0,0.1799,3.43
3437,8.0,0.1798,3.431
3438,6.3,0.1797,3.503
3439,10.6,0.1796,3.628
3440,14.9,0.1795,3.897
3441,4.8,0.1795,3.85
3442,9.4,0.1794,3.952
3443,4.6,0.1793,3.95
3444,-1.0,0.1792,3.966
3445,4.3,0.1791,4.013
3446,18.6,0.179,4.127
3447,11.9,0.1789,4.195
3448,0.8,0.1788,4.107
3449,11.0,0.1787,4.113
3450,-2.3,0.1786,4.099
3451,4.3,0.1786,4.063
3452,-3.3,0.1785,3.958
3453,7.9,0.1784,4.083
3454,1.6,0.1783,4.143
3455,3.4,0.1782,4.021
3456,16.5,0.1781,4.174
3457,0.5,0.178,4.193
3458,-5.5,0.1779,4.024
3459,10.3,0.1778,4.052
3460,4.4,0.1778,3.998
3461,0.8,0.1777,3.941
3462,2.2,0.1776,3.95
3463,-2.0,0.1775,3.707
3464,-3.2,0.1774,3.633
3465,-56.5,0.1773,3.165
3466,-1.4,0.1772,3.199
3467,-2.7,0.1771,3.046
3468,2.7,0.1771,2.986
3469,5.2,0.177,3.039
3470,9.3,0.1769,3.043
3471,1.3,0.1768,3.244
3472,-1.6,0.1767,3.206
3473,11.0,0.1766,3.248
3474,6.0,0.1765,3.302
3475,12.8,0.1764,3.302
3476,-6.9,0.1763,3.307
3477,9.4,0.1763,3.38
3478,8.6,0.1762,3.553
3479,7.7,0.1761,3.702
3480,-2.9,0.176,3.643
3481,-11.1,0.1759,3.678
3482,2.3,0.1758,3.699
3483,15.1,0.1757,3.854
3484,7.9,0.1756,3.924
3485,9.6,0.1756,4.18
3486,-6.1,0.1755,3.934
3487,4.1,0.1754,3.936
3488,-0.7,0.1753,3.866
3489,1.5,0.1752,3.888
3490,3.3,0.1751,3.804
3491,1.9,0.175,3.828
3492,0.8,0.1749,3.824
3493,11.6,0.1749,4.033
3494,7.9,0.1748,3.985
3495,15.7,0.1747,4.014
3496,0.8,0.1746,3.979
3497,19.2,0.1745,4.143
3498,8.3,0.1744,4.109
3499,7.6,0.1743,4.147
3500,2.5,0.1742,4.115
3501,2.7,0.1742,4.162
3502,12.2,0.1741,4.148
3503,7.8,0.174,4.212
3504,0.4,0.1739,4.189
3505,12.6,0.1738,4.469
3506,-2.7,0.1737,4.4
3507,-17.1,0.1736,4.29
3508,14.4,0.1735,4.305
3509,8.1,0.1735,4.293
3510,0.4,0.1734,4.19
3511,0.4,0.1733,4.172
3512,8.8,0.1732,4.185
3513,2.2,0.1731,4.147
3514,9.5,0.173,4.403
3515,0.5,0.1729,4.369
3516,8.8,0.1729,4.383
3517,5.2,0.1728,4.324
3518,6.0,0.1727,4.249
3519,6.2,0.1726,4.224
3520,4.5,0.1725,4.171
3521,-8.7,0.1724,4.032
3522,10.2,0.1723,4.008
3523,12.8,0.1723,4.007
3524,2.9,0.1722,4.073
3525,-0.1,0.1721,3.987
3526,11.3,0.172,3.903
3527,11.1,0.1719,4.026
3528,-3.4,0.1718,3.9
3529,11.7,0.1717,4.181
3530,4.7,0.1717,4.168
3531,9.0,0.1716,4.204
3532,11.3,0.1715,4.24
3533,-2.1,0.1714,4.078
3534,-4.3,0.1713,4.032
3535,-0.6,0.1712,4.067
3536,2.6,0.1711,4.033
3537,5.5,0.1711,4.008
3538,3.3,0.171,3.978
3539,6.5,0.1709,3.937
3540,7.4,0.1708,3.862
3541,-2.5,0.1707,3.789
3542,7.2,0.1706,3.767
3543,6.4,0.1705,3.785
3544,16.0,0.1705,3.955
3545,-4.8,0.1704,3.864
3546,6.4,0.1703,3.742
3547,13.8,0.1702,3.761
3548,-3.5,0.1701,3.718
3549,8.4,0.17,3.692
3550,12.9,0.1699,3.844
3551,7.8,0.1699,3.879
3552,-0.9,0.1698,3.903
3553,-11.0,0.1697,3.714
3554,12.6,0.1696,3.824
3555,10.4,0.1695,3.894
3556,8.8,0.1694,3.817
3557,7.6,0.1694,3.888
3558,8.2,0.1693,4.025
3559,15.6,0.1692,4.078
3560,14.1,0.1691,4.175
3561,5.4,0.169,4.221
3562,9.1,0.1689,4.29
3563,-46.4,0.1688,3.846
3564,2.6,0.1688,3.904
3565,4.0,0.1687,4.509
3566,23.3,0.1686,4.756
3567,11.8,0.1685,4.901
3568,0.9,0.1684,4.883
3569,-0.5,0.1683,4.826
3570,-13.6,0.1683,4.597
3571,10.6,0.1682,4.69
3572,2.1,0.1681,4.727
3573,13.1,0.168,4.748
3574,-1.8,0.1679,4.67
3575,-1.3,0.1678,4.529
3576,0.9,0.1678,4.607
3577,7.5,0.1677,4.588
3578,3.5,0.1676,4.537
3579,11.6,0.1675,4.576
3580,-3.7,0.1674,4.568
3581,9.1,0.1673,4.77
3582,8.5,0.1673,4.832
3583,8.4,0.1672,4.765
3584,5.1,0.1671,4.737
3585,6.6,0.167,4.707
3586,15.0,0.1669,4.918
3587,-2.3,0.1668,4.854
3588,9.3,0.1668,4.954
3589,-9.0,0.1667,4.849
3590,6.4,0.1666,4.88
3591,-2.3,0.1665,4.838
3592,6.9,0.1664,4.899
3593,9.7,0.1663,4.88
3594,7.4,0.1663,4.875
3595,2.9,0.1662,4.747
3596,16.0,0.1661,4.899
3597,-2.2,0.166,4.685
3598,5.3,0.1659,4.655
3599,-37.5,0.1658,4.204
3600,-5.7,0.1658,4.122
3601,-13.3,0.1657,3.962
3602,6.3,0.1656,3.903
3603,9.1,0.1655,3.916
3604,5.0,0.1654,3.962
3605,8.4,0.1653,3.92
3606,3.6,0.1653,3.983
3607,3.4,0.1652,4.188
3608,8.3,0.1651,4.127
3609,11.9,0.165,4.165
3610,-15.7,0.1649,4.004
3611,15.5,0.1648,4.155
3612,1.4,0.1648,4.081
3613,1.4,0.1647,4.073
3614,22.3,0.1646,4.201
3615,9.6,0.1645,4.292
3616,10.3,0.1644,4.307
3617,12.2,0.1644,4.377
3618,17.8,0.1643,4.495
3619,-24.6,0.1642,4.187
3620,-40.2,0.1641,3.74
3621,3.6,0.164,3.863
3622,7.0,0.1639,3.831
3623,5.9,0.1639,3.762
3624,20.4,0.1638,3.937
3625,-17.3,0.1637,3.765
3626,0.6,0.1636,3.658
3627,-19.7,0.1635,3.35
3628,5.5,0.1635,3.439
3629,11.6,0.1634,3.438
3630,8.0,0.1633,3.471
3631,-1.3,0.1632,3.368
3632,10.4,0.1631,3.359
3633,3.0,0.163,3.41
3634,-13.0,0.163,3.323
3635,8.6,0.1629,3.415
3636,11.7,0.1628,3.506
3637,1.2,0.1627,3.463
3638,9.3,0.1626,3.523
3639,-32.8,0.1626,3.13
3640,11.3,0.1625,3.169
3641,11.9,0.1624,3.313
3642,-2.9,0.1623,3.212
3643,4.1,0.1622,3.189
3644,0.3,0.1622,3.032
3645,6.6,0.1621,3.146
3646,-5.6,0.162,3.026
3647,13.2,0.1619,3.02
3648,13.5,0.1618,3.19
3649,7.2,0.1617,3.178
3650,8.2,0.1617,3.131
3651,9.8,0.1616,3.151
3652,17.1,0.1615,3.331
3653,-14.3,0.1614,3.298
3654,12.7,0.1613,3.299
3655,7.8,0.1613,3.273
3656,3.7,0.1612,3.222
3657,-14.9,0.1611,2.997
3658,0.0,0.161,2.915
3659,12.4,0.1609,2.883
3660,-16.6,0.1609,2.576
3661,-18.2,0.1608,2.34
3662,6.2,0.1607,2.311
3663,13.3,0.1606,2.908
3664,4.2,0.1605,2.924
3665,-7.7,0.1605,2.807
3666,5.9,0.1604,2.633
3667,5.0,0.1603,2.565
3668,-14.2,0.1602,2.414
3669,21.4,0.1601,2.633
3670,3.0,0.1601,2.799
3671,12.5,0.16,2.818
3672,-26.1,0.1599,2.536
3673,11.6,0.1598,2.521
3674,14.3,0.1597,2.682
3675,17.0,0.1597,2.865
3676,0.2,0.1596,2.858
3677,11.2,0.1595,2.895
3678,14.9,0.1594,3.009
3679,3.4,0.1593,2.927
3680,-11.6,0.1593,2.848
3681,10.8,0.1592,2.865
3682,4.2,0.1591,2.822
3683,-10.1,0.159,2.637
3684,-23.6,0.1589,2.35
3685,-3.9,0.1589,2.245
3686,-7.0,0.1588,2.025
3687,11.8,0.1587,2.166
3688,11.1,0.1586,2.184
3689,6.7,0.1586,2.341
3690,-6.2,0.1585,2.215
3691,11.2,0.1584,2.35
3692,-12.6,0.1583,2.155
3693,18.0,0.1582,2.238
3694,5.7,0.1582,2.221
3695,-54.3,0.1581,1.649
3696,-20.5,0.158,1.284
3697,11.6,0.1579,1.422
3698,9.1,0.1578,1.46
3699,1.2,0.1578,1.847
3700,12.6,0.1577,2.03
3701,15.4,0.1576,2.317
3702,11.7,0.1575,2.371
3703,10.3,0.1574,2.383
3704,6.5,0.1574,2.398
3705,-0.8,0.1573,2.306
3706,5.7,0.1572,2.327
3707,2.3,0.1571,2.316
3708,3.5,0.1571,2.268
3709,8.2,0.157,2.231
3710,-3.2,0.1569,2.356
3711,8.6,0.1568,2.287
3712,4.7,0.1567,2.32
3713,-4.8,0.1567,2.258
3714,-0.7,0.1566,2.028
3715,0.8,0.1565,1.94
3716,2.7,0.1564,1.864
3717,0.9,0.1563,1.751
3718,10.8,0.1563,1.681
3719,5.9,0.1562,1.986
3720,-3.5,0.1561,2.353
3721,1.4,0.156,2.331
3722,16.7,0.156,2.428
3723,6.9,0.1559,2.438
3724,10.1,0.1558,2.335
3725,14.6,0.1557,2.654
3726,-9.4,0.1556,2.554
3727,-12.8,0.1556,2.623
3728,9.9,0.1555,2.667
3729,8.7,0.1554,2.638
3730,15.8,0.1553,2.716
3731,7.2,0.1553,2.801
3732,7.0,0.1552,2.767
3733,-4.0,0.1551,2.697
3734,10.1,0.155,2.928
3735,8.6,0.1549,2.928
3736,3.3,0.1549,2.844
3737,8.9,0.1548,2.921
3738,19.4,0.1547,3.022
3739,-0.4,0.1546,3.346
3740,-3.8,0.1546,3.195
3741,3.6,0.1545,3.112
3742,7.3,0.1544,3.214
3743,2.4,0.1543,3.197
3744,4.5,0.1543,3.239
3745,2.8,0.1542,3.201
3746,-1.5,0.1541,3.242
3747,3.0,0.154,3.14
3748,-4.9,0.1539,2.956
3749,-1.9,0.1539,2.865
3750,8.1,0.1538,2.864
3751,8.4,0.1537,2.85
3752,4.6,0.1536,2.725
3753,-8.5,0.1536,2.783
3754,-2.1,0.1535,2.635
3755,11.3,0.1534,2.67
3756,2.8,0.1533,2.661
3757,4.1,0.1533,2.851
3758,16.1,0.1532,3.012
3759,5.0,0.1531,2.938
3760,18.8,0.153,3.292
3761,-6.5,0.153,3.409
3762,7.3,0.1529,3.42
3763,7.7,0.1528,3.364
3764,-17.5,0.1527,3.147
3765,-0.6,0.1526,3.218
3766,11.4,0.1526,3.273
3767,1.0,0.1525,3.233
3768,11.5,0.1524,3.49
3769,9.1,0.1523,3.367
3770,2.9,0.1523,3.366
3771,10.9,0.1522,3.35
3772,5.9,0.1521,3.67
3773,-5.3,0.152,3.501
3774,2.4,0.152,3.382
3775,9.0,0.1519,3.302
3776,1.3,0.1518,3.313
3777,4.6,0.1517,3.247
3778,3.2,0.1517,3.13
3779,1.6,0.1516,3.112
3780,7.2,0.1515,3.3
3781,-0.8,0.1514,3.184
3782,15.7,0.1514,3.299
3783,-9.1,0.1513,3.309
3784,0.7,0.1512,3.552
3785,2.2,0.1511,3.613
3786,-1.9,0.1511,3.664
3787,7.9,0.151,3.625
3788,9.6,0.1509,3.61
3789,15.4,0.1508,3.697
3790,6.2,0.1508,3.821
3791,4.6,0.1507,3.755
3792,-20.8,0.1506,3.673
3793,10.5,0.1505,3.598
3794,6.9,0.1505,3.61
3795,-3.5,0.1504,4.118
3796,8.1,0.1503,4.404
3797,8.9,0.1502,4.377
3798,3.0,0.1502,4.316
3799,6.5,0.1501,4.369
3800,3.6,0.15,4.279
3801,1.2,0.1499,4.137
3802,19.5,0.1499,4.215
3803,-7.6,0.1498,4.036
3804,12.7,0.1497,4.098
3805,-0.8,0.1496,4.098
3806,6.5,0.1496,4.106
3807,-4.5,0.1495,4.038
3808,-3.9,0.1494,3.964
3809,11.2,0.1493,3.994
3810,-4.2,0.1493,3.984
3811,-36.7,0.1492,3.531
3812,-3.3,0.1491,3.451
3813,3.1,0.149,3.53
3814,-6.6,0.149,3.471
3815,15.8,0.1489,3.621
3816,-1.5,0.1488,3.579
3817,-1.4,0.1487,3.556
3818,6.3,0.1487,3.511
3819,0.0,0.1486,3.452
3820,-25.0,0.1485,3.237
3821,7.1,0.1484,3.294
3822,1.4,0.1484,3.141
3823,6.4,0.1483,3.136
3824,11.4,0.1482,3.149
3825,7.4,0.1481,3.077
3826,-11.6,0.1481,3.055
3827,9.5,0.148,3.278
3828,-6.3,0.1479,3.116
3829,-10.6,0.1478,2.923
3830,2.7,0.1478,2.792
3831,8.5,0.1477,2.805
3832,5.9,0.1476,2.794
3833,-9.4,0.1475,2.74
3834,-0.3,0.1475,2.636
3835,-5.9,0.1474,2.491
3836,-17.6,0.1473,2.282
3837,-1.6,0.1473,2.177
3838,-22.8,0.1472,1.755
3839,7.7,0.1471,1.836
3840,6.4,0.147,1.938
3841,11.6,0.147,2.018
3842,9.7,0.1469,2.042
3843,12.9,0.1468,2.147
3844,9.6,0.1467,2.198
3845,1.1,0.1467,2.181
3846,-13.1,0.1466,2.065
3847,18.5,0.1465,2.22
3848,7.3,0.1464,2.342
3849,-3.9,0.1464,2.322
3850,4.4,0.1463,2.285
3851,7.8,0.1462,2.279
3852,8.7,0.1462,2.32
3853,5.5,0.1461,2.46
3854,4.9,0.146,2.53
3855,6.5,0.1459,2.482
3856,4.0,0.1459,2.494
3857,5.2,0.1458,2.505
3858,6.5,0.1457,2.409
3859,-3.3,0.1456,2.326
3860,11.1,0.1456,2.249
3861,15.7,0.1455,2.471
3862,5.6,0.1454,2.454
3863,16.6,0.1454,2.543
3864,11.9,0.1453,2.837
3865,5.3,0.1452,2.896
3866,5.6,0.1451,2.838
3867,4.3,0.1451,2.871
3868,5.9,0.145,2.815
3869,8.0,0.1449,2.804
3870,11.4,0.1448,2.889
3871,-6.6,0.1448,2.714
3872,-6.3,0.1447,2.592
3873,1.1,0.1446,2.656
3874,12.8,0.1446,2.76
3875,-11.6,0.1445,2.554
3876,10.3,0.1444,2.644
3877,8.2,0.1443,2.68
3878,-7.6,0.1443,2.572
3879,-6.8,0.1442,2.488
3880,22.1,0.1441,2.637
3881,5.4,0.1441,2.699
3882,-2.5,0.144,2.517
3883,-10.0,0.1439,2.508
3884,15.8,0.1438,2.659
3885,16.3,0.1438,2.8
3886,0.6,0.1437,2.825
3887,-3.6,0.1436,2.71
3888,8.2,0.1436,2.696
3889,4.1,0.1435,2.583
3890,-27.8,0.1434,2.243
3891,10.6,0.1433,2.303
3892,1.2,0.1433,2.523
3893,-3.7,0.1432,2.381
3894,10.5,0.1431,2.417
3895,6.5,0.1431,2.517
3896,6.7,0.143,2.503
3897,-2.1,0.1429,2.393
3898,19.0,0.1428,2.553
3899,22.0,0.1428,2.708
3900,2.3,0.1427,2.695
3901,4.2,0.1426,2.725
3902,6.8,0.1426,2.598
3903,-5.4,0.1425,2.62
3904,0.2,0.1424,2.495
3905,12.5,0.1423,2.628
3906,-18.4,0.1423,2.379
3907,13.6,0.1422,2.56
3908,-0.4,0.1421,2.595
3909,-9.0,0.1421,2.393
3910,3.3,0.142,2.468
3911,-11.0,0.1419,2.725
3912,9.1,0.1418,2.849
3913,4.0,0.1418,2.858
3914,19.7,0.1417,3.121
3915,2.1,0.1416,2.984
3916,12.3,0.1416,3.122
3917,-9.3,0.1415,3.043
3918,19.6,0.1414,3.176
3919,7.0,0.1413,3.246
3920,11.1,0.1413,3.607
3921,5.9,0.1412,3.595
3922,8.0,0.1411,3.661
3923,-0.7,0.1411,3.59
3924,13.6,0.141,3.612
3925,11.6,0.1409,3.654
3926,-30.8,0.1409,3.462
3927,2.3,0.1408,3.39
3928,-4.8,0.1407,3.405
3929,4.1,0.1406,3.552
3930,3.8,0.1406,3.563
3931,0.9,0.1405,3.487
3932,1.5,0.1404,3.443
3933,11.8,0.1404,3.655
3934,8.5,0.1403,3.743
3935,6.4,0.1402,3.866
3936,7.7,0.1402,4.119
3937,-2.0,0.1401,4.115
3938,-24.2,0.14,4.101
3939,8.6,0.1399,4.11
3940,-8.4,0.1399,3.962
3941,10.1,0.1398,3.947
3942,5.6,0.1397,3.906
3943,4.5,0.1397,3.822
3944,6.0,0.1396,3.786
3945,4.1,0.1395,3.816
3946,11.9,0.1395,4.066
3947,-8.5,0.1394,3.796
3948,13.9,0.1393,3.862
3949,10.0,0.1392,4.001
3950,7.4,0.1392,4.031
3951,8.0,0.1391,4.033
3952,-5.4,0.139,3.892
3953,13.8,0.139,3.975
3954,-9.9,0.1389,3.827
3955,3.2,0.1388,3.794
3956,15.8,0.1388,3.912
3957,9.5,0.1387,3.955
3958,4.7,0.1386,3.937
3959,-1.4,0.1386,3.956
3960,10.3,0.1385,3.948
3961,8.6,0.1384,3.877
3962,11.6,0.1383,3.937
3963,16.0,0.1383,3.931
3964,5.4,0.1382,3.866
3965,0.4,0.1381,3.817
3966,-3.6,0.1381,3.725
3967,3.1,0.138,3.713
3968,12.1,0.1379,3.775
3969,-2.8,0.1379,3.667
3970,0.3,0.1378,3.556
3971,0.0,0.1377,3.622
3972,-28.4,0.1377,3.401
3973,22.3,0.1376,3.613
3974,4.2,0.1375,3.527
3975,10.7,0.1374,3.75
3976,-2.1,0.1374,3.626
3977,6.1,0.1373,3.605
3978,12.7,0.1372,3.808
3979,16.5,0.1372,4.041
3980,-14.5,0.1371,3.675
3981,13.2,0.137,3.753
3982,12.9,0.137,3.907
3983,2.5,0.1369,4.032
3984,0.4,0.1368,3.878
3985,-9.6,0.1368,3.619
3986,9.2,0.1367,3.705
3987,8.7,0.1366,3.828
3988,-0.6,0.1366,3.74
3989,4.4,0.1365,3.743
3990,22.0,0.1364,4.241
3991,5.8,0.1364,4.193
3992,5.6,0.1363,4.237
3993,-0.7,0.1362,4.267
3994,4.3,0.1362,4.205
3995,0.3,0.1361,4.143
3996,8.1,0.136,4.157
3997,13.8,0.1359,4.316
3998,5.9,0.1359,4.185
3999,9.5,0.1358,4.06
4000,4.3,0.1357,4.08
4001,8.2,0.1357,4.12
4002,10.4,0.1356,4.156
4003,-3.0,0.1355,4.18
4004,3.0,0.1355,4.208
4005,2.3,0.1354,4.106
4006,9.7,0.1353,4.387
4007,2.7,0.1353,4.278
4008,3.5,0.1352,4.317
4009,11.2,0.1351,4.519
4010,-7.0,0.1351,4.416
4011,4.1,0.135,4.567
4012,12.0,0.1349,4.596
4013,-6.5,0.1349,4.491
4014,11.6,0.1348,4.41
4015,6.9,0.1347,4.458
4016,4.5,0.1347,4.38
4017,9.7,0.1346,4.57
4018,12.9,0.1345,4.503
4019,-4.1,0.1345,4.392
4020,11.2,0.1344,4.393
4021,1.9,0.1343,4.353
4022,-1.9,0.1343,4.254
4023,6.0,0.1342,4.321
4024,8.7,0.1341,4.272
4025,-3.6,0.1341,4.12
4026,5.8,0.134,4.486
4027,4.4,0.1339,4.507
4028,-13.5,0.1339,4.42
4029,8.8,0.1338,4.467
4030,-4.1,0.1337,4.388
4031,15.9,0.1337,4.538
4032,-2.9,0.1336,4.494
4033,11.8,0.1335,4.494
4034,-2.1,0.1335,4.388
4035,4.9,0.1334,4.373
4036,2.6,0.1333,4.322
4037,0.2,0.1333,4.344
4038,1.9,0.1332,4.605
4039,2.6,0.1331,4.545
4040,3.1,0.1331,4.66
4041,2.5,0.133,4.584
4042,18.3,0.1329,4.711
4043,-11.2,0.1329,4.554
4044,5.1,0.1328,4.545
4045,-1.1,0.1327,4.493
4046,15.9,0.1327,4.533
4047,9.3,0.1326,4.711
4048,-2.6,0.1325,4.546
4049,2.6,0.1325,4.472
4050,9.3,0.1324,4.491
4051,10.7,0.1323,4.518
4052,19.5,0.1323,4.767
4053,13.6,0.1322,4.765
4054,-8.6,0.1321,4.778
4055,4.9,0.1321,4.795
4056,8.6,0.132,4.723
4057,-1.4,0.1319,4.614
4058,7.5,0.1319,4.642
4059,11.4,0.1318,4.77
4060,-6.7,0.1317,4.6
4061,10.0,0.1317,4.614
4062,5.7,0.1316,4.555
4063,10.2,0.1315,4.497
4064,-8.9,0.1315,4.354
4065,0.3,0.1314,4.353
4066,9.5,0.1313,4.484
4067,10.4,0.1313,4.557
4068,18.6,0.1312,4.622
4069,12.9,0.1311,4.779
4070,-10.4,0.1311,4.672
4071,1.6,0.131,4.688
4072,-25.5,0.1309,4.717
4073,-8.3,0.1309,4.411
4074,-7.4,0.1308,4.295
4075,12.2,0.1308,4.31
4076,-3.1,0.1307,4.3
4077,4.1,0.1306,4.28
4078,5.9,0.1306,4.212
4079,8.2,0.1305,4.129
4080,18.8,0.1304,4.462
4081,-6.0,0.1304,4.27
4082,7.1,0.1303,4.212
4083,11.6,0.1302,4.303
4084,16.4,0.1302,4.463
4085,7.4,0.1301,4.633
4086,7.3,0.13,4.614
4087,4.8,0.13,4.575
4088,12.7,0.1299,4.708
4089,-33.4,0.1298,4.33
4090,8.3,0.1298,4.193
4091,7.7,0.1297,4.212
4092,9.1,0.1296,4.247
4093,2.7,0.1296,4.281
4094,4.3,0.1295,4.281
4095,4.7,0.1295,4.325
4096,3.4,0.1294,4.278
4097,-0.9,0.1293,4.131
4098,11.7,0.1293,4.189
4099,8.2,0.1292,4.176
4100,7.5,0.1291,4.208
4101,6.1,0.1291,4.187
4102,0.4,0.129,4.087
4103,3.7,0.1289,4.154
4104,-0.6,0.1289,4.118
4105,-1.5,0.1288,4.08
4106,10.4,0.1287,4.087
4107,-3.3,0.1287,4.027
4108,-25.4,0.1286,3.738
4109,7.8,0.1286,3.704
4110,-1.8,0.1285,3.756
4111,1.7,0.1284,3.732
4112,15.2,0.1284,3.764
4113,0.0,0.1283,3.829
4114,2.6,0.1282,3.739
4115,4.6,0.1282,3.716
4116,-21.3,0.1281,3.458
4117,19.2,0.128,3.553
4118,-24.8,0.128,3.176
4119,-1.5,0.1279,3.202
4120,13.2,0.1278,3.222
4121,19.7,0.1278,3.4
4122,19.2,0.1277,3.611
4123,1.9,0.1277,3.57
4124,-0.9,0.1276,3.474
4125,4.2,0.1275,3.552
4126,7.1,0.1275,3.565
4127,-0.1,0.1274,3.52
4128,15.8,0.1273,3.813
4129,3.2,0.1273,3.757
4130,5.5,0.1272,3.853
4131,8.5,0.1271,3.779
4132,6.2,0.1271,3.87
4133,13.8,0.127,3.89
4134,2.8,0.127,3.939
4135,4.6,0.1269,3.936
4136,-2.9,0.1268,3.881
4137,8.9,0.1268,3.968
4138,10.4,0.1267,4.053
4139,9.9,0.1266,4.126
4140,11.2,0.1266,4.207
4141,14.9,0.1265,4.331
4142,5.4,0.1265,4.202
4143,6.1,0.1264,4.375
4144,0.2,0.1263,4.326
4145,7.5,0.1263,4.412
4146,-10.3,0.1262,4.15
4147,-17.5,0.1261,3.882
4148,9.0,0.1261,3.998
4149,-17.0,0.126,3.802
4150,7.8,0.1259,3.787
4151,-6.4,0.1259,3.616
4152,12.0,0.1258,3.541
4153,15.1,0.1258,3.556
4154,15.1,0.1257,3.793
4155,1.5,0.1256,3.759
4156,6.5,0.1256,3.738
4157,16.0,0.1255,3.912
4158,11.6,0.1254,3.953
4159,12.7,0.1254,3.966
4160,20.0,0.1253,4.233
4161,-23.2,0.1253,3.901
4162,8.7,0.1252,3.931
4163,12.9,0.1251,3.958
4164,6.1,0.1251,4.108
4165,7.8,0.125,4.183
4166,-15.3,0.1249,3.935
4167,5.8,0.1249,3.889
4168,7.9,0.1248,3.782
4169,2.4,0.1248,3.677
4170,-13.6,0.1247,3.645
4171,-19.3,0.1246,3.436
4172,5.6,0.1246,3.747
4173,4.0,0.1245,3.87
4174,2.1,0.1244,3.965
4175,8.6,0.1244,3.929
4176,19.6,0.1243,4.156
4177,18.8,0.1243,4.303
4178,3.0,0.1242,4.274
4179,-1.0,0.1241,4.182
4180,11.6,0.1241,4.11
4181,12.0,0.124,4.29
4182,10.3,0.124,4.322
4183,6.6,0.1239,4.272
4184,-2.2,0.1238,4.086
4185,2.7,0.1238,4.039
4186,3.1,0.1237,3.997
4187,3.7,0.1236,3.986
4188,7.6,0.1236,3.935
4189,15.2,0.1235,4.421
4190,10.4,0.1235,4.442
4191,-10.8,0.1234,4.257
4192,0.5,0.1233,4.171
4193,11.2,0.1233,4.256
4194,2.5,0.1232,4.238
4195,7.3,0.1231,4.264
4196,-6.0,0.1231,4.17
4197,3.4,0.123,4.213
4198,-2.5,0.123,4.071
4199,1.5,0.1229,4.004
4200,0.4,0.1228,3.933
4201,0.8,0.1228,3.88
4202,3.3,0.1227,3.909
4203,15.5,0.1227,4.027
4204,11.0,0.1226,4.143
4205,15.2,0.1225,4.31
4206,20.1,0.1225,4.407
4207,16.7,0.1224,4.607
4208,7.5,0.1224,4.936
4209,12.6,0.1223,4.984
4210,9.1,0.1222,5.093
4211,-0.6,0.1222,5.07
4212,-10.9,0.1221,4.809
4213,8.3,0.122,4.892
4214,9.6,0.122,4.962
4215,3.1,0.1219,4.947
4216,18.9,0.1219,5.349
4217,6.1,0.1218,5.218
4218,5.2,0.1217,5.518
4219,6.0,0.1217,5.593
4220,3.8,0.1216,5.499
4221,9.7,0.1216,5.399
4222,22.0,0.1215,5.427
4223,12.7,0.1214,5.535
4224,10.9,0.1214,5.653
4225,11.6,0.1213,5.727
4226,13.3,0.1213,5.789
4227,3.5,0.1212,5.825
4228,7.8,0.1211,5.745
4229,3.1,0.1211,5.744
4230,6.7,0.121,5.756
4231,15.5,0.121,5.826
4232,-7.1,0.1209,5.693
4233,10.2,0.1208,5.657
4234,8.9,0.1208,5.718
4235,-4.2,0.1207,5.63
4236,10.8,0.1207,5.767
4237,8.5,0.1206,5.763
4238,8.7,0.1205,5.746
4239,7.7,0.1205,5.724
4240,-0.9,0.1204,5.603
4241,12.2,0.1204,5.576
4242,6.5,0.1203,5.587
4243,0.4,0.1202,5.53
4244,8.6,0.1202,5.614
4245,8.9,0.1201,5.628
4246,4.7,0.1201,5.778
4247,-6.4,0.12,5.889
4248,7.8,0.1199,5.877
4249,10.0,0.1199,6.147
4250,3.7,0.1198,6.106
4251,8.1,0.1198,6.251
4252,1.0,0.1197,6.141
4253,6.5,0.1196,6.055
4254,9.2,0.1196,5.996
4255,16.1,0.1195,6.142
4256,7.6,0.1195,6.153
4257,10.9,0.1194,6.102
4258,9.5,0.1193,6.081
4259,12.8,0.1193,6.082
4260,1.4,0.1192,5.896
4261,-2.2,0.1192,6.106
4262,8.1,0.1191,6.1
4263,-3.2,0.119,5.939
4264,15.8,0.119,6.036
4265,13.0,0.1189,6.088
4266,12.7,0.1189,6.368
4267,18.1,0.1188,6.491
4268,12.3,0.1187,6.535
4269,5.6,0.1187,6.567
4270,-0.7,0.1186,6.696
4271,6.7,0.1186,6.956
4272,15.7,0.1185,7.057
4273,3.9,0.1184,7.056
4274,6.8,0.1184,7.103
4275,-11.4,0.1183,6.903
4276,12.1,0.1183,6.828
4277,9.6,0.1182,6.736
4278,-13.1,0.1181,6.575
4279,11.2,0.1181,6.697
4280,1.8,0.118,6.599
4281,-22.6,0.118,6.253
4282,9.4,0.1179,6.244
4283,-12.3,0.1179,6.055
4284,6.4,0.1178,6.141
4285,-9.0,0.1177,6.024
4286,5.0,0.1177,6.043
4287,-9.9,0.1176,5.907
4288,10.0,0.1176,5.931
4289,1.4,0.1175,5.793
4290,-0.0,0.1174,5.689
4291,15.7,0.1174,5.954
4292,3.3,0.1173,5.982
4293,3.5,0.1173,5.905
4294,7.3,0.1172,5.953
4295,0.7,0.1171,5.887
4296,9.1,0.1171,6.038
4297,-1.7,0.117,5.987
4298,3.4,0.117,6.046
4299,-4.3,0.1169,5.988
4300,-13.7,0.1169,5.847
4301,8.9,0.1168,5.928
4302,-0.7,0.1167,5.888
4303,10.9,0.1167,5.842
4304,-62.5,0.1166,5.107
4305,18.7,0.1166,5.142
4306,9.0,0.1165,5.031
4307,6.4,0.1164,4.928
4308,14.4,0.1164,4.997
4309,0.4,0.1163,4.875
4310,6.5,0.1163,4.849
4311,6.7,0.1162,4.922
4312,6.7,0.1162,5.098
4313,16.3,0.1161,5.178
4314,8.7,0.116,5.169
4315,3.3,0.116,5.171
4316,1.5,0.1159,4.997
4317,-6.7,0.1159,4.869
4318,12.5,0.1158,4.942
4319,6.8,0.1158,4.95
4320,-1.7,0.1157,4.895
4321,11.8,0.1156,4.916
4322,-5.5,0.1156,4.641
4323,12.5,0.1155,4.639
4324,3.6,0.1155,4.566
4325,-2.5,0.1154,4.425
4326,-19.5,0.1154,4.097
4327,-1.6,0.1153,4.046
4328,5.3,0.1152,4.021
4329,-16.1,0.1152,3.829
4330,13.6,0.1151,3.898
4331,6.6,0.1151,3.809
4332,6.8,0.115,3.948
4333,9.9,0.1149,3.945
4334,3.4,0.1149,3.89
4335,9.7,0.1148,4.029
4336,3.3,0.1148,3.954
4337,-2.9,0.1147,3.84
4338,5.0,0.1147,3.803
4339,14.7,0.1146,3.873
4340,2.7,0.1145,3.909
4341,-5.6,0.1145,3.731
4342,3.3,0.1144,3.699
4343,12.5,0.1144,3.82
4344,14.5,0.1143,3.879
4345,12.9,0.1143,3.919
4346,5.5,0.1142,3.927
4347,3.1,0.1141,4.022
4348,3.4,0.1141,3.978
4349,8.3,0.114,3.961
4350,17.0,0.114,4.094
4351,0.8,0.1139,4.021
4352,11.3,0.1139,4.124
4353,9.0,0.1138,4.149
4354,5.4,0.1137,4.111
4355,11.4,0.1137,4.064
4356,3.1,0.1136,4.019
4357,19.6,0.1136,4.106
4358,5.4,0.1135,4.065
4359,8.5,0.1135,4.022
4360,-9.3,0.1134,3.915
4361,7.0,0.1134,4.007
4362,13.0,0.1133,4.056
4363,-5.1,0.1132,4.037
4364,3.0,0.1132,3.909
4365,7.4,0.1131,3.853
4366,-4.7,0.1131,3.679
4367,8.4,0.113,3.582
4368,-6.7,0.113,3.392
4369,0.4,0.1129,3.34
4370,-8.7,0.1128,3.26
4371,4.7,0.1128,3.24
4372,1.0,0.1127,3.093
4373,9.1,0.1127,3.145
4374,8.9,0.1126,3.166
4375,19.1,0.1126,3.471
4376,8.7,0.1125,3.437
4377,2.9,0.1124,3.37
4378,6.0,0.1124,3.561
4379,17.2,0.1123,3.621
4380,2.4,0.1123,3.627
4381,11.3,0.1122,3.966
4382,-15.3,0.1122,3.719
4383,4.7,0.1121,3.889
4384,20.0,0.1121,4.025
4385,5.1,0.112,4.166
4386,14.4,0.1119,4.26
4387,5.2,0.1119,4.411
4388,8.8,0.1118,4.399
4389,0.0,0.1118,4.385
4390,-2.3,0.1117,4.362
4391,12.0,0.1117,4.325
4392,-3.0,0.1116,4.262
4393,5.8,0.1116,4.285
4394,15.6,0.1115,4.368
4395,20.0,0.1114,4.561
4396,12.5,0.1114,4.595
4397,-16.0,0.1113,4.452
4398,19.7,0.1113,4.615
4399,-9.0,0.1112,4.568
4400,6.0,0.1112,4.765
4401,-1.8,0.1111,4.658
4402,-10.1,0.1111,4.564
4403,-10.8,0.111,4.347
4404,-4.5,0.1109,4.927
4405,1.1,0.1109,4.751
4406,12.6,0.1108,4.787
4407,4.6,0.1108,4.769
4408,7.0,0.1107,4.695
4409,12.7,0.1107,4.818
4410,2.6,0.1106,4.779
4411,16.6,0.1106,4.878
4412,8.7,0.1105,4.898
4413,11.6,0.1104,4.851
4414,6.5,0.1104,4.829
4415,12.9,0.1103,4.925
4416,6.8,0.1103,4.978
4417,12.8,0.1102,5.173
4418,6.7,0.1102,5.115
4419,12.8,0.1101,5.175
4420,4.1,0.1101,5.233
4421,10.7,0.11,5.222
4422,12.4,0.11,5.401
4423,19.6,0.1099,5.472
4424,4.2,0.1098,5.478
4425,7.3,0.1098,5.576
4426,4.7,0.1097,5.818
4427,-13.9,0.1097,5.695
4428,-25.2,0.1096,5.39
4429,5.2,0.1096,5.603
4430,0.3,0.1095,5.47
4431,6.1,0.1095,5.465
4432,3.1,0.1094,5.428
4433,6.0,0.1093,5.389
4434,4.1,0.1093,5.396
4435,11.9,0.1092,5.418
4436,3.7,0.1092,5.422
4437,11.8,0.1091,5.569
4438,3.3,0.1091,5.552
4439,7.7,0.109,5.482
4440,10.7,0.109,5.562
4441,6.3,0.1089,5.681
4442,13.5,0.1089,5.783
4443,0.2,0.1088,5.66
4444,3.9,0.1087,5.554
4445,-9.2,0.1087,5.333
4446,-1.6,0.1086,5.262
4447,9.7,0.1086,5.328
4448,-11.6,0.1085,5.178
4449,8.6,0.1085,5.181
4450,-50.0,0.1084,4.511
4451,3.0,0.1084,4.533
4452,4.3,0.1083,4.463
4453,14.7,0.1083,4.52
4454,12.6,0.1082,4.592
4455,1.0,0.1082,4.488
4456,1.9,0.1081,4.476
4457,1.1,0.108,4.291
4458,11.9,0.108,4.356
4459,7.2,0.1079,4.343
4460,3.4,0.1079,4.47
4461,12.7,0.1078,4.527
4462,-0.5,0.1078,4.392
4463,6.4,0.1077,4.507
4464,22.0,0.1077,4.697
4465,-11.8,0.1076,4.505
4466,0.9,0.1076,4.561
4467,3.7,0.1075,4.514
4468,13.4,0.1075,4.715
4469,-7.2,0.1074,4.639
4470,12.9,0.1073,4.855
4471,-4.2,0.1073,4.766
4472,22.0,0.1072,4.976
4473,22.1,0.1072,5.106
4474,8.4,0.1071,5.101
4475,-2.2,0.1071,4.888
4476,10.3,0.107,4.904
4477,10.7,0.107,4.982
4478,0.4,0.1069,4.926
4479,2.2,0.1069,4.776
4480,8.9,0.1068,4.841
4481,-5.3,0.1068,4.675
4482,14.0,0.1067,4.968
4483,-2.9,0.1067,4.892
4484,6.3,0.1066,4.755
4485,-6.7,0.1065,4.637
4486,9.4,0.1065,4.587
4487,-41.7,0.1064,4.118
4488,4.8,0.1064,4.078
4489,-2.1,0.1063,4.057
4490,2.3,0.1063,4.103
4491,8.6,0.1062,4.069
4492,-4.4,0.1062,4.055
4493,6.3,0.1061,4.06
4494,3.4,0.1061,3.938
4495,11.1,0.106,3.849
4496,16.0,0.106,3.884
4497,11.5,0.1059,4.159
4498,-26.6,0.1059,3.696
4499,16.1,0.1058,3.947
4500,8.1,0.1058,3.968
4501,-40.9,0.1057,3.577
4502,-22.0,0.1056,3.458
4503,3.4,0.1056,3.6
4504,3.5,0.1055,3.68
4505,-0.8,0.1055,3.661
4506,-1.1,0.1054,3.524
4507,2.4,0.1054,3.502
4508,5.2,0.1053,3.484
4509,15.4,0.1053,3.511
4510,8.8,0.1052,3.573
4511,19.1,0.1052,3.598
4512,-2.1,0.1051,3.49
4513,4.3,0.1051,3.417
4514,9.6,0.105,3.448
4515,9.6,0.105,3.415
4516,1.0,0.1049,3.357
4517,13.7,0.1049,3.366
4518,-3.7,0.1048,3.262
4519,3.1,0.1048,3.165
4520,7.6,0.1047,3.2
4521,4.7,0.1046,3.14
4522,-3.4,0.1046,2.982
4523,4.4,0.1045,2.83
4524,12.7,0.1045,2.915
4525,3.7,0.1044,2.879
4526,9.8,0.1044,2.93
4527,-19.4,0.1043,2.875
4528,11.6,0.1043,3.243
4529,5.1,0.1042,3.242
4530,7.2,0.1042,3.311
4531,11.1,0.1041,3.361
4532,6.3,0.1041,3.393
4533,4.3,0.104,3.376
4534,9.6,0.104,3.431
4535,11.8,0.1039,3.43
4536,4.5,0.1039,3.438
4537,-2.5,0.1038,3.295
4538,5.1,0.1038,3.313
4539,15.7,0.1037,3.393
4540,8.5,0.1037,3.371
4541,13.7,0.1036,3.445
4542,5.6,0.1036,3.366
4543,-4.3,0.1035,3.321
4544,9.1,0.1035,3.373
4545,4.1,0.1034,3.506
4546,9.7,0.1033,3.619
4547,5.4,0.1033,3.576
4548,5.3,0.1032,3.745
4549,10.4,0.1032,3.763
4550,9.2,0.1031,4.355
4551,8.0,0.1031,4.405
4552,2.0,0.103,4.382
4553,15.6,0.103,4.391
4554,16.8,0.1029,4.433
4555,3.0,0.1029,4.453
4556,-11.5,0.1028,4.319
4557,-8.3,0.1028,4.225
4558,6.7,0.1027,4.173
4559,18.8,0.1027,4.289
4560,-3.8,0.1026,4.217
4561,9.4,0.1026,4.184
4562,11.4,0.1025,4.303
4563,13.3,0.1025,4.372
4564,-7.7,0.1024,4.075
4565,3.3,0.1024,4.226
4566,11.9,0.1023,4.336
4567,4.2,0.1023,4.341
4568,14.5,0.1022,4.352
4569,12.8,0.1022,4.552
4570,2.9,0.1021,4.452
4571,7.3,0.1021,4.567
4572,4.8,0.102,4.395
4573,-17.3,0.102,4.001
4574,0.7,0.1019,3.924
4575,4.6,0.1019,3.992
4576,6.5,0.1018,3.954
4577,12.3,0.1018,3.97
4578,8.7,0.1017,4.053
4579,8.2,0.1017,4.113
4580,19.2,0.1016,4.216
4581,-0.5,0.1016,4.264
4582,12.0,0.1015,4.244
4583,1.1,0.1015,4.284
4584,5.7,0.1014,4.278
4585,11.8,0.1014,4.463
4586,6.0,0.1013,4.429
4587,3.9,0.1013,4.885
4588,7.9,0.1012,4.916
4589,7.2,0.1012,5.009
4590,13.0,0.1011,5.116
4591,11.2,0.1011,5.142
4592,10.9,0.101,5.295
4593,8.5,0.101,5.317
4594,-0.7,0.1009,5.276
4595,-3.8,0.1009,5.127
4596,6.9,0.1008,5.036
4597,12.2,0.1007,5.043
4598,22.7,0.1007,5.536
4599,3.1,0.1006,5.406
4600,5.4,0.1006,5.379
4601,-0.3,0.1005,5.785
4602,-0.8,0.1005,5.997
4603,11.4,0.1004,6.077
4604,5.0,0.1004,6.092
4605,15.2,0.1003,6.252
4606,6.3,0.1003,6.326
4607,8.3,0.1002,6.385
4608,10.7,0.1002,6.44
4609,13.6,0.1001,6.422
4610,13.9,0.1001,6.473
4611,18.6,0.1,6.468
4612,5.7,0.1,6.546
4613,-0.1,0.0999,6.502
4614,4.9,0.0999,6.455
4615,4.6,0.0998,6.405
4616,11.6,0.0998,6.511
4617,14.7,0.0997,6.521
4618,15.4,0.0997,6.712
4619,2.4,0.0996,6.705
4620,-46.0,0.0996,6.169
4621,12.3,0.0995,6.245
4622,18.9,0.0995,6.468
4623,11.4,0.0995,6.538
4624,9.0,0.0994,6.501
4625,11.5,0.0994,6.579
4626,9.9,0.0993,6.58
4627,-3.8,0.0993,6.736
4628,10.3,0.0992,6.723
4629,7.1,0.0992,6.743
4630,12.2,0.0991,6.793
4631,-5.1,0.0991,6.631
4632,3.7,0.099,6.605
4633,8.8,0.099,6.65
4634,9.8,0.0989,6.652
4635,-3.5,0.0989,6.499
4636,12.5,0.0988,6.579
4637,9.8,0.0988,6.702
4638,-17.5,0.0987,6.476
4639,8.0,0.0987,6.399
4640,8.5,0.0986,6.399
4641,-2.1,0.0986,6.241
4642,2.5,0.0985,6.21
4643,-12.4,0.0985,6.129
4644,10.0,0.0984,6.138
4645,-3.1,0.0984,6.066
4646,9.5,0.0983,6.064
4647,16.1,0.0983,6.171
4648,6.1,0.0982,6.179
4649,13.7,0.0982,6.212
4650,4.4,0.0981,6.164
4651,1.8,0.0981,6.102
4652,2.4,0.098,6.106
4653,12.1,0.098,6.071
4654,4.4,0.0979,5.947
4655,2.2,0.0979,5.939
4656,8.8,0.0978,6.142
4657,11.7,0.0978,6.342
4658,7.6,0.0977,6.351
4659,3.2,0.0977,6.195
4660,2.0,0.0976,6.253
4661,5.8,0.0976,6.217
4662,19.2,0.0975,6.295
4663,-13.3,0.0975,6.029
4664,16.3,0.0974,6.269
4665,3.8,0.0974,6.274
4666,10.5,0.0973,6.26
4667,11.9,0.0973,6.337
4668,-4.7,0.0972,6.145
4669,8.1,0.0972,6.098
4670,10.5,0.0971,6.174
4671,-9.5,0.0971,6.006
4672,13.4,0.097,6.092
4673,1.1,0.097,6.276
4674,1.8,0.0969,6.287
4675,17.1,0.0969,6.412
4676,3.2,0.0969,6.379
4677,12.8,0.0968,6.384
4678,1.7,0.0968,6.314
4679,3.8,0.0967,6.27
4680,1.3,0.0967,6.091
4681,15.8,0.0966,6.254
4682,6.5,0.0966,6.199
4683,-5.2,0.0965,6.136
4684,3.4,0.0965,6.113
4685,4.5,0.0964,6.04
4686,-4.6,0.0964,5.934
4687,6.0,0.0963,5.955
4688,8.9,0.0963,5.965
4689,11.3,0.0962,6.006
4690,18.3,0.0962,6.059
4691,16.8,0.0961,6.115
4692,1.9,0.0961,6.025
4693,-12.4,0.096,5.816
4694,1.5,0.096,5.838
4695,5.7,0.0959,5.933
4696,9.0,0.0959,5.954
4697,9.4,0.0958,5.926
4698,10.7,0.0958,5.806
4699,10.4,0.0957,5.879
4700,-4.8,0.0957,5.777
4701,-8.6,0.0957,5.694
4702,-6.2,0.0956,5.64
4703,14.8,0.0956,5.674
4704,1.6,0.0955,5.64
4705,2.9,0.0955,5.517
4706,19.5,0.0954,5.649
4707,5.3,0.0954,5.619
4708,7.7,0.0953,5.589
4709,5.5,0.0953,5.508
4710,7.2,0.0952,5.441
4711,10.1,0.0952,5.356
4712,11.9,0.0951,5.418
4713,16.2,0.0951,5.581
4714,16.3,0.095,5.695
4715,3.3,0.095,5.682
4716,19.6,0.0949,5.762
4717,7.9,0.0949,5.694
4718,6.1,0.0948,5.601
4719,2.0,0.0948,5.597
4720,9.6,0.0947,6.153
4721,2.3,0.0947,6.053
4722,16.0,0.0947,6.024
4723,0.2,0.0946,5.912
4724,11.7,0.0946,5.939
4725,0.9,0.0945,5.833
4726,-3.6,0.0945,5.698
4727,9.7,0.0944,5.833
4728,-2.5,0.0944,5.705
4729,16.3,0.0943,5.797
4730,0.2,0.0943,5.677
4731,1.3,0.0942,5.741
4732,11.4,0.0942,5.818
4733,-0.5,0.0941,5.725
4734,4.3,0.0941,5.67
4735,0.9,0.094,5.714
4736,5.7,0.094,5.646
4737,5.7,0.0939,5.605
4738,12.0,0.0939,5.9
4739,-23.7,0.0939,5.583
4740,2.9,0.0938,5.527
4741,-7.2,0.0938,5.476
4742,12.0,0.0937,5.571
4743,14.2,0.0937,5.837
4744,9.2,0.0936,5.829
4745,15.9,0.0936,6.019
4746,6.4,0.0935,5.988
4747,-6.2,0.0935,5.765
4748,13.0,0.0934,5.834
4749,4.7,0.0934,5.744
4750,3.5,0.0933,5.735
4751,-3.7,0.0933,5.68
4752,9.1,0.0932,5.747
4753,15.6,0.0932,5.782
4754,18.4,0.0932,5.922
4755,18.8,0.0931,6.088
4756,-13.8,0.0931,5.862
4757,13.3,0.093,5.878
4758,-1.9,0.093,5.783
4759,4.6,0.0929,5.797
4760,4.3,0.0929,5.82
4761,-1.6,0.0928,5.746
4762,18.7,0.0928,5.741
4763,7.4,0.0927,5.948
4764,7.3,0.0927,5.858
4765,-11.7,0.0926,5.703
4766,15.9,0.0926,5.757
4767,3.9,0.0925,5.677
4768,-5.3,0.0925,5.671
4769,12.5,0.0925,5.715
4770,11.7,0.0924,5.727
4771,7.7,0.0924,5.899
4772,1.3,0.0923,5.778
4773,5.0,0.0923,5.817
4774,2.2,0.0922,5.821
4775,9.3,0.0922,5.743
4776,12.6,0.0921,5.837
4777,2.6,0.0921,5.735
4778,6.9,0.092,5.787
4779,9.1,0.092,5.84
4780,10.2,0.092,5.929
4781,6.7,0.0919,5.838
4782,11.9,0.0919,5.892
4783,7.6,0.0918,6.02
4784,10.9,0.0918,6.095
4785,19.2,0.0917,6.242
4786,6.0,0.0917,6.348
4787,-1.9,0.0916,6.269
4788,12.1,0.0916,6.301
4789,1.9,0.0915,6.207
4790,8.3,0.0915,6.107
4791,8.7,0.0914,6.026
4792,22.0,0.0914,6.227
4793,18.3,0.0914,6.534
4794,10.3,0.0913,6.622
4795,5.9,0.0913,6.624
4796,-44.9,0.0912,6.085
4797,11.6,0.0912,6.107
4798,9.0,0.0911,6.09
4799,-9.8,0.0911,5.888
4800,10.7,0.091,6.043
4801,11.9,0.091,6.248
4802,10.8,0.0909,6.418
4803,7.3,0.0909,6.343
4804,5.7,0.0909,6.384
4805,4.9,0.0908,6.404
4806,12.2,0.0908,6.331
4807,5.0,0.0907,6.328
4808,8.6,0.0907,6.337
4809,-0.5,0.0906,6.277
4810,-0.1,0.0906,6.204
4811,-0.1,0.0905,6.102
4812,7.9,0.0905,6.062
4813,8.8,0.0904,5.988
4814,8.7,0.0904,5.912
4815,18.6,0.0904,6.065
4816,-4.4,0.0903,5.825
4817,1.8,0.0903,5.764
4818,3.9,0.0902,5.742
4819,-0.9,0.0902,5.713
4820,-2.9,0.0901,5.588
4821,0.0,0.0901,5.565
4822,0.9,0.09,5.414
4823,11.6,0.09,5.528
4824,16.0,0.09,5.571
4825,-0.8,0.0899,5.554
4826,9.4,0.0899,5.684
4827,4.5,0.0898,5.632
4828,-35.3,0.0898,5.304
4829,15.6,0.0897,5.297
4830,6.0,0.0897,5.355
4831,3.7,0.0896,5.379
4832,11.2,0.0896,5.377
4833,8.2,0.0895,5.464
4834,18.0,0.0895,5.601
4835,5.1,0.0895,5.643
4836,3.6,0.0894,5.622
4837,-1.6,0.0894,5.549
4838,18.7,0.0893,5.616
4839,8.3,0.0893,5.936
4840,10.7,0.0892,6.014
4841,6.9,0.0892,6.155
4842,18.9,0.0891,6.224
4843,13.4,0.0891,6.216
4844,12.1,0.0891,6.245
4845,18.2,0.089,6.268
4846,9.7,0.089,6.301
4847,4.8,0.0889,6.411
4848,-8.5,0.0889,6.196
4849,13.9,0.0888,6.288
4850,3.0,0.0888,6.283
4851,9.7,0.0887,6.417
4852,-7.3,0.0887,6.253
4853,9.5,0.0887,6.192
4854,-4.0,0.0886,5.968
4855,16.2,0.0886,5.942
4856,8.3,0.0885,6.163
4857,13.5,0.0885,6.165
4858,8.1,0.0884,6.265
4859,9.5,0.0884,6.314
4860,15.1,0.0884,6.422
4861,6.0,0.0883,6.498
4862,12.1,0.0883,6.432
4863,-1.5,0.0882,6.343
4864,6.8,0.0882,6.338
4865,9.5,0.0881,6.55
4866,-7.0,0.0881,6.321
4867,7.8,0.088,6.36
4868,3.0,0.088,6.443
4869,7.2,0.088,6.39
4870,22.3,0.0879,6.496
4871,8.6,0.0879,6.505
4872,8.2,0.0878,6.574
4873,5.3,0.0878,6.577
4874,8.1,0.0877,6.636
4875,5.3,0.0877,6.596
4876,8.2,0.0876,6.552
4877,16.2,0.0876,6.688
4878,6.1,0.0876,6.68
4879,-2.6,0.0875,6.563
4880,12.5,0.0875,6.586
4881,11.7,0.0874,6.636
4882,10.8,0.0874,6.625
4883,-2.9,0.0873,6.52
4884,4.0,0.0873,6.451
4885,-8.7,0.0873,6.172
4886,3.7,0.0872,6.149
4887,13.1,0.0872,6.299
4888,4.1,0.0871,6.219
4889,9.8,0.0871,6.298
4890,3.5,0.087,6.25
4891,12.9,0.087,6.292
4892,3.2,0.0869,6.104
4893,5.1,0.0869,5.972
4894,9.6,0.0869,5.965
4895,8.5,0.0868,5.991
4896,6.8,0.0868,6.508
4897,18.6,0.0867,6.578
4898,13.1,0.0867,6.619
4899,8.5,0.0866,6.802
4900,5.8,0.0866,6.753
4901,1.5,0.0866,6.649
4902,10.1,0.0865,6.642
4903,14.5,0.0865,6.714
4904,-2.6,0.0864,6.631
4905,13.5,0.0864,6.717
4906,9.6,0.0863,6.691
4907,4.2,0.0863,6.683
4908,13.8,0.0863,6.735
4909,-2.2,0.0862,6.718
4910,-8.7,0.0862,6.632
4911,11.4,0.0861,6.747
4912,8.2,0.0861,6.75
4913,6.7,0.086,6.729
4914,8.5,0.086,6.727
4915,2.9,0.086,6.57
4916,11.1,0.0859,6.725
4917,10.4,0.0859,6.811
4918,0.4,0.0858,6.776
4919,-0.7,0.0858,6.778
4920,-35.3,0.0857,6.454
4921,11.8,0.0857,6.572
4922,8.0,0.0857,6.643
4923,-1.9,0.0856,6.508
4924,10.9,0.0856,6.457
4925,8.2,0.0855,6.547
4926,3.4,0.0855,6.487
4927,10.2,0.0854,6.544
4928,3.9,0.0854,6.936
4929,11.3,0.0854,6.893
4930,10.8,0.0853,6.941
4931,4.9,0.0853,6.953
4932,11.3,0.0852,6.954
4933,11.2,0.0852,6.984
4934,-1.6,0.0851,6.788
4935,15.8,0.0851,6.895
4936,-1.2,0.0851,6.847
4937,16.0,0.085,7.023
4938,-8.8,0.085,6.748
4939,8.8,0.0849,6.753
4940,-26.3,0.0849,6.383
4941,-47.2,0.0848,5.842
4942,6.3,0.0848,5.716
4943,10.9,0.0848,5.691
4944,0.8,0.0847,5.578
4945,-6.0,0.0847,5.336
4946,5.8,0.0846,5.297
4947,16.8,0.0846,5.417
4948,1.8,0.0846,5.52
4949,11.3,0.0845,5.494
4950,0.9,0.0845,5.473
4951,15.8,0.0844,5.534
4952,11.0,0.0844,5.717
4953,12.3,0.0843,5.745
4954,-0.8,0.0843,5.777
4955,6.5,0.0843,5.68
4956,-0.9,0.0842,5.588
4957,7.1,0.0842,5.524
4958,6.2,0.0841,5.505
4959,-4.4,0.0841,5.366
4960,-10.5,0.084,5.11
4961,8.5,0.084,5.135
4962,-2.5,0.084,4.989
4963,3.1,0.0839,5.035
4964,-6.5,0.0839,4.902
4965,-4.4,0.0838,4.763
4966,6.6,0.0838,4.899
4967,16.8,0.0838,4.989
4968,11.9,0.0837,5.078
4969,8.6,0.0837,5.092
4970,7.6,0.0836,4.945
4971,0.9,0.0836,4.868
4972,19.6,0.0835,4.982
4973,12.7,0.0835,5.056
4974,4.7,0.0835,5.022
4975,18.9,0.0834,5.158
4976,9.5,0.0834,5.171
4977,8.5,0.0833,5.094
4978,4.7,0.0833,5.08
4979,15.1,0.0833,5.257
4980,12.1,0.0832,5.253
4981,12.5,0.0832,5.261
4982,13.2,0.0831,5.285
4983,6.4,0.0831,5.378
4984,5.1,0.083,5.389
4985,16.9,0.083,5.645
4986,10.9,0.083,5.717
4987,9.8,0.0829,5.684
4988,22.5,0.0829,5.868
4989,14.0,0.0828,5.91
4990,14.5,0.0828,6.02
4991,9.8,0.0828,5.989
4992,-5.4,0.0827,5.903
4993,6.9,0.0827,5.921
4994,8.8,0.0826,5.913
4995,1.2,0.0826,5.84
4996,9.3,0.0825,5.865
4997,-0.2,0.0825,5.677
4998,20.0,0.0825,5.746
4999,-29.7,0.0824,5.364
5000,9.3,0.0824,5.399
5001,7.9,0.0823,5.463
5002,7.5,0.0823,5.437
5003,14.8,0.0823,5.44
5004,2.2,0.0822,5.488
5005,7.3,0.0822,5.426
5006,11.5,0.0821,5.445
5007,6.5,0.0821,5.468
5008,4.2,0.0821,5.372
5009,5.2,0.082,5.446
5010,9.8,0.082,5.631
5011,19.8,0.0819,5.715
5012,-26.4,0.0819,5.369
5013,11.4,0.0819,5.416
5014,11.3,0.0818,5.444
5015,-15.5,0.0818,5.26
5016,10.0,0.0817,5.249
5017,11.2,0.0817,5.257
5018,1.0,0.0816,5.263
5019,-10.0,0.0816,5.17
5020,6.7,0.0816,5.59
5021,-16.6,0.0815,5.306
5022,6.6,0.0815,5.292
5023,-4.1,0.0814,5.27
5024,12.5,0.0814,5.286
5025,5.1,0.0814,5.255
5026,-2.9,0.0813,5.192
5027,10.8,0.0813,5.198
5028,19.9,0.0812,5.358
5029,-3.1,0.0812,5.214
5030,-1.7,0.0812,5.089
5031,-1.2,0.0811,5.028
5032,7.7,0.0811,4.992
5033,15.5,0.081,5.035
5034,12.3,0.081,5.174
5035,-9.7,0.081,4.919
5036,7.9,0.0809,5.01
5037,11.9,0.0809,4.969
5038,8.7,0.0808,5.144
5039,1.5,0.0808,5.071
5040,5.4,0.0808,5.388
5041,4.7,0.0807,5.907
5042,8.2,0.0807,5.926
5043,1.8,0.0806,5.835
5044,10.0,0.0806,5.927
5045,12.6,0.0806,6.113
5046,10.3,0.0805,6.158
5047,6.4,0.0805,6.054
5048,1.9,0.0804,6.055
5049,8.5,0.0804,6.027
5050,12.1,0.0804,6.139
5051,2.8,0.0803,6.009
5052,-1.3,0.0803,5.886
5053,8.0,0.0802,5.843
5054,4.5,0.0802,5.896
5055,11.0,0.0802,5.941
5056,-2.7,0.0801,5.923
5057,13.3,0.0801,5.985
5058,3.2,0.08,5.955
5059,12.2,0.08,6.121
5060,7.7,0.08,6.303
5061,8.1,0.0799,6.299
5062,11.1,0.0799,6.435
5063,14.0,0.0798,6.544
5064,12.5,0.0798,6.734
5065,2.1,0.0798,6.799
5066,10.1,0.0797,6.834
5067,12.2,0.0797,6.788
5068,12.7,0.0796,6.796
5069,10.1,0.0796,6.811
5070,13.4,0.0796,6.869
5071,8.0,0.0795,6.94
5072,10.3,0.0795,6.847
5073,6.8,0.0794,6.788
5074,2.8,0.0794,6.769
5075,5.4,0.0794,6.634
5076,8.2,0.0793,6.621
5077,1.9,0.0793,6.555
5078,8.7,0.0792,6.595
5079,16.3,0.0792,6.607
5080,6.6,0.0792,6.552
5081,7.6,0.0791,6.503
5082,15.4,0.0791,6.525
5083,4.9,0.079,6.51
5084,9.4,0.079,6.553
5085,15.0,0.079,6.534
5086,1.6,0.0789,6.441
5087,10.7,0.0789,6.45
5088,-9.5,0.0788,6.13
5089,10.5,0.0788,6.095
5090,-1.3,0.0788,5.937
5091,11.9,0.0787,5.958
5092,8.9,0.0787,6.101
5093,12.6,0.0786,6.158
5094,6.5,0.0786,6.135
5095,6.2,0.0786,6.185
5096,5.4,0.0785,6.146
5097,-4.8,0.0785,6.1
5098,19.2,0.0784,6.092
5099,4.1,0.0784,6.43
5100,3.2,0.0784,6.369
5101,11.8,0.0783,6.408
5102,-19.0,0.0783,6.143
5103,8.6,0.0783,6.081
5104,0.5,0.0782,6.064
5105,-3.8,0.0782,5.953
5106,12.8,0.0781,5.966
5107,12.3,0.0781,6.024
5108,1.2,0.0781,5.994
5109,8.5,0.078,6.027
5110,8.1,0.078,6.01
5111,16.1,0.0779,5.973
5112,7.0,0.0779,6.307
5113,6.8,0.0779,6.261
5114,10.2,0.0778,6.25
5115,-2.2,0.0778,6.383
5116,10.0,0.0777,6.383
5117,11.5,0.0777,6.386
5118,-2.0,0.0777,6.356
5119,-7.7,0.0776,6.379
5120,14.5,0.0776,6.457
5121,8.3,0.0776,6.706
5122,12.7,0.0775,6.767
5123,1.9,0.0775,6.827
5124,8.4,0.0774,6.786
5125,13.4,0.0774,6.869
5126,12.7,0.0774,7.025
5127,8.5,0.0773,7.002
5128,7.6,0.0773,6.879
5129,2.0,0.0772,6.93
5130,10.4,0.0772,7.051
5131,16.8,0.0772,7.231
5132,-5.1,0.0771,7.103
5133,13.1,0.0771,7.079
5134,10.4,0.0771,7.06
5135,7.6,0.077,7.233
5136,11.4,0.077,7.268
5137,5.1,0.0769,7.2
5138,6.7,0.0769,7.18
5139,11.4,0.0769,7.279
5140,12.3,0.0768,7.348
5141,7.2,0.0768,7.373
5142,9.3,0.0767,7.384
5143,13.6,0.0767,7.502
5144,-11.4,0.0767,7.288
5145,15.3,0.0766,7.315
5146,-31.7,0.0766,6.895
5147,2.5,0.0766,6.856
5148,7.2,0.0765,6.909
5149,0.5,0.0765,6.829
5150,9.0,0.0764,6.798
5151,-0.1,0.0764,6.769
5152,6.6,0.0764,6.848
5153,-8.0,0.0763,6.688
5154,4.7,0.0763,6.69
5155,-3.0,0.0762,6.55
5156,12.3,0.0762,6.7
5157,4.0,0.0762,6.607
5158,4.9,0.0761,6.624
5159,9.4,0.0761,6.596
5160,6.8,0.0761,6.587
5161,10.5,0.076,6.611
5162,9.1,0.076,6.591
5163,6.3,0.0759,6.514
5164,5.7,0.0759,6.446
5165,15.7,0.0759,6.582
5166,-18.8,0.0758,6.293
5167,5.7,0.0758,6.228
5168,-23.3,0.0758,5.868
5169,0.2,0.0757,5.769
5170,8.0,0.0757,5.715
5171,8.6,0.0756,5.721
5172,4.6,0.0756,5.664
5173,4.6,0.0756,5.642
5174,9.3,0.0755,5.707
5175,12.3,0.0755,5.776
5176,8.5,0.0755,5.779
5177,-15.2,0.0754,5.608
5178,19.3,0.0754,5.714
5179,7.2,0.0753,5.623
5180,-4.4,0.0753,5.513
5181,-1.2,0.0753,5.425
5182,8.9,0.0752,5.36
5183,8.8,0.0752,5.399
5184,15.1,0.0752,5.456
5185,4.6,0.0751,5.352
5186,13.3,0.0751,5.469
5187,3.5,0.075,5.397
5188,16.0,0.075,5.652
5189,12.2,0.075,5.669
5190,-0.6,0.0749,5.676
5191,13.1,0.0749,5.688
5192,-6.4,0.0749,5.535
5193,11.3,0.0748,5.522
5194,15.6,0.0748,5.613
5195,1.8,0.0747,5.569
5196,3.4,0.0747,5.549
5197,12.8,0.0747,5.725
5198,-2.1,0.0746,5.512
5199,5.6,0.0746,5.527
5200,-11.5,0.0746,5.38
5201,12.5,0.0745,5.387
5202,-0.9,0.0745,5.568
5203,5.7,0.0744,5.539
5204,9.5,0.0744,5.629
5205,9.7,0.0744,5.764
5206,-23.4,0.0743,5.402
5207,-2.6,0.0743,5.253
5208,6.6,0.0743,5.307
5209,9.7,0.0742,5.319
5210,4.4,0.0742,5.282
5211,15.8,0.0741,5.279
5212,-12.8,0.0741,5.081
5213,4.3,0.0741,5.056
5214,13.9,0.074,5.093
5215,13.6,0.074,5.251
5216,-7.6,0.074,5.075
5217,7.4,0.0739,5.034
5218,-28.4,0.0739,4.77
5219,-1.4,0.0738,4.833
5220,15.8,0.0738,4.846
5221,15.1,0.0738,4.914
5222,12.1,0.0737,4.908
5223,17.4,0.0737,5.063
5224,15.6,0.0737,5.135
5225,6.4,0.0736,5.065
5226,8.3,0.0736,5.021
5227,5.3,0.0736,4.989
5228,1.9,0.0735,4.932
5229,9.9,0.0735,5.011
5230,17.2,0.0734,5.079
5231,9.5,0.0734,5.006
5232,8.3,0.0734,5.14
5233,11.7,0.0733,5.126
5234,6.0,0.0733,5.082
5235,6.8,0.0733,5.074
5236,1.1,0.0732,4.971
5237,8.1,0.0732,5.001
5238,2.5,0.0732,4.959
5239,3.9,0.0731,4.884
5240,13.7,0.0731,4.898
5241,-0.4,0.073,4.822
5242,0.1,0.073,4.73
5243,12.4,0.073,4.718
5244,-2.5,0.0729,4.807
5245,15.8,0.0729,4.812
5246,4.0,0.0729,5.169
5247,15.5,0.0728,5.299
5248,16.4,0.0728,5.391
5249,15.6,0.0728,5.542
5250,7.5,0.0727,5.527
5251,4.4,0.0727,5.572
5252,14.7,0.0726,5.653
5253,9.4,0.0726,5.827
5254,4.3,0.0726,5.823
5255,9.2,0.0725,5.945
5256,11.7,0.0725,5.939
5257,8.7,0.0725,5.986
5258,16.2,0.0724,6.099
5259,18.7,0.0724,6.192
5260,12.7,0.0724,6.251
5261,12.1,0.0723,6.267
5262,-8.2,0.0723,6.094
5263,-4.9,0.0722,5.982
5264,7.7,0.0722,6.002
5265,10.1,0.0722,5.946
5266,13.9,0.0721,6.273
5267,15.8,0.0721,6.374
5268,11.0,0.0721,6.717
5269,16.8,0.072,6.883
5270,8.0,0.072,6.883
5271,13.5,0.072,6.932
5272,8.7,0.0719,6.973
5273,10.2,0.0719,7.029
5274,-4.0,0.0718,6.896
5275,11.9,0.0718,6.892
5276,4.4,0.0718,6.851
5277,5.9,0.0717,7.062
5278,-8.1,0.0717,6.788
5279,6.2,0.0717,6.778
5280,11.1,0.0716,6.933
5281,-3.5,0.0716,6.91
5282,8.1,0.0716,6.902
5283,8.8,0.0715,6.902
5284,22.7,0.0715,6.978
5285,19.0,0.0715,7.122
5286,12.4,0.0714,7.113
5287,5.3,0.0714,7.131
5288,-4.5,0.0713,6.926
5289,4.6,0.0713,6.85
5290,22.0,0.0713,7.076
5291,4.1,0.0712,6.986
5292,2.0,0.0712,7.07
5293,-0.5,0.0712,6.952
5294,4.0,0.0711,6.836
5295,4.7,0.0711,6.865
5296,8.6,0.0711,6.917
5297,-5.2,0.071,6.737
5298,22.6,0.071,6.984
5299,6.4,0.071,6.992
5300,11.5,0.0709,7.222
5301,-12.4,0.0709,6.973
5302,6.7,0.0709,7.049
5303,18.8,0.0708,7.18
5304,8.8,0.0708,7.173
5305,10.5,0.0707,7.181
5306,16.2,0.0707,7.577
5307,12.1,0.0707,7.724
5308,-3.8,0.0706,7.62
5309,8.0,0.0706,7.603
5310,2.2,0.0706,7.581
5311,9.2,0.0705,7.515
5312,0.7,0.0705,7.65
5313,15.1,0.0705,7.758
5314,15.8,0.0704,7.777
5315,5.6,0.0704,7.697
5316,-12.4,0.0704,7.649
5317,12.0,0.0703,7.695
5318,21.8,0.0703,8.197
5319,-2.2,0.0703,8.189
5320,4.7,0.0702,8.078
5321,2.7,0.0702,7.954
5322,9.1,0.0701,7.924
5323,-0.5,0.0701,7.745
5324,5.8,0.0701,7.647
5325,18.4,0.07,7.767
5326,0.7,0.07,7.691
5327,1.9,0.07,7.657
5328,9.8,0.0699,7.736
5329,-0.5,0.0699,7.632
5330,11.6,0.0699,7.576
5331,10.8,0.0698,7.589
5332,13.1,0.0698,7.637
5333,2.7,0.0698,7.547
5334,12.0,0.0697,7.607
5335,18.9,0.0697,7.728
5336,13.5,0.0697,7.852
5337,15.1,0.0696,7.922
5338,3.5,0.0696,7.932
5339,8.6,0.0696,7.979
5340,12.6,0.0695,7.968
5341,1.7,0.0695,7.989
5342,12.5,0.0695,8.113
5343,7.8,0.0694,8.067
5344,4.1,0.0694,8.133
5345,13.0,0.0693,8.105
5346,7.0,0.0693,8.135
5347,6.7,0.0693,8.047
5348,-28.1,0.0692,7.602
5349,-0.2,0.0692,7.444
5350,12.1,0.0692,7.49
5351,10.7,0.0691,7.553
5352,-5.7,0.0691,7.349
5353,10.6,0.0691,7.361
5354,6.2,0.069,7.38
5355,7.3,0.069,7.361
5356,10.7,0.069,7.351
5357,8.7,0.0689,7.351
5358,15.9,0.0689,7.348
5359,15.7,0.0689,7.318
5360,1.4,0.0688,7.205
5361,11.1,0.0688,7.195
5362,-37.7,0.0688,6.9
5363,12.4,0.0687,7.073
5364,9.3,0.0687,7.089
5365,1.6,0.0687,7.004
5366,-1.5,0.0686,6.85
5367,12.0,0.0686,6.812
5368,5.4,0.0686,6.756
5369,22.3,0.0685,6.811
5370,12.8,0.0685,6.859
5371,16.0,0.0685,6.884
5372,8.2,0.0684,6.879
5373,-2.5,0.0684,6.752
5374,12.1,0.0683,6.913
5375,16.0,0.0683,6.954
5376,15.0,0.0683,7.06
5377,13.0,0.0682,7.131
5378,2.4,0.0682,7.236
5379,6.1,0.0682,7.235
5380,1.3,0.0681,7.137
5381,1.0,0.0681,7.182
5382,11.3,0.0681,7.214
5383,9.3,0.068,7.219
5384,8.4,0.068,7.076
5385,13.2,0.068,7.018
5386,3.1,0.0679,6.925
5387,13.9,0.0679,7.011
5388,15.3,0.0679,7.209
5389,7.6,0.0678,7.239
5390,12.8,0.0678,7.147
5391,11.3,0.0678,7.219
5392,10.0,0.0677,7.299
5393,9.3,0.0677,7.397
5394,7.7,0.0677,7.434
5395,-18.8,0.0676,7.199
5396,-8.6,0.0676,7.027
5397,0.5,0.0676,7.084
5398,1.7,0.0675,6.875
5399,11.9,0.0675,6.93
5400,4.5,0.0675,6.86
5401,22.4,0.0674,7.208
5402,8.3,0.0674,7.224
5403,9.0,0.0674,7.126
5404,11.5,0.0673,7.153
5405,-9.6,0.0673,6.952
5406,6.2,0.0673,6.852
5407,6.8,0.0672,6.799
5408,2.0,0.0672,6.857
5409,11.2,0.0672,6.889
5410,3.3,0.0671,6.9
5411,8.5,0.0671,6.893
5412,4.7,0.0671,6.933
5413,12.5,0.067,6.907
5414,9.8,0.067,6.847
5415,-9.0,0.067,6.701
5416,3.9,0.0669,6.864
5417,-45.4,0.0669,6.29
5418,10.0,0.0669,6.172
5419,8.7,0.0668,6.281
5420,-10.4,0.0668,6.13
5421,3.0,0.0668,6.133
5422,16.6,0.0667,6.208
5423,18.6,0.0667,6.399
5424,9.4,0.0667,6.435
5425,16.0,0.0666,6.411
5426,4.4,0.0666,6.448
5427,4.9,0.0666,6.478
5428,9.7,0.0665,6.477
5429,11.0,0.0665,6.592
5430,-6.5,0.0665,6.411
5431,8.7,0.0664,6.39
5432,-4.7,0.0664,6.212
5433,3.9,0.0664,6.224
5434,15.1,0.0663,6.255
5435,8.0,0.0663,6.146
5436,9.7,0.0663,6.108
5437,3.5,0.0662,5.992
5438,11.7,0.0662,6.074
5439,7.3,0.0662,6.061
5440,0.6,0.0661,5.941
5441,9.7,0.0661,6.021
5442,18.5,0.0661,6.081
5443,13.9,0.066,6.142
5444,7.7,0.066,6.178
5445,11.4,0.066,6.162
5446,-1.5,0.0659,6.077
5447,19.3,0.0659,6.203
5448,4.6,0.0659,6.53
5449,10.1,0.0658,6.633
5450,18.6,0.0658,6.698
5451,12.9,0.0658,6.72
5452,11.8,0.0657,6.895
5453,-0.5,0.0657,6.784
5454,4.6,0.0657,6.768
5455,6.6,0.0656,6.761
5456,-0.8,0.0656,6.646
5457,13.0,0.0656,6.689
5458,1.8,0.0655,6.548
5459,11.2,0.0655,6.503
5460,11.0,0.0655,6.599
5461,3.8,0.0654,6.526
5462,8.2,0.0654,6.985
5463,18.6,0.0654,7.047
5464,12.9,0.0653,7.083
5465,-14.7,0.0653,6.92
5466,7.7,0.0653,7.012
5467,16.5,0.0652,7.057
5468,-8.5,0.0652,6.918
5469,5.9,0.0652,6.754
5470,2.2,0.0651,6.648
5471,8.7,0.0651,6.575
5472,9.4,0.0651,6.587
5473,8.2,0.0651,6.694
5474,3.9,0.065,6.612
5475,-6.1,0.065,6.391
5476,3.5,0.065,6.276
5477,9.0,0.0649,6.236
5478,4.9,0.0649,6.261
5479,3.8,0.0649,6.238
5480,4.5,0.0648,6.27
5481,2.3,0.0648,6.283
5482,7.9,0.0648,6.249
5483,20.9,0.0647,6.365
5484,5.4,0.0647,6.335
5485,7.0,0.0647,6.273
5486,9.7,0.0646,6.339
5487,8.2,0.0646,6.282
5488,4.1,0.0646,6.17
5489,15.6,0.0645,6.25
5490,8.8,0.0645,6.21
5491,2.8,0.0645,6.125
5492,4.4,0.0644,6.069
5493,13.0,0.0644,6.106
5494,10.9,0.0644,6.138
5495,10.7,0.0643,6.433
5496,6.2,0.0643,6.581
5497,5.3,0.0643,6.629
5498,-22.4,0.0642,6.388
5499,8.4,0.0642,6.353
5500,4.9,0.0642,6.357
5501,12.8,0.0641,6.261
5502,-7.8,0.0641,6.1
5503,12.1,0.0641,6.131
5504,16.2,0.0641,6.178
5505,-0.0,0.064,6.274
5506,20.2,0.064,6.414
5507,12.6,0.064,6.472
5508,2.4,0.0639,6.476
5509,-9.5,0.0639,6.269
5510,12.6,0.0639,6.362
5511,15.2,0.0638,6.429
5512,16.4,0.0638,6.546
5513,8.8,0.0638,6.509
5514,4.5,0.0637,6.456
5515,13.8,0.0637,6.684
5516,0.1,0.0637,6.646
5517,8.3,0.0636,7.183
5518,4.8,0.0636,7.131
5519,5.0,0.0636,7.094
5520,8.5,0.0635,7.283
5521,7.2,0.0635,7.325
5522,3.0,0.0635,7.189
5523,14.7,0.0634,7.15
5524,11.9,0.0634,7.175
5525,7.8,0.0634,7.093
5526,9.4,0.0634,7.143
5527,9.2,0.0633,7.186
5528,11.2,0.0633,7.201
5529,2.0,0.0633,7.111
5530,3.6,0.0632,7.212
5531,16.9,0.0632,7.294
5532,4.8,0.0632,7.389
5533,8.2,0.0631,7.432
5534,-11.3,0.0631,7.168
5535,8.5,0.0631,7.173
5536,13.3,0.063,7.209
5537,3.2,0.063,7.206
5538,11.1,0.063,7.2
5539,9.6,0.0629,7.223
5540,7.0,0.0629,7.287
5541,10.2,0.0629,7.292
5542,15.4,0.0628,7.261
5543,8.2,0.0628,7.204
5544,5.7,0.0628,7.184
5545,-0.4,0.0628,7.066
5546,-3.5,0.0627,7.046
5547,8.0,0.0627,6.933
5548,4.6,0.0627,6.933
5549,11.7,0.0626,6.949
5550,7.5,0.0626,6.838
5551,13.1,0.0626,6.84
5552,6.1,0.0625,6.783
5553,16.7,0.0625,6.955
5554,-1.5,0.0625,6.894
5555,19.4,0.0624,7.022
5556,4.9,0.0624,7.079
5557,6.6,0.0624,7.015
5558,4.8,0.0623,7.045
5559,-9.1,0.0623,6.842
5560,1.8,0.0623,6.75
5561,0.1,0.0623,6.713
5562,12.8,0.0622,6.759
5563,3.1,0.0622,6.604
5564,-1.3,0.0622,6.462
5565,12.4,0.0621,6.733
5566,4.7,0.0621,6.703
5567,4.8,0.0621,6.586
5568,2.8,0.062,6.699
5569,13.4,0.062,6.774
5570,19.6,0.062,6.948
5571,8.1,0.0619,6.942
5572,4.0,0.0619,6.888
5573,16.4,0.0619,6.97
5574,2.1,0.0619,6.952
5575,3.2,0.0618,7.045
5576,9.7,0.0618,7.107
5577,16.1,0.0618,7.178
5578,3.5,0.0617,7.164
5579,8.6,0.0617,7.212
5580,1.3,0.0617,7.18
5581,13.5,0.0616,7.292
5582,7.9,0.0616,7.292
5583,5.8,0.0616,7.141
5584,9.8,0.0615,7.185
5585,6.4,0.0615,7.179
5586,8.5,0.0615,7.167
5587,5.3,0.0615,7.138
5588,16.3,0.0614,7.26
5589,12.8,0.0614,7.232
5590,4.7,0.0614,7.191
5591,6.4,0.0613,7.227
5592,16.4,0.0613,7.347
5593,4.0,0.0613,7.257
5594,6.8,0.0612,7.216
5595,15.8,0.0612,7.267
5596,-11.4,0.0612,7.091
5597,12.3,0.0611,7.161
5598,8.4,0.0611,7.469
5599,7.0,0.0611,7.455
5600,8.4,0.0611,7.49
5601,-8.5,0.061,7.277
5602,3.1,0.061,7.386
5603,9.6,0.061,7.361
5604,10.5,0.0609,7.304
5605,10.1,0.0609,7.405
5606,-0.7,0.0609,7.196
5607,11.7,0.0608,7.187
5608,1.9,0.0608,7.182
5609,15.5,0.0608,7.432
5610,-3.8,0.0608,7.268
5611,-0.2,0.0607,7.114
5612,8.3,0.0607,7.033
5613,11.9,0.0607,7.064
5614,15.5,0.0606,7.174
5615,12.3,0.0606,7.159
5616,6.9,0.0606,7.227
5617,10.5,0.0605,7.249
5618,10.6,0.0605,7.307
5619,8.9,0.0605,7.346
5620,6.5,0.0604,7.326
5621,3.6,0.0604,7.29
5622,11.9,0.0604,7.379
5623,9.0,0.0604,7.322
5624,12.4,0.0603,7.327
5625,15.4,0.0603,7.403
5626,4.4,0.0603,7.353
5627,6.6,0.0602,7.327
5628,4.4,0.0602,7.259
5629,18.8,0.0602,7.427
5630,0.0,0.0601,7.391
5631,0.3,0.0601,7.225
5632,3.6,0.0601,7.213
5633,12.1,0.0601,7.252
5634,0.8,0.06,7.373
5635,15.8,0.06,7.446
5636,8.2,0.06,7.395
5637,12.3,0.0599,7.486
5638,6.5,0.0599,7.44
5639,16.3,0.0599,7.507
5640,9.0,0.0598,7.527
5641,4.0,0.0598,7.465
5642,7.3,0.0598,7.384
5643,1.9,0.0598,7.321
5644,19.5,0.0597,7.459
5645,7.3,0.0597,7.536
5646,10.4,0.0597,7.675
5647,6.3,0.0596,7.658
5648,15.9,0.0596,7.771
5649,3.4,0.0596,7.688
5650,9.9,0.0595,7.712
5651,6.8,0.0595,7.649
5652,18.7,0.0595,7.775
5653,1.2,0.0595,7.62
5654,15.6,0.0594,7.791
5655,4.2,0.0594,7.639
5656,17.1,0.0594,7.761
5657,5.1,0.0593,7.746
5658,8.8,0.0593,7.786
5659,9.9,0.0593,7.976
5660,9.6,0.0593,8.054
5661,16.0,0.0592,8.213
5662,12.5,0.0592,8.21
5663,4.2,0.0592,8.221
5664,4.3,0.0591,8.277
5665,9.5,0.0591,8.248
5666,12.0,0.0591,8.321
5667,18.5,0.059,8.458
5668,15.5,0.059,8.585
5669,4.8,0.059,8.499
5670,7.6,0.059,8.379
5671,3.2,0.0589,8.33
5672,9.8,0.0589,8.388
5673,6.0,0.0589,8.284
5674,-3.0,0.0588,8.233
5675,6.2,0.0588,8.263
5676,9.1,0.0588,8.257
5677,5.4,0.0588,8.15
5678,0.0,0.0587,8.115
5679,3.6,0.0587,8.065
5680,3.3,0.0587,8.085
5681,4.9,0.0586,7.999
5682,16.5,0.0586,8.085
5683,4.5,0.0586,8.072
5684,2.0,0.0585,7.994
5685,12.6,0.0585,8.056
5686,-6.8,0.0585,7.903
5687,9.1,0.0585,7.941
5688,8.9,0.0584,7.867
5689,19.3,0.0584,7.932
5690,0.6,0.0584,7.891
5691,-1.9,0.0583,7.808
5692,-1.6,0.0583,7.628
5693,1.5,0.0583,7.603
5694,17.8,0.0583,7.713
5695,13.0,0.0582,7.685
5696,-17.9,0.0582,7.62
5697,4.6,0.0582,7.543
5698,14.2,0.0581,7.601
5699,12.4,0.0581,7.655
5700,8.5,0.0581,7.656
5701,-14.0,0.0581,7.601
5702,4.3,0.058,7.613
5703,5.0,0.058,7.567
5704,6.6,0.058,7.528
5705,6.0,0.0579,7.487
5706,9.7,0.0579,7.591
5707,16.8,0.0579,7.642
5708,7.3,0.0578,7.696
5709,14.6,0.0578,7.687
5710,3.6,0.0578,7.761
5711,8.0,0.0578,7.843
5712,9.8,0.0577,7.858
5713,16.6,0.0577,7.905
5714,8.4,0.0577,7.834
5715,3.8,0.0576,7.749
5716,-2.7,0.0576,7.653
5717,12.6,0.0576,7.674
5718,10.0,0.0576,7.668
5719,-6.8,0.0575,7.511
5720,8.4,0.0575,7.53
5721,8.1,0.0575,7.575
5722,0.9,0.0574,7.465
5723,-0.8,0.0574,7.367
5724,2.6,0.0574,7.269
5725,6.4,0.0574,7.179
5726,6.3,0.0573,7.198
5727,9.5,0.0573,7.227
5728,15.1,0.0573,7.334
5729,5.1,0.0572,7.197
5730,10.1,0.0572,7.298
5731,-0.9,0.0572,7.286
5732,5.3,0.0572,7.303
5733,-9.3,0.0571,7.089
5734,10.4,0.0571,7.185
5735,13.6,0.0571,7.163
5736,5.4,0.057,7.135
5737,8.7,0.057,7.099
5738,18.6,0.057,7.22
5739,6.0,0.057,7.117
5740,12.8,0.0569,7.155
5741,2.4,0.0569,7.139
5742,5.3,0.0569,7.119
5743,-5.4,0.0568,7.046
5744,12.4,0.0568,6.975
5745,9.6,0.0568,6.998
5746,11.6,0.0568,7.01
5747,12.6,0.0567,7.073
5748,8.6,0.0567,7.0
5749,5.7,0.0567,7.023
5750,3.6,0.0566,6.96
5751,5.3,0.0566,6.945
5752,9.7,0.0566,6.855
5753,1.8,0.0566,6.861
5754,11.5,0.0565,6.82
5755,12.1,0.0565,6.899
5756,1.3,0.0565,6.741
5757,12.4,0.0565,6.814
5758,13.2,0.0564,6.858
5759,4.7,0.0564,6.806
5760,-9.4,0.0564,6.616
5761,15.5,0.0563,6.611
5762,10.1,0.0563,6.587
5763,19.0,0.0563,6.735
5764,6.9,0.0563,6.761
5765,20.2,0.0562,6.868
5766,18.5,0.0562,6.933
5767,4.4,0.0562,6.792
5768,11.5,0.0561,6.752
5769,6.1,0.0561,6.765
5770,10.0,0.0561,6.789
5771,-0.4,0.0561,6.753
5772,12.5,0.056,6.78
5773,19.7,0.056,6.917
5774,9.5,0.056,7.042
5775,5.3,0.0559,7.033
5776,8.5,0.0559,7.027
5777,9.1,0.0559,7.064
5778,2.2,0.0559,7.086
5779,9.4,0.0558,7.144
5780,7.7,0.0558,7.188
5781,13.2,0.0558,7.271
5782,1.5,0.0558,7.121
5783,12.6,0.0557,7.202
5784,9.7,0.0557,7.279
5785,9.7,0.0557,7.25
5786,10.2,0.0556,7.42
5787,18.7,0.0556,7.516
5788,2.3,0.0556,7.45
5789,4.0,0.0556,7.297
5790,11.3,0.0555,7.404
5791,12.4,0.0555,7.547
5792,2.4,0.0555,7.587
5793,15.8,0.0554,7.73
5794,3.0,0.0554,7.582
5795,7.1,0.0554,7.523
5796,1.8,0.0554,7.72
5797,15.8,0.0553,7.832
5798,15.9,0.0553,7.849
5799,2.9,0.0553,7.754
5800,3.2,0.0553,7.701
5801,18.9,0.0552,8.03
5802,13.1,0.0552,8.118
5803,21.9,0.0552,8.287
5804,-6.8,0.0551,8.153
5805,4.3,0.0551,8.136
5806,-6.7,0.0551,7.972
5807,7.8,0.0551,7.882
5808,18.5,0.055,7.994
5809,7.3,0.055,7.921
5810,5.7,0.055,7.942
5811,7.4,0.0549,7.936
5812,8.6,0.0549,7.924
5813,1.9,0.0549,7.777
5814,5.6,0.0549,7.749
5815,13.1,0.0548,7.842
5816,5.7,0.0548,7.926
5817,12.6,0.0548,7.926
5818,0.2,0.0548,7.828
5819,4.1,0.0547,7.937
5820,-1.0,0.0547,7.843
5821,9.2,0.0547,7.854
5822,10.9,0.0546,7.954
5823,-0.4,0.0546,7.958
5824,13.2,0.0546,8.064
5825,-3.2,0.0546,7.968
5826,8.5,0.0545,7.99
5827,3.9,0.0545,7.934
5828,4.2,0.0545,7.825
5829,15.6,0.0545,7.93
5830,10.8,0.0544,7.937
5831,12.4,0.0544,8.07
5832,5.5,0.0544,8.072
5833,6.6,0.0543,8.231
5834,11.9,0.0543,8.246
5835,3.8,0.0543,8.148
5836,11.5,0.0543,8.209
5837,4.7,0.0542,8.169
5838,12.5,0.0542,8.108
5839,-8.0,0.0542,7.968
5840,12.3,0.0542,7.963
5841,9.9,0.0541,8.038
5842,13.8,0.0541,8.123
5843,18.6,0.0541,8.363
5844,11.4,0.0541,8.353
5845,-7.7,0.054,8.18
5846,7.3,0.054,8.137
5847,9.8,0.054,8.109
5848,-2.3,0.0539,8.0
5849,4.6,0.0539,7.989
5850,15.5,0.0539,8.108
5851,6.0,0.0539,8.115
5852,9.2,0.0538,8.11
5853,5.9,0.0538,8.151
5854,13.8,0.0538,8.174
5855,13.7,0.0538,8.19
5856,21.6,0.0537,8.393
5857,-0.5,0.0537,8.264
5858,3.8,0.0537,8.17
5859,12.4,0.0536,8.247
5860,11.4,0.0536,8.455
5861,9.2,0.0536,8.392
5862,6.0,0.0536,8.351
5863,9.4,0.0535,8.255
5864,9.1,0.0535,8.277
5865,-2.7,0.0535,8.048
5866,11.9,0.0535,7.982
5867,5.5,0.0534,7.993
5868,12.6,0.0534,8.004
5869,7.3,0.0534,8.016
5870,7.6,0.0534,7.992
5871,-7.5,0.0533,7.921
5872,6.3,0.0533,7.859
5873,21.1,0.0533,7.873
5874,11.4,0.0532,7.892
5875,11.1,0.0532,7.95
5876,-16.0,0.0532,7.705
5877,-0.6,0.0532,7.608
5878,11.3,0.0531,7.699
5879,-3.6,0.0531,7.569
5880,8.1,0.0531,7.573
5881,13.8,0.0531,7.579
5882,0.5,0.053,7.569
5883,6.4,0.053,7.507
5884,8.9,0.053,7.499
5885,1.7,0.053,7.419
5886,5.2,0.0529,7.369
5887,19.6,0.0529,7.378
5888,19.0,0.0529,7.545
5889,19.6,0.0528,7.701
5890,16.3,0.0528,7.751
5891,10.1,0.0528,7.728
5892,7.5,0.0528,7.779
5893,4.7,0.0527,7.668
5894,11.6,0.0527,7.754
5895,9.8,0.0527,7.781
5896,15.2,0.0527,7.915
5897,12.2,0.0526,7.879
5898,19.3,0.0526,7.913
5899,4.2,0.0526,7.926
5900,6.1,0.0526,7.955
5901,-6.8,0.0525,7.698
5902,18.8,0.0525,7.755
5903,16.7,0.0525,7.703
5904,18.3,0.0525,7.954
5905,12.2,0.0524,8.033
5906,12.0,0.0524,8.22
5907,-2.4,0.0524,8.118
5908,-0.7,0.0524,7.926
5909,5.8,0.0523,7.911
5910,-1.1,0.0523,7.843
5911,12.3,0.0523,7.892
5912,11.6,0.0522,7.922
5913,1.8,0.0522,7.921
5914,11.2,0.0522,7.977
5915,8.0,0.0522,7.926
5916,-3.1,0.0521,7.838
5917,7.1,0.0521,7.783
5918,10.9,0.0521,7.89
5919,8.2,0.0521,7.931
5920,3.1,0.052,7.972
5921,-8.8,0.052,7.792
5922,16.1,0.052,7.844
5923,7.2,0.052,7.92
5924,5.8,0.0519,7.846
5925,2.1,0.0519,7.899
5926,5.6,0.0519,7.87
5927,-3.3,0.0519,7.798
5928,14.1,0.0518,7.897
5929,7.4,0.0518,7.815
5930,13.4,0.0518,7.841
5931,9.2,0.0518,7.809
5932,-3.2,0.0517,7.722
5933,11.9,0.0517,7.775
5934,-3.1,0.0517,7.625
5935,0.4,0.0516,7.591
5936,12.5,0.0516,7.601
5937,-1.2,0.0516,7.542
5938,4.0,0.0516,7.457
5939,-14.8,0.0515,7.389
5940,-1.9,0.0515,7.247
5941,10.2,0.0515,7.25
5942,14.6,0.0515,7.258
5943,2.7,0.0514,7.099
5944,5.0,0.0514,7.035
5945,12.6,0.0514,7.238
5946,8.3,0.0514,7.248
5947,15.2,0.0513,7.302
5948,-5.5,0.0513,7.27
5949,8.2,0.0513,7.306
5950,15.8,0.0513,7.309
5951,19.2,0.0512,7.441
5952,11.9,0.0512,7.468
5953,0.2,0.0512,7.411
5954,11.7,0.0512,7.39
5955,12.2,0.0511,7.375
5956,10.7,0.0511,7.266
5957,11.4,0.0511,7.385
5958,2.6,0.0511,7.373
5959,1.2,0.051,7.261
5960,12.0,0.051,7.267
5961,9.6,0.051,7.271
5962,7.6,0.051,7.287
5963,6.6,0.0509,7.259
5964,13.0,0.0509,7.298
5965,12.6,0.0509,7.451
5966,11.6,0.0509,7.448
5967,-1.1,0.0508,7.382
5968,5.0,0.0508,7.306
5969,4.9,0.0508,7.282
5970,9.6,0.0508,7.302
5971,-1.0,0.0507,7.367
5972,-11.4,0.0507,7.19
5973,13.2,0.0507,7.111
5974,-4.1,0.0507,6.956
5975,15.8,0.0506,7.003
5976,9.3,0.0506,7.256
5977,4.8,0.0506,7.31
5978,9.7,0.0506,7.294
5979,0.7,0.0505,7.337
5980,1.0,0.0505,7.266
5981,1.4,0.0505,7.142
5982,2.6,0.0505,7.163
5983,5.4,0.0504,7.153
5984,13.5,0.0504,7.199
5985,4.2,0.0504,7.224
5986,8.6,0.0504,7.258
5987,12.4,0.0503,7.186
5988,-2.0,0.0503,6.976
5989,12.0,0.0503,6.9
5990,8.6,0.0503,6.823
5991,12.0,0.0502,6.842
5992,10.5,0.0502,6.872
5993,19.8,0.0502,7.023
5994,2.5,0.0502,6.932
5995,6.1,0.0501,6.895
5996,8.6,0.0501,6.829
5997,7.4,0.0501,6.781
5998,19.7,0.05,6.785
5999,-0.9,0.05,6.734
6000,-8.4,0.05,6.589
